name,address,city,state,neighborhood,category,google_place_id,phone,website
"Alam Restaurant","Alam, 356 Coventry Rd, Small Heath, Birmingham B10 0XE, UK",Birmingham,AL,"Small Heath",dining,ChIJW180Yee7cEgR72Ggz_PeMj8,,
"Lin's Grand Buffet","3955 E Baseline Rd, Phoenix, AZ 85042, USA",Phoenix,AZ,"South Mountain Village",dining,ChIJRx-B1X4PK4cR34zpKvlJ9OY,,
"Ahuevo Cafe","9205 W Van Buren St, Tolleson, AZ 85353, USA",Tolleson,AZ,,dining,ChIJY4d68WI_K4cRUsEnYzVZGwM,,
Hiroshi,"328 Main St, Los Altos, CA 94022, USA","Los Altos",CA,"North Los Altos",dining,ChIJpdg90O-wj4ARHsvrk65jirE,,http://www.hiroshi328.com/
"APL BBQ","822 Washington Blvd, Venice, CA 90292, USA","Los Angeles",CA,Venice,dining,ChIJJTghA1jbwoAR7wIqBD1m7Lg,,
"Casa Vega","13301 Ventura Blvd, Sherman Oaks, CA 91423, USA","Los Angeles",CA,"Sherman Oaks",dining,ChIJv-IVTyeWwoARsFmBgl_RdX8,,
"Omelet House","66 El Camino Real, San Carlos, CA 94070, USA","San Diego",CA,,dining,ChIJdZoIwf-hj4ARpQPLV1DzsGM,,
"Omelette House","66 El Camino Real, San Carlos, CA 94070, USA","San Diego",CA,,dining,ChIJdZoIwf-hj4ARpQPLV1DzsGM,,
"TK's Surf and Turf","10890 E Dartmouth Ave #13, Denver, CO 80014, USA",Denver,CO,Southeast,dining,ChIJAeRMzcSHbIcRBE_LkS2gX2c,,https://www.tkssurfandturfkitchen.com/
"The Works","2625 Kipling St, Wheat Ridge, CO 80215, USA",Denver,CO,,dining,ChIJK8qxy0uHa4cRd05pyejJsqw,,https://thewerkscolorado.com/
"Frank Pepe Pizzeria","157 Wooster St, New Haven, CT 06511, USA","New Haven",CT,,dining,ChIJa0gEhDTY54kR-kUbCu9eH3k,,https://pepespizzeria.com/
"Sally's Apizza","237 Wooster St, New Haven, CT 06511, USA","New Haven",CT,,dining,ChIJTyJZBzXY54kRd4BObqE0oO0,,https://www.sallysapizza.com/
Kouzina,"223 Main St, Stamford, CT 06901, USA",Stamford,CT,,dining,ChIJGYtG-4yhwokRYR5VZ3IbXPY,,http://kouzinataverna.com/
"Shaking Crab","1255 Fordham Dr #120, Virginia Beach, VA 23464, USA",Washington,DC,,dining,ChIJMS5WKnS-uokRTag54QKJuJc,,https://shakingcrabtogo.com/
"Italian restaurant","1063 Wisconsin Ave NW, Washington, DC 20007, USA","Washington, DC",DC,,dining,ChIJPTqF_Uu2t4kR9o9RyZkZPWA,,http://www.filomena.com/
drift,"3793 NE Ocean Blvd, Jensen Beach, FL 34957, USA","Hutchinson Island",FL,,dining,ChIJVVUV2ynn3ogRxPqwOPFgZPg,,https://www.opalcollection.com/hutchinson-shores/restaurants/drift/?utm_source=google&utm_medium=listing&utm_campaign=opal+hutchinson+shores+resort+drift+kitchen+and+bar
"Kaikai Farm","8006 SW Kanner Hwy, Indiantown, FL 34956, USA",Indiantown,FL,,dining,ChIJoRIjlvzF3ogRT5ItQsB3QN4,,http://www.kaikaifarm.com/
"Ball and Chain","1513 SW 8th St, Miami, FL 33135, USA","Little Havana",FL,,dining,ChIJe4rXvvC22YgRpjGQg1PlJmM,,https://ballandchainmiami.com/
"Café Bastille","248 SE 1st St, Miami, FL 33131, USA",Miami,FL,"Downtown Miami",dining,ChIJG2-9xp222YgRJ_Dqby74tmg,,
"Tropezón","512 Española Wy, Miami Beach, FL 33139, USA",Miami,FL,"South Beach",dining,ChIJc4mfwJC12YgRp-xmikc1zf4,,
Macchialina,"820 Alton Rd, Miami Beach, FL 33139, USA","Miami Beach",FL,"South Beach",dining,ChIJIUhk5oq02YgRsQu7AiC8UQU,,
"Strawberry Moon","601 Washington Ave, Miami Beach, FL 33139, USA","Miami Beach",FL,"South Beach",dining,ChIJF3NeVx612YgRRf7_Hl01YR0,,
"Lovely’s","1806 NW 183rd St, Miami Gardens, FL 33056, USA","Miami Gardens",FL,,dining,ChIJ89g5r1Su2YgRLGPMRbnvipE,,https://flow.page/lovelysurbanfusion
"Twenty Pho Hour","11951 International Dr B-2, Orlando, FL 32821, USA",Orlando,FL,,dining,ChIJ6UE24r-B3YgRfniKYNRBAtA,,http://twenty-pho-hour.com/orlando
"Moe's","85 5th St NW, Atlanta, GA 30332, USA",Atlanta,GA,"Midtown Atlanta",dining,ChIJi6R47GYE9YgREuoy0aD94Us,,https://locations.moes.com/ga/atlanta/85-5th-st-nw?utm_source=google&utm_medium=organic&utm_campaign=locations_partner
"Paradox Lounge","1059 Virginia Ave, Indianapolis, IN 46203, USA",Atlanta,GA,"Fountain Square",nightlife,ChIJf-8Rdqdba4gROFUjl2cuWEM,,http://www.theparadoxlounge.com/
"International Kabab House","6045 Memorial Dr suite 15, Stone Mountain, GA 30083, USA","Stone Mountain",GA,,dining,ChIJk2NzH1yp9YgRb_GF15g0yvI,,https://platerate.com/restaurant/international-kabab-house-stone-mountain-ga
"Black Shamrock Tavern","902 Nuuanu Ave, Honolulu, HI 96817, USA",Honolulu,HI,,dining,ChIJVYfD9MtvAHwR1H-Gz8gN0bQ,,http://www.blackshamrocktavern.com/
"Ground Level Lounge","1538 Makaloa St, Honolulu, HI 96814, USA",Honolulu,HI,,nightlife,ChIJHf74QThtAHwRyBvxqi6kLIc,,https://hawaiihookahlounge.com/
"HANGRY CLUCK","7759 S Cicero Ave, Chicago, IL 60652, USA",Chicago,IL,Scottsdale,dining,ChIJ3drYhdQxDogRCGErVG9r_5c,,
Prova,"1523 W Chicago Ave, Chicago, IL 60642, USA",Chicago,IL,"West Town",dining,ChIJseVXOfHTD4gRZ3f6t3Gmkok,,
"Osteria Francescana","Via Stella, 22, 41121 Modena MO, Italy",Modena,Italy,,dining,ChIJf_Es1BLvf0cRXen4-JhzYBk,,http://www.osteriafrancescana.it/
"Shirafù Kirchberg","Centre commercial Auchan, 5 Rue Alphonse Weicker, 2721 Kirchberg Luxembourg",Luxembourg,L-2721,Kirchberg,dining,ChIJpXY2XgFPlUcRI8PZ6tuaa3U,,https://www.shirafu-auchan.lu/
"Pauli’s","65 Salem St, Boston, MA 02113, USA",Boston,MA,"North End",dining,ChIJY2a5LY9w44kRZxA0x_pkyk0,,
"Student Prince","8 Fort St, Springfield, MA 01103, USA",Springfield,MA,,dining,ChIJJUcrUN7m5okRZC_gZEOtNhU,,http://www.studentprince.com/
MDRD,"187 Monroe Ave NW 27th Floor, Grand Rapids, MI 49503, USA","Grand Rapids",MI,,dining,ChIJVVUVXsWtGYgRQJLhFcH7cZI,,http://www.amwaygrand.com/dining/mdrd
"Hookah Lounge","6608 Delmar Blvd, University City, MO 63130, USA","St. Louis",MO,"Delmar Loop",nightlife,ChIJOULSgOg134cRcaKjkVa5I8s,,
"3BK Dubai","Level 3, Armani Hotel Dubai - برج خليفة - بوليفارد الشيخ محمد بن راشد - برج خليفة - دبي - United Arab Emirates",Dubai,N/A,"برج خليفة",dining,ChIJUUpqvgVDXz4RgVl27UZC1ko,,
"やおきパン","1-chōme-30-7 Hakozaki, Higashi Ward, Fukuoka, 812-0053, Japan",Fukuoka,N/A,30,dining,ChIJc6MV5DCOQTUR7HFfJ00Dy-0,,
"やぐら","2-chōme-9-28 Hakata Ekimae, Hakata Ward, Fukuoka, 812-0011, Japan",Fukuoka,N/A,9,dining,ChIJQYD8nsCRQTURzbltVHxeIig,,https://japoncompany.business/fukuoka/540787-yagura
"今屋のハンバーガー","Japan, 〒810-0061 Fukuoka, Chuo Ward, Minato, 3-chōme−9−５ 西公園 東側駐車場",Fukuoka,N/A,9,dining,ChIJkyBo5jmSQTURI-qh-PngAKk,,https://imayahamburger.com/
"Bob’s Diner","Jalapa 110, Roma Nte., Cuauhtémoc, 06700 Ciudad de México, CDMX, Mexico","Mexico City",N/A,"Roma Norte",dining,ChIJJ-XsCIH_0YUR46SZFJsuzsU,"55 5499 7643",https://boboburgers.mx/
"Cardinal Casa de Café","Córdoba 132, Roma Nte., Cuauhtémoc, 06100 Ciudad de México, CDMX, Mexico","Mexico City",N/A,"Roma Norte",dining,ChIJ05Z2Hzv_0YURcUimdYlMwkM,,
"Citizen Rooftop","297 Avenue, Av. P.º de la Reforma 297-Piso 38, Cuauhtémoc, 06500 Ciudad de México, CDMX, Mexico","Mexico City",N/A,"Cuauhtémoc",nightlife,ChIJT5PlRbD_0YURaPb_zwAOteo,"",https://www.sofitel-mexico-city.com/restaurants/cityzen-rooftop/
"Expendio de Maíz","Av. Yucatán 84, Roma Nte., Cuauhtémoc, 06700 Ciudad de México, CDMX, Mexico","Mexico City",N/A,"Roma Norte",dining,ChIJUYDQNgL_0YURYhvNnCzntYY,"",https://instagram.com/exp_maiz
"Handshake Speakeasy","C. Amberes 65, Juárez, Cuauhtémoc, 06600 Ciudad de México, CDMX, Mexico","Mexico City",N/A,"Juárez",nightlife,ChIJU_vg0kID0oUR37k2I3XazcM,"",http://www.handshake.bar/
"La Gruta","Centro, C. Ignacio Mariscal 7, Tabacalera, Cuauhtémoc, 06030 Ciudad de México, CDMX, Mexico","Mexico City",N/A,Tabacalera,dining,ChIJV708PtT40YUR3Z_8ufYV-IM,"",""
"Panadería Rosetta","Colima 179, Roma Nte., Cuauhtémoc, 06700 Ciudad de México, CDMX, Mexico","Mexico City",N/A,"Roma Norte",dining,ChIJ-_GNczr_0YURLJgHYS8ZPMg,"55 5207 2976",""
"Tacos El Don","Boulevard cataratas, sin número esquina, Llanura, Jardines del Pedregal de San Ángel, Coyoacán, 04500 Ciudad de México, CDMX, Mexico","Mexico City",N/A,"Jardines del Pedregal de San Ángel",dining,ChIJddSaKtf_zYUR8qDT5FWydd8,,
"Piazza di Roma","1178 NJ-34, Aberdeen Township, NJ 07747, USA",Aberdeen,NJ,Strathmore,dining,ChIJF7xK3tXMw4kRMrkF_n8mpZM,,https://www.piazzadiroma.com/
"Limoncello at Piazza di Roma","1178 NJ-34, Aberdeen Township, NJ 07747, USA","Aberdeen Township",NJ,Strathmore,dining,ChIJCWFvqkfNw4kRUOETqX2NhaQ,"(732) 583-3565",https://www.piazzadiroma.com/limoncello
"Heirloom Kitchen","408 7th Ave, Asbury Park, NJ 07712, USA","Asbury Park",NJ,,dining,ChIJFRmioaInwokRn0Ep1ZZGJ7U,,https://thestlaurent.com/
"The Saint Laurent Social Club","408 7th Ave, Asbury Park, NJ 07712, USA","Asbury Park",NJ,,lounge,ChIJER1uTFMnwokRVBSZvZKeSwU,,http://www.thestlaurent.com/
"Habeebi’s Soul Food","218 N South Carolina Ave, Atlantic City, NJ 08401, USA","Atlantic City",NJ,,dining,ChIJN_xE9kfuwIkRJK3B57MCyuM,,https://instagram.com/habeebis.ac?igshid=NGVhN2U2NjQ0Yg==&utm_source=qr
"Kelsey’s Soul Food AC","1545 Pacific Ave, Atlantic City, NJ 08401, USA","Atlantic City",NJ,,dining,ChIJIRFhgUDuwIkRayrowhqvwkU,,http://www.kelseysac.com/
"The Balcony","1000 Boardwalk, Atlantic City, NJ 08401, USA","Atlantic City",NJ,,nightlife,ChIJs2f7gQ7vwIkRWMz7sygHmdU,,https://casino.hardrock.com/atlantic-city/nightlife/the-balcony
"Feed Ya Soul","1020 Rahway Ave, Avenel, NJ 07001, USA",Avenel,NJ,Avenel,dining,ChIJ7RuJ1pe1w4kR_-6sMEvZCvo,,http://www.feedyasoul.com/
"Hills of Herat","665 Martinsville Rd, Basking Ridge, NJ 07920, USA","Basking Ridge",NJ,"Basking Ridge",dining,ChIJcbUytZS9w4kRnBzwM4MNBvI,,http://hillsofherat.com/
"American On J","959 Broadway, Bayonne, NJ 07002, USA",Bayonne,NJ,,dining,ChIJU6u35nZRwokRqCVSn2E2EUY,,http://www.americanonj.com/
Americano,"959 Broadway, Bayonne, NJ 07002, USA",Bayonne,NJ,,dining,ChIJU6u35nZRwokRqCVSn2E2EUY,,http://www.americanonj.com/
"Ms Wandas","906-908 Broadway, Bayonne, NJ 07002, USA",Bayonne,NJ,,dining,ChIJ7X_tCQBRwokRCzxDLUsvz8k,,
"Beyond Soul","Dwight Plaza, 139-157 7th Ave, Newark, NJ 07104, USA",Belleville,NJ,"Seventh Avenue",dining,ChIJCZtWBCBVwokRxkeWmroTJJ4,,https://www.beyond-soul.com/
"Xaman Room Speakeasy","170 Washington Ave, Belleville, NJ 07109, USA",Belleville,NJ,,nightlife,ChIJ4VjnMWBVwokRmrjKeQgYWpM,,http://agavemarianj.com/
CHEESSTEAKS,"821 Belmar Blvd, Belmar, NJ 07719, USA",Belmar,NJ,,dining,ChIJORQlNSonwokRGkLUDVCp--U,,https://www.cheessteaks.com/
DJais,"1801 Ocean Ave, Belmar, NJ 07719, USA",Belmar,NJ,,nightlife,ChIJQ-XO6fAnwokR5mxqEJs72sE,,http://djais.com/
"Kaya’s Kitchen","1000 Main St, Belmar, NJ 07719, USA",Belmar,NJ,,dining,ChIJdQnlfeEnwokRS_pslQ9k_eg,,https://kayaskitchenbelmar.com/
"Pink Cabana","Belmar Beach, Belmar Boardwalk, Belmar, NJ 07719, USA",Belmar,NJ,,dining,ChIJV3nqWn0nwokRpAwDo2xe6Y4,,https://cabanaconj.com/
"Blue Steel Pizza Company","Inside 7 Doors Down, 273 Glenwood Ave, Bloomfield, NJ 07003, USA",Bloomfield,NJ,"",dining,ChIJ__8royNVwokR_0KFYZn59Ew,"(856) 543-9480",http://www.bluesteelpizzaco.com/
"Casa de Flora Bar Luxury Cafe","75 Washington St, Bloomfield, NJ 07003, USA",Bloomfield,NJ,,lounge,ChIJ53ODACVVwokR3eFuhwuXvdw,,http://www.casadeflorabar.com/
"Crabs on the Way","16 Myrtle St, Bloomfield, NJ 07003, USA",Bloomfield,NJ,Watsessing,dining,ChIJb2NITwBVwokR35HhcB_Beh8,"(973) 337-8543",
"Grove Grill","143 Grove St, Bloomfield, NJ 07003, USA",Bloomfield,NJ,"Ampere North",dining,ChIJFUGzP2tVwokRlvt6se_IQuk,,http://thegrovegrillnj.com/
"The Grove Grill","143 Grove St, Bloomfield, NJ 07003, USA",Bloomfield,NJ,"Ampere North",dining,ChIJFUGzP2tVwokRlvt6se_IQuk,,http://thegrovegrillnj.com/
"Di Fara","1424 Avenue J, Brooklyn, NY 11230, USA",Brick,NJ,Midwood,dining,ChIJM2mGRMhEwokRv1Fy6oFJ570,,https://www.difarapizzany.com/
"Cheese Plate Queen","400 7th Ave, Brooklyn, NY 11215, USA",Brooklyn,NJ,"Park Slope",dining,ChIJf_UbrcdbwokRMuBEYoFY2Vk,,http://cheeseplatebrooklyn.com/
"Leah's Cucina","4916 Fort Hamilton Pkwy, Brooklyn, NY 11219, USA",Brooklyn,NJ,"Borough Park",dining,ChIJYXVfLjNFwokRTFls4CLTqLc,"(718) 438-1176",
Razzan,"486 85th St, Brooklyn, NY 11209, USA",Brooklyn,NJ,"Bay Ridge",dining,ChIJmcUimmBFwokRUpN499S83Mk,"(347) 662-6208",https://eatruzana.com/
"Shaka Club","64 6th Ave, Brooklyn, NY 11217, USA",Brooklyn,NJ,"Prospect Heights",nightlife,ChIJde7BIldbwokRPkZhR7gAoVk,"(347) 689-3184",
ShopRite,"1080 McDonald Ave, Brooklyn, NY 11230, USA",Brooklyn,NJ,Mapleton,dining,ChIJ1XfDTtdEwokRNdFLltgwckY,"(718) 252-5770",https://www.shoprite.com/?utm_source=GMB&utm_medium=Local_Search&utm_campaign=dbaPlatform&utm_term=218
"Sisters Spot","900 Fulton St, Brooklyn, NY 11238, USA",Brooklyn,NJ,"Clinton Hill",dining,ChIJi73FVqNbwokRZ4KIqLtNoFw,"(347) 763-2537",http://sistersbklyn.com/
"Soul Food NJ","409 Eastern Pkwy, Brooklyn, NY 11216, USA",Brooklyn,NJ,"Crown Heights",dining,ChIJR_ch0LxbwokRXouTAZGjl7A,"(718) 493-7685",http://www.cornbreadsoul.com/
"Stop & Shop","625 Atlantic Ave, Brooklyn, NY 11217, USA",Brooklyn,NJ,"Fort Greene",dining,ChIJR_hhk_BawokRN4V0ft2szFs,"(718) 399-6161",https://stores.stopandshop.com/ny/brooklyn/625-atlantic-ave?y_source=1_NDE5NTc1Ni03MTUtbG9jYXRpb24ud2Vic2l0ZQ%3D%3D
"Vinnie's Pizzeria","148 Bedford Ave, Brooklyn, NY 11249, USA",Brooklyn,NJ,Williamsburg,dining,ChIJbSt7rF1ZwokRrnJ-xbOu0i4,"(718) 782-7078",http://vinniespizzeria.com/
"best soul food spot","409 Eastern Pkwy, Brooklyn, NY 11216, USA",Brooklyn,NJ,"Crown Heights",dining,ChIJR_ch0LxbwokRXouTAZGjl7A,"(718) 493-7685",http://www.cornbreadsoul.com/
"Calandra's","234 Bloomfield Ave #5101, Caldwell, NJ 07006, USA",Caldwell,NJ,,dining,ChIJs_1iV4IAw4kR4C-6pAimDls,,https://calandrasitalianvillage.com/
"il Vecchio Cafe","234 Bloomfield Ave, Caldwell, NJ 07006, USA",Caldwell,NJ,,dining,ChIJs_1iV4IAw4kRelzwPuA473g,,http://ilvecchiocafe.com/?UTM_source=GMB_listing&UTM_medium=organic
"Bookers Lounge","1401 Broadway, Camden, NJ 08104, USA",Camden,NJ,"Bergen Square",nightlife,ChIJT5uITMPIxokRgRtEWPZ33fU,,
Kheese,"Unit 93 - 94, Chalk Farm Rd, Chalk Farm, London NW1 8AH, UK",Camden,NJ,"Chalk Farm",dining,ChIJIycoE-QadkgRkSDT_h7jfe4,,http://www.pickandcheese.com/
"Kings Men LLC","1560 W Wedgewood Ln, Oak Harbor, WA 98277, USA",Camden,NJ,,dining,ChIJv13tydSLj1QRHrYL7_1v2Kc,,http://www.kingsmenco.net/
"Krack & Kheese","Unit 93 - 94, Chalk Farm Rd, Chalk Farm, London NW1 8AH, UK",Camden,NJ,"Chalk Farm",dining,ChIJIycoE-QadkgRkSDT_h7jfe4,,http://www.pickandcheese.com/
"Steven Soul Food","785 Spruce St, Camden, NJ 08103, USA",Camden,NJ,"Bergen Square",dining,ChIJ5ejJilrJxokRkVfPbPYDN3o,,
"Taco Loco","2311 Federal St, Camden, NJ 08105, USA",Camden,NJ,Dudley,dining,ChIJSZd0aAnJxokRbKXiv7AKdcI,,https://www.instagram.com/mytacoloco/?hl=en
"Tony and Ruth's Steaks","837 N 8th St, Camden, NJ 08102, USA",Camden,NJ,"Pyne Point",dining,ChIJMb2mAVbIxokROZVnHVl7Xhc,,
"Monai soulfood","1506 Roosevelt Ave, Carteret, NJ 07008, USA",Carteret,NJ,,dining,ChIJK_p14qyzw4kRheH_GhE73sM,,https://monais.top/
"Monai's","1506 Roosevelt Ave, Carteret, NJ 07008, USA",Carteret,NJ,"",dining,ChIJK_p14qyzw4kRheH_GhE73sM,"(908) 733-4612",https://monais.top/
"Monai’s Soul Food Restaurant","1506 Roosevelt Ave, Carteret, NJ 07008, USA",Carteret,NJ,,dining,ChIJK_p14qyzw4kRheH_GhE73sM,,https://monais.top/
"Ou La","29 Washington Ave, Carteret, NJ 07008, USA",Carteret,NJ,,dining,ChIJH_PGwX-1w4kRDeHaNcaVXtE,,https://www.oulanj.com/
"Amazin Taste","71 Main St, South Bound Brook, NJ 08880, USA","Central NJ",NJ,,dining,ChIJEX8_SGC_w4kRrsyrCZR04kY,,
"Boiling House","1990 Marlton Pike, Cherry Hill Township, NJ 08003, USA","Cherry Hill",NJ,Greentree,dining,ChIJw9jCHKU0wYkRAZkhh05VSU8,,http://www.boilinghouse.com/
"Crab Cakes","1990 Marlton Pike # 11, Cherry Hill Township, NJ 08003, USA","Cherry Hill",NJ,Greentree,dining,ChIJa5B1rbwywYkRyojlZBwU0TA,,http://www.bobbychezcrabcakes.com/
"New Restaurant","2000 NJ-38 #1025, Cherry Hill Township, NJ 08002, USA","Cherry Hill",NJ,"Cherry Hill Mall",dining,ChIJXfRcT4PLxokR16xsrQZbnhs,,http://koomacherryhill.com/
Shangri-La,"100 Springdale Rd B-11, Cherry Hill Township, NJ 08003, USA","Cherry Hill",NJ,Springdale,dining,ChIJ6SErktHMxokR0q00C-r4Kkg,,http://shangrilanj.com/?utm_source=GMBListing&utm_medium=organic&utm_campaign=googlebusinessprofile
"Shangri-La Chill","100 Springdale Rd B-11, Cherry Hill Township, NJ 08003, USA","Cherry Hill",NJ,Springdale,dining,ChIJ6SErktHMxokR0q00C-r4Kkg,,http://shangrilanj.com/?utm_source=GMBListing&utm_medium=organic&utm_campaign=googlebusinessprofile
Tuscana,"1990 Marlton Pike, Cherry Hill Township, NJ 08003, USA","Cherry Hill",NJ,Greentree,dining,ChIJYQkbmaU0wYkRiuGFmo1qRaE,,http://www.toscanacherryhill.com/
"bistro cherry hill","57 Kings Hwy E, Haddonfield, NJ 08033, USA","Cherry Hill",NJ,,dining,ChIJ5xrOg3PMxokRhXNZLEk2O8Q,,https://bistronj.com/
"Star Tavern","400 High St, City of Orange, NJ 07050, USA","City of Orange",NJ,"",dining,ChIJ3Q2iwS6rw4kRVlryjjDPrV8,"(973) 675-3336",https://www.startavern.net/
"Lumpy’s BBQ","1261 Blackwood-Clementon Rd, Clementon, NJ 08021, USA",Clementon,NJ,,dining,ChIJxZPpt2jSxokRvtmg1G2XnPk,,https://lumpysbbqnj.menufy.com/order
Bogeys,"103 Valley Rd, Clifton, NJ 07013, USA",Clifton,NJ,"",dining,ChIJM_MkzX3-wokRCQcpUyOxbPA,"(862) 257-3964",http://bogeyssportbar0792.s4shops.com/
"Bubamara Cafe","263 Parker Ave, Clifton, NJ 07011, USA",Clifton,NJ,"Botany Village",dining,ChIJa9Sn07T-wokRSv_iQ6Sv4Ew,,https://cafebubamara.cafe/?utm_source=google
"Cafe Bubamara","263 Parker Ave, Clifton, NJ 07011, USA",Clifton,NJ,"Botany Village",dining,ChIJa9Sn07T-wokRSv_iQ6Sv4Ew,,https://cafebubamara.cafe/?utm_source=google
"Damasco Cafe NJ","600 Getty Ave, Clifton, NJ 07011, USA",Clifton,NJ,,dining,ChIJHTG5NFP_wokRegGfxLD00Uk,,
"Damascus Cafe","600 Getty Ave, Clifton, NJ 07011, USA",Clifton,NJ,,dining,ChIJHTG5NFP_wokRegGfxLD00Uk,,
"La Bonita","394 Lexington Ave, Clifton, NJ 07011, USA",Clifton,NJ,"Botany Village",dining,ChIJN5Hifbr_wokRfj2SrNJ_2_U,,https://www.labonitanj.com/
"Made in Miami","39 Harding Ave, Clifton, NJ 07011, USA",Clifton,NJ,,dining,ChIJU_nGLFr_wokR4ynmsJiZ2Ik,,http://madeinmiami.io/
"Tommy’s","826 NJ-3, Clifton, NJ 07012, USA",Clifton,NJ,,dining,ChIJ3UHjIwL_wokRSRw4_0B1Va8,,https://www.tommystavernandtap.com/clifton-nj
Yasmeen,"247 Piaget Ave, Clifton, NJ 07011, USA",Clifton,NJ,,dining,ChIJ2d5DQ77-wokRwomlOtqXq2o,,http://yasmeennj.com/
"exact venue name","Clifton College, 32 College Rd, Clifton, Bristol BS8 3JH, UK",Clifton,NJ,Clifton,dining,ChIJF2Mqe7-NcUgRcGVUBXihwfQ,,http://www.eventsatclifton.com/
wahizzaclifton,"150 7th St, Clifton, NJ 07011, USA",Clifton,NJ,,dining,ChIJscD4s93_wokRveJSac6_cww,,https://wahizza.com/
"Lex Living Life",,Cranford,NJ,,dining,ChIJZWP2jVoRdkgRj1s9vLF-KCc,,
"The Deluxe Way","215 Centennial Ave, Cranford, NJ 07016, USA",Cranford,NJ,,dining,ChIJxzuxdDqyw4kRVBiuj_L2-CM,,https://100stepsrawbar.com/?utm_source=google
"Urban Burger Cranford","13 Eastman St, Cranford, NJ 07016, USA",Cranford,NJ,Cranford,dining,ChIJkQd9PCSyw4kRdXNjZx0UHkE,,http://www.urbanburgercranford.com/
"Dawson's Soul Food","43 Main St, Castledawson, Magherafelt BT45 8AA, UK",Deptford,NJ,,dining,ChIJ704jKSxbYEgRHs4HrXQ-kI8,,http://www.resdiary.com/restaurant/dawsonsrestaurant
"Umi Deptford","1692 Clements Bridge Rd, Deptford, NJ 08096, USA",Deptford,NJ,,dining,ChIJJbSO8ffPxokR8BEUKtIXtsI,,https://www.umibuffet.com/
Umideptford,"1692 Clements Bridge Rd, Deptford, NJ 08096, USA",Deptford,NJ,,dining,ChIJJbSO8ffPxokR8BEUKtIXtsI,,https://www.umibuffet.com/
"Los Bandoleros Tacos","405 NJ-18 suite 5, East Brunswick, NJ 08816, USA","East Brunswick",NJ,,dining,ChIJewIER1XPw4kRsHLp74GgTXo,,https://livefreeeattacos.com/
"O Cook Shop","8 Oak St, East Orange, NJ 07018, USA","East Orange",NJ,,dining,ChIJ7brBLWJVwokRs5Ne8bozB88,,
"Tasha’s Caribbean & Soul Food Cuisine","405 Dodd St, East Orange, NJ 07017, USA","East Orange",NJ,,dining,ChIJo4mx1VGrw4kRTlOk5Sy4k2M,,https://tashascaribbeansoul.com/?utm_source=google
"Tasha’s Carribean & Soul Food Cuisine","405 Dodd St, East Orange, NJ 07017, USA","East Orange",NJ,,dining,ChIJo4mx1VGrw4kRTlOk5Sy4k2M,,https://tashascaribbeansoul.com/?utm_source=google
"Caffe Roma","140 Park Ave, East Rutherford, NJ 07073, USA","East Rutherford",NJ,,dining,ChIJvWYHHev4wokRdJ6dy1-Hfa4,,https://cafferomaeastrutherford.com/?y_source=1_MzkxMjEzODItNzE1LWxvY2F0aW9uLndlYnNpdGU%3D
Jarana,"1 American Dream Wy, East Rutherford, NJ 07073, USA","East Rutherford",NJ,,dining,ChIJ-SA27Xj4wokR84EPIowUI9w,,https://jaranarestaurant.com/new-jersey/
"Joe C's","955 Ferry Blvd, Stratford, CT 06614, USA","East Rutherford",NJ,,dining,ChIJtbNCrpUM6IkRBdReIeqqWF0,,https://joeycsboathouse.com/
"Joe C’s","955 Ferry Blvd, Stratford, CT 06614, USA","East Rutherford",NJ,,dining,ChIJtbNCrpUM6IkRBdReIeqqWF0,,https://joeycsboathouse.com/
Sakai,"700 Plaza Dr Suite 111, Secaucus, NJ 07094, USA","East Rutherford",NJ,,dining,ChIJzdER5-lXwokRreGMyL5cJQU,,http://www.sakairamen.com/
"Sports Bar","443 Paterson Ave, East Rutherford, NJ 07073, USA","East Rutherford",NJ,,nightlife,ChIJcTllpsL4wokRxdYlYcE5y4A,,
"Don Coqui","541 River Rd, Edgewater, NJ 07020, USA",Edgewater,NJ,,dining,ChIJQ9xeMgD3wokRnsYlXWA0FwA,,https://doncoqui.com/
"Life After Restaurant & Lounge","Inside The Metropolitan, 190 River Rd 2nd Floor, Edgewater, NJ 07020, USA",Edgewater,NJ,,dining|nightlife|lounge,ChIJTzn2xS_3wokRt3id5YqeTig,,
"Mitsuwa Marketplace","595 River Rd, Edgewater, NJ 07020, USA",Edgewater,NJ,,dining,ChIJOcsGVkr2wokRLmfHmhItPp0,,https://mitsuwa.com/nj
"Addy’s BBQ","3 Stephenville Pkwy, Edison, NJ 08820, USA",Edison,NJ,,dining,ChIJ1-BmeJG3w4kRyZqgmA2AVf8,,http://www.addysbarbeque.com/
"Clo Coffee","3 Stephenville Pkwy, Edison, NJ 08820, USA",Edison,NJ,,dining,ChIJq5PBRXO3w4kRqdnEpYThCS0,,http://clocoffeecompany.com/
"H Mart","Lincoln Highway, 1761 NJ-27, Edison, NJ 08817, USA",Edison,NJ,,dining,ChIJZWUfTN-3w4kRzCWzZUBDhwU,,https://www.hmart.com/
"Kura Sushi","1781 NJ-27 Suite 101, Edison, NJ 08817, USA",Edison,NJ,,dining,ChIJpZSE3GPHw4kRw1wSxD9EYuk,,https://kurasushi.com/locations/edison-nj
"The Canvas & Grapes Experience","2595 Woodbridge Ave, Edison, NJ 08817, USA",Edison,NJ,,lounge,ChIJmZthakbIw4kRE4Kr_z-DE-E,,
"Wus Fish House","Located above Mango Mango, the 2nd floor, 1783 Lincoln Hwy suite 201, Edison, NJ 08817, USA",Edison,NJ,,dining,ChIJhY4QdgDHw4kR6gjYDThtDr0,,
"PIER 73 BAR & LOUNGE","55 Elizabeth Ave, Elizabethport, NJ 07206, USA",Elizabeth,NJ,Elizabethport,dining,ChIJQ6mIVYxNwokRVIvfau_8O_w,"(908) 858-7983",https://pier73nj.com/
CALEDERA,"12 Armory St, Englewood, NJ 07631, USA",Englewood,NJ,,dining,ChIJGcMg6MzxwokRT6gM_cnT-pI,,https://www.calderatvida.com/
"CALEDERA at Vida Garden","12 Armory St, Englewood, NJ 07631, USA",Englewood,NJ,,dining,ChIJGcMg6MzxwokRT6gM_cnT-pI,,https://www.calderatvida.com/
"Llama House","11 N Dean St, Englewood, NJ 07631, USA",Englewood,NJ,,dining,ChIJE67jD4HxwokR5EfZjyY0qqc,,
czenenglewood,"36 N Van Brunt St, Englewood, NJ 07631, USA",Englewood,NJ,,dining,ChIJ02OUXrHxwokRukzrV5bAPGw,,http://czennj.com/
"El Charro Costeño","1608 Pennington Rd, Trenton, NJ 08618, USA",Ewing,NJ,,dining,ChIJ9xA2QABZwYkRI8yLUPGyT7o,,https://taqueriaelcharrocosteno.com/
"The Big Easy","1410 Parkway Ave, Ewing Township, NJ 08628, USA",Ewing,NJ,,dining,ChIJ51x5FTRXwYkRjJKVhe4FpYk,,
"Ruocco's Restaurant","Design Center Plaza, 345 US-9, Manalapan Township, NJ 07726, USA",Fairfield,NJ,,dining,ChIJKQjI88XTw4kRmFTHfAjw1rM,,https://www.ruoccoson9.com/
"Tall Oaks Brew","450 Colts Neck Rd, Farmingdale, NJ 07727, USA",Farmingdale,NJ,"",dining,ChIJY98PSdIrwokR_xQISzCLIhI,"(732) 256-4388",http://talloaksbrew.com/
"Woody’s Roadside Tavern","105 Academy St, Farmingdale, NJ 07727, USA",Farmingdale,NJ,,dining,ChIJ2eYFi3wqwokRugIWqEemSG8,,http://woodysroadside.com/
"El Asadero","2052 Hudson St, Fort Lee, NJ 07024, USA","Fort Lee",NJ,,dining,ChIJJy7joUH3wokR6570Tpu1lFE,,http://elasaderomexicangrill.com/
"Otter Fine Sushi & Beyond","2060 Hudson St, Fort Lee, NJ 07024, USA","Fort Lee",NJ,,dining,ChIJW-gxcQD3wokRTpKbK1X75K0,,https://www.otterfsb.com/
Andaaz,"3059 NJ-27 Unit 103, Franklin Park, NJ 08823, USA","Franklin Park",NJ,"Franklin Park",dining,ChIJ5am7db7Dw4kRFzcoeG-WC7s,,https://www.andaaz.us/
Aarzu,"30 E Main St, Freehold, NJ 07728, USA",Freehold,NJ,,dining,ChIJ4XMmbGfUw4kRgmpCFPcRP2M,,http://www.aarzu.com/
Charkol,"38 South St, Freehold, NJ 07728, USA",Freehold,NJ,,dining,ChIJIwVL00PVw4kRiVU5FWiT-o4,,http://charkol.com/
"Da Rosario Ristorante","31 E Main St, Freehold, NJ 07728, USA",Freehold,NJ,"",dining,ChIJVXsrWYDVw4kRLbeVlJWbYh0,"(732) 845-5440",https://darosarionj.com/
"Pastrami Grill Bistro","83 River Dr, Garfield, NJ 07026, USA",Garfield,NJ,,dining,ChIJh9G7tFr5wokRvQ-fO0hWWpg,,https://www.pastramibistro.com/
"Maria Station Cafe","700 Monmouth St, Gloucester City, NJ 08030, USA","Gloucester City",NJ,,dining,ChIJ1RcqWQDPxokR_7WMNrd3TSU,,
"Paula's Soul Food Cafe","331 Main St, Hackensack, NJ 07601, USA",Hackensack,NJ,,dining,ChIJZ1-73gT6wokRc1KlG_1GXQc,,http://paulasoulfood.com/
"Paula’s Soul Food","331 Main St, Hackensack, NJ 07601, USA",Hackensack,NJ,,dining,ChIJZ1-73gT6wokRc1KlG_1GXQc,,http://paulasoulfood.com/
"Paula’s Soul Food Cafe","331 Main St, Hackensack, NJ 07601, USA",Hackensack,NJ,,dining,ChIJZ1-73gT6wokRc1KlG_1GXQc,,http://paulasoulfood.com/
"Jersey Kebab","729 Haddon Ave, Collingswood, NJ 08108, USA","Haddon Township",NJ,,dining,ChIJ7ZYZESbLxokRH-_8TmNlHLE,,http://www.jerseykebab.com/
"Rats Restaurant","16 Fairgrounds Rd, Hamilton Township, NJ 08619, USA",Hamilton,NJ,Mercerville,dining,ChIJ91iTv-xYwYkRtQg3HMPKMK0,,https://ratsrestaurant.com/
"Henri's Hotts BBQ","1003 Black Horse Pike, Hammonton, NJ 08037, USA",Hammonton,NJ,,dining,ChIJrRLofYvWwIkRF85k2KxAfGY,,https://bestbbqsj.com/
"Boiler Room","45 2nd Ave, New York, NY 10003, USA",Hoboken,NJ,Manhattan,nightlife,ChIJAydFqYRZwokRo1s2sj0i4Rc,,http://boilerroomnyc.net/
"Carlos Bakery","95 Washington St, Hoboken, NJ 07030, USA",Hoboken,NJ,,dining,ChIJmSxMTV9XwokRYCdN4WDUFBk,,https://orders.carlosbakery.com/carlos-hoboken/menu
"Pier 13","1301 Sinatra Dr N, Hoboken, NJ 07030, USA",Hoboken,NJ,,dining,ChIJKUJ819BZwokR0VK1C09le68,,
Patricias,"2132 NJ-35 Room 101, Holmdel, NJ 07733, USA",Holmdel,NJ,,dining,ChIJVQuMQu0zwokRO3yWUfEz1Ps,,https://www.patriciasofholmdel.com/
"Jives Cafe","2218 US-9, Howell Township, NJ 07731, USA",Howell,NJ,,dining,ChIJgaJ9fIh_wYkRcHW2Nupx5xY,,http://www.jivescafe.com/
"Big G Jamaican","891 Springfield Ave, Irvington, NJ 07111, USA",Irvington,NJ,,dining,ChIJHQkbLsqsw4kR4uPlXI3d5S4,,http://big-g-jamaican.jany.io/
"Bobby Wong’s","1081 Springfield Ave, Irvington, NJ 07111, USA",Irvington,NJ,,dining,ChIJwc0-GC6tw4kRVj7fZ8Na4S0,,https://bobbywongs.com/bobbywongsirvington?utm_source=google
"Chef Teekay","1253 Springfield Ave, Irvington, NJ 07111, USA",Irvington,NJ,,dining,ChIJc3Vzci9TwokRhNBzx-0Cy3M,,https://chefteekay.com/
Chefteekay,"1253 Springfield Ave, Irvington, NJ 07111, USA",Irvington,NJ,,dining,ChIJc3Vzci9TwokRhNBzx-0Cy3M,,https://chefteekay.com/
Marlos,"702 Lyons Ave, Irvington, NJ 07111, USA",Irvington,NJ,,nightlife,ChIJjzGnzdqsw4kRjoHFIY8sbMw,,http://www.clubmarlos.com
Mangia,"10 Leesville Rd, Jackson Township, NJ 08527, USA",Jackson,NJ,,dining,ChIJ1RUzRp97wYkRsWDgvrMbqu8,,http://mangiabrickovenpizza.com/
Thumkaa,"34 W Railroad Ave, Jamesburg, NJ 08831, USA",Jamesburg,NJ,,dining,ChIJhcqWLx3bw4kRY5NWiqH3lmA,,https://www.thumkaa.com/
"Brownstone Pancake Factory","860 River Rd, Edgewater, NJ 07020, USA",Jersey,NJ,,dining,ChIJKeTvu1H2wokRXEXBN-oi4-g,,http://www.brownstonepancakefactory.com/
"Carolyn’s Soul Food","76 Orient Ave, Jersey City, NJ 07305, USA","Jersey City",NJ,Bergen-Lafayette,dining,ChIJfSwgNSBRwokRwhv55aYEd0Y,,http://www.carolynsrestaurantjerseycity.com/
"Gabriella's","447 NJ-35, Red Bank, NJ 07701, USA","Jersey City",NJ,,dining,ChIJ4UBu74YxwokRu5C54MoqtL4,,https://www.gabriellasnj.com/
"Halftime Grill","746 West Side Ave, Jersey City, NJ 07306, USA","Jersey City",NJ,"McGinley Square",dining,ChIJE8JEeCpRwokR0djy7VUCK6Y,,
"Hudson & Co. Bar & Grill","3 2nd St, Jersey City, NJ 07302, USA","Jersey City",NJ,"Downtown Jersey City",lounge,ChIJOf5-NKBRwokRX95VpEOnm-Q,,https://www.hudsonandconj.com/
"Latitude Zero Restaurant","269 Broadway, Bayonne, NJ 07002, USA","Jersey City",NJ,"Constable Hook",dining,ChIJnRnG8_9NwokRYGO4AoShbjU,,https://www.facebook.com/latitudezeronj/
Malatown,"210 Hudson St, Jersey City, NJ 07302, USA","Jersey City",NJ,"Downtown Jersey City",dining,ChIJUadraABRwokRJrrONLIKZy0,"(551) 998-2052",http://malatown.us/
Meximodo,"25 Christopher Columbus Dr, Jersey City, NJ 07302, USA","Jersey City",NJ,"Downtown Jersey City",dining,ChIJi2ibzVVRwokRfYKVXmQa4TQ,,https://meximodo.com/
"NJ restaurant","1st St #1, Jersey City, NJ 07302, USA","Jersey City",NJ,"Colgate Center",dining,ChIJS41uHKlQwokRw7d-cj2eWew,"(551) 256-7850",http://rooftopxp.com/
"Rooftop at Exchange Place","1st St #1, Jersey City, NJ 07302, USA","Jersey City",NJ,"Colgate Center",lounge,ChIJS41uHKlQwokRw7d-cj2eWew,,http://rooftopxp.com/
"Tavern A Veranda","725 River Rd, Edgewater, NJ 07020, USA","Jersey City",NJ,,dining,ChIJISpk1iv3wokRlsfurFN3K2o,,http://www.tavernaveranda.com/
"The Ashford","145 Newark Ave, Jersey City, NJ 07302, USA","Jersey City",NJ,"Downtown Jersey City",nightlife,ChIJB9HWJahRwokR6dECY63FexQ,,http://www.theashfordjc.com/
"one of my favorite NJ restaurants","1st St #1, Jersey City, NJ 07302, USA","Jersey City",NJ,"Colgate Center",dining,ChIJS41uHKlQwokRw7d-cj2eWew,"(551) 256-7850",http://rooftopxp.com/
"The Crabpae","303 S Michigan Ave, Kenilworth, NJ 07033, USA",Kenilworth,NJ,,dining,ChIJn7jt_dyzw4kRG_b8RjkRs4c,,https://crabbae.com/
"Chez Alice","15 Bridge St, Lambertville, NJ 08530, USA",Lambertville,NJ,,dining,ChIJmeG-P6r_w4kRUDtyG3J2bJ4,,https://chezalicecafe.com/
"Under the Moon","23 N Union St, Lambertville, NJ 08530, USA",Lambertville,NJ,,dining,ChIJr3kagzX_w4kRx1IF8-aOm98,,http://underthemooncafe.com/
"Blended Flavors","628 W St Georges Ave, Linden, NJ 07036, USA",Linden,NJ,"",dining,ChIJS9rdd2Ozw4kR8qnD2d07v7g,"(908) 290-3149",https://www.toasttab.com/blended-flavors-llc-628-w-st-george-s-ave
"Don Tequila","817 Blackwood-Clementon Rd, Lindenwold, NJ 08021, USA",Lindenwold,NJ,,dining,ChIJ5QpAr2bSxokRqvQ8RAtCpm4,,http://www.dontequilanj.com/
"Don Tequila Restaurant","817 Blackwood-Clementon Rd, Lindenwold, NJ 08021, USA",Lindenwold,NJ,,dining,ChIJ5QpAr2bSxokRqvQ8RAtCpm4,,http://www.dontequilanj.com/
"Willy’s Munch Gourmet","31 Liberty St, Little Ferry, NJ 07643, USA","Little Ferry",NJ,,dining,ChIJjbybHAD5wokR0IyfWF6Lu5w,,
"A Mother's Touch","36 W Mt Pleasant Ave, Livingston, NJ 07039, USA",Livingston,NJ,,dining,ChIJtQnp89ipw4kRMOsfq5aV5_0,,https://amotherstouchbistro.com/
"A Mothers Touch","36 W Mt Pleasant Ave, Livingston, NJ 07039, USA",Livingston,NJ,,dining,ChIJtQnp89ipw4kRMOsfq5aV5_0,,https://amotherstouchbistro.com/
"A Mother’s Touch","36 W Mt Pleasant Ave, Livingston, NJ 07039, USA",Livingston,NJ,"",dining,ChIJtQnp89ipw4kRMOsfq5aV5_0,"(973) 616-0424",https://amotherstouchbistro.com/
"Turano's Pizza Kitchen","69 E Northfield Rd, Livingston, NJ 07039, USA",Livingston,NJ,"",dining,ChIJo6r5Ckqpw4kRF4jnFqpyMdE,"(973) 758-8111",https://www.turanospizzakitchen.com/
"Genova Pizza","212 New York Ave, Long Beach, NY 11561, USA","Long Beach",NJ,"",dining,ChIJCfBDhJVvwokRzx9KzxBZI70,"(516) 682-2824",https://www.genovaslongbeach.com/
"La Lupa","123 NJ-33 unit 103, Manalapan Township, NJ 07726, USA",Manalapan,NJ,,dining,ChIJAQBwe_TWw4kRTP1i_7Z7_bc,,https://www.lalupanj.com/
"Arca Restaurant","886 Amsterdam Ave, New York, NY 10025, USA",Manhattan,NJ,Manhattan,dining,ChIJNfE4QST2wokRtTDtM2zYwls,"(646) 781-9080",https://arcocafe.com/
"Aura Lounge","130 E 57th St, New York, NY 10022, USA",Manhattan,NJ,Manhattan,nightlife,ChIJr2gQ2etZwokRiPnU05lVCrs,"(917) 388-2963",https://www.aura57nyc.com/
"Best New Fried Chicken Restaurant","205 Allen St, New York, NY 10002, USA",Manhattan,NJ,Manhattan,dining,ChIJC6rfiNtZwokRkNESm7lVwZ0,"(646) 838-5000",https://www.makeitbutter.com/don-chicken/manhattan
"Bogey's","31 Cronin Rd, Queensbury, NY 12804, USA",Manhattan,NJ,"",dining,ChIJsQhsFinQ34kRVIkBTDKcqyk,"(518) 223-0415",https://baymeadows.golf/
"Brooklyn Square Pizza","316 W 39th St, New York, NY 10018, USA",Manhattan,NJ,Manhattan,dining,ChIJ68wPpdZZwokRSZU-dGAzJx8,"(646) 596-7070",http://pizza316.square.site/
"Buffalo’s","455 Park Ave S, New York, NY 10016, USA",Manhattan,NJ,Manhattan,dining,ChIJw8YUXpBZwokRKhfBRvZXLn8,"(646) 751-0996",https://www.buffalowildwings.com/locations/us/ny/new-york/455-park-ave-south/sports-bar-1730/?utm_source=extnet&utm_medium=yext&y_source=1_MjAyNDM1MjY1Ni03MTUtbG9jYXRpb24ud2Vic2l0ZQ%3D%3D
"Ciao & Cello","226 E 53rd St, New York, NY 10022, USA",Manhattan,NJ,Manhattan,dining,ChIJkfgQg-NYwokRR1aSXz5gEJw,"(929) 637-2532",http://cellony.com/
"Cubby’s 1 1/2","630 10th Ave, New York, NY 10036, USA",Manhattan,NJ,Manhattan,dining,ChIJrX0iSu5ZwokRYg6me9J5obs,"(646) 524-5344",http://cubbysnyc.com/
"Cucina Palermo","53 Irving Pl, New York, NY 10003, USA",Manhattan,NJ,Manhattan,dining,ChIJeQtcLHxZwokRO1IieeRtre0,"(917) 905-2441",https://www.palermoargentinianbistro.com/
Eatatcooks.com,"156 10th Ave, New York, NY 10011, USA",Manhattan,NJ,Manhattan,dining,ChIJZ-_BPZRZwokRBp_dcoCezqQ,"(212) 924-4440",https://www.cookshopny.com/
"Game Bar","148 W 24 St, New York, NY 10011, USA",Manhattan,NJ,Manhattan,nightlife,ChIJNei51aRZwokRChiMTmDBvOw,"(212) 390-8455",https://barcade.com/chelsea/
"Granny's Spot","425 Main St, New York, NY 10044, USA",Manhattan,NJ,Manhattan,dining,ChIJR5LLNGdZwokRiqaT4scItsk,"(646) 596-8582",https://grannyanniesnyc.com/
"Granny’s Spot","425 Main St, New York, NY 10044, USA",Manhattan,NJ,Manhattan,dining,ChIJR5LLNGdZwokRiqaT4scItsk,"(646) 596-8582",https://grannyanniesnyc.com/
"Rnb Brunch Sundays NJ","922 3rd Ave, New York, NY 10022, USA",Manhattan,NJ,Manhattan,dining,ChIJu3ll2yNZwokRPSQ9DAKRFV4,"(917) 261-7644",https://www.thenakedpignyc.com/
"Sticky Catfish","55 Bond St, New York, NY 10012, USA",Manhattan,NJ,Manhattan,dining,ChIJgc7fPIVZwokRQMnqTxTf_Qk,"(212) 677-2223",https://www.fishcheeksnyc.com/
"The Girliest Cafe","537a W 23 St, New York, NY 10011, USA",Manhattan,NJ,Manhattan,dining,ChIJv03dzCxZwokRynHU5yrtHz8,"(212) 419-9229",https://cafebythegirls.com/
"sisters spot","45 Mercer St, New York, NY 10013, USA",Manhattan,NJ,Manhattan,dining,ChIJfzH7GylZwokRsEDAJ1psdZ8,"(212) 966-9288",https://oddsisternyc.com/
CRABBAE,"165 Franklin Terrace, Maplewood, NJ 07040, USA",Maplewood,NJ,,dining,ChIJNY0vgwWtw4kRSh5xUb3Uuxc,,http://www.crabbae.com/
"Sweet Chili Oxtails","820 S Orange Ave, Newark, NJ 07106, USA",Maplewood,NJ,,dining,ChIJL7IaNTQKkEcRNqQp97459bU,,
"Sette Marlboro","130 S Main St, Marlboro Township, NJ 07746, USA",Marlboro,NJ,,dining,ChIJy5dJUe_Tw4kR-ssyje1mMsA,,https://www.settemarlboro.com/
"Source Brewing","300 NJ-34, Colts Neck, NJ 07722, USA",Marlboro,NJ,,dining,ChIJpS60CuyBt4cR-YI9v04rgXA,,https://www.sourcebrewing.com/
"Spaghetti Eddie","946 S Grand Ave, Glendora, CA 91740, USA",Meadowlands,NJ,,dining,ChIJQfxI0Ssmw4ARItZl8w7dQRI,,https://www.spaghettieddies.com/
"The #1 cheese steak in south jersey","177 S Center St, Merchantville, NJ 08109, USA",Merchantville,NJ,,dining,ChIJK04jPiHLxokRK5Y6BBHQs2M,,https://www.cheessteaks.com/
"Life at Cais","420 Main St, Metuchen, NJ 08840, USA",Metuchen,NJ,,dining,ChIJI3m2dM23w4kR_5eLq12K9pc,,
"Mangia Toscano","422 Main St, Metuchen, NJ 08840, USA",Metuchen,NJ,,dining,ChIJQ1hXdc23w4kRV2K7yZB7Kbk,,https://www.mangia-toscano.com/
"RIPOSO Coffee Roasters","Inside Mav's Top Buns, 1092 NJ-35, Middletown Township, NJ 07748, USA","Middletown Township",NJ,"",dining,ChIJK0tBpcMxwokRY5zhWpQTFCo,,https://www.riposocoffee.com/
"Unwined Boutique","313A Millburn Ave, Millburn, NJ 07041, USA","Millburn-Short Hills",NJ,,dining,ChIJX6l1Cyusw4kRjadyHppPgSk,,http://www.unwined-boutique.com/
"Jasper Stone","399 Spotswood Englishtown Rd, Monroe Township, NJ 08831, USA",Monroe,NJ,,dining,ChIJqY3K-xvQw4kRyMblT92mGPw,,http://www.jasperstonenj.com/
"Jasper Stone Italian Steakhouse","399 Spotswood Englishtown Rd, Monroe Township, NJ 08831, USA","Monroe Township",NJ,,dining,ChIJqY3K-xvQw4kRyMblT92mGPw,,http://www.jasperstonenj.com/
"Luigino's Parmigiana","173 Glenridge Ave, Montclair, NJ 07042, USA",Montclair,NJ,,dining,ChIJKXYVt2hVwokRLdc6FOx4VuY,,https://www.luiginosrestaurant.com/
"Mattarello Bakery","254 Bellevue Ave, Montclair, NJ 07043, USA",Montclair,NJ,"Upper Montclair",dining,ChIJ2WoO6ZH_wokRBA_g8-udigY,"(973) 337-6275",http://www.mattarellobakery.com/
Roosters,"369 Bloomfield Ave, Montclair, NJ 07042, USA",Montclair,NJ,,dining,ChIJf07uHSRVwokRQMVfzTtmr1I,,https://roostersnashvillehot.com/?utm_source=google
"Seoul Bistro","537 Bloomfield Ave Lower Level, Montclair, NJ 07042, USA",Montclair,NJ,,dining,ChIJ1zrB1bmrw4kRo_LqhttQjtw,,https://www.seoulbistronj.com/
"Rey Sol Coffee","140 B Morris St, Morristown, NJ 07960, USA",Morristown,NJ,,dining,ChIJVbqWS6Wnw4kR4HYzz6SfybI,,https://www.reysolcoffee.com/
"The Union Firehouse","18 Washington St, Mt Holly, NJ 08060, USA","Mount Holly",NJ,"",nightlife,ChIJrZa4ic9JwYkRbCTix9jzYe4,"(609) 699-2826",https://www.facebook.com/TheUnionFirehouse/
"The Hub Murray Hill","535 Central Ave, New Providence, NJ 07974, USA","Murray Hill",NJ,,dining,ChIJYQsVIP-vw4kRxrnxYjBHyJM,,https://www.bestwestern.com/en_US/book/hotel-rooms.31029.html?iata=00171880&ssob=BLBWI0004G&cid=BLBWI0004G:google:gmb:31029
"Beneduce Vineyards","1 Jeremiah Ln, Pittstown, NJ 08867, USA",NJ,NJ,Pittstown,dining,ChIJFR6BuX0KxIkRhqNRpfecBCI,,http://beneducevineyards.com/
Jerkies,"11 Broad St, Elizabeth, NJ 07201, USA",NJ,NJ,,dining,ChIJ2SDq_QxNwokRgc9pfil-0wY,,http://jerkiesnj.com/
Kpot,"230-240 Passaic Ave, Kearny, NJ 07032, USA",NJ,NJ,,dining,ChIJTyWF9v1VwokR_YSeQ7ydC-I,,https://thekpot.com/location/kearny-nj/
"Matera's on the Park","72 Park Ave, Rutherford, NJ 07070, USA",NJ,NJ,,dining,ChIJxUzUjL74wokRJfqaN1kDXfg,,
"Pina's Kitchen","Via Valperga Caluso, 22, 10125 Torino TO, Italy",NJ,NJ,,dining,ChIJuxJkEARtiEcR88H1w0jVKDE,,
"Renault Winery Resort","72 Bremen Ave, Egg Harbor City, NJ 08215, USA",NJ,NJ,,dining,ChIJASFE3iLewIkRfx-mYZu08T8,,https://www.renaultwinery.com/
"Sprinkle Me Up Bakery","10750 124 St, Edmonton, AB T5M 0H1, Canada",NJ,NJ,Westmount,dining,ChIJodXvdtEjoFMRHXEmJQdGymQ,,http://tiramisubistro.ca/
"The Cannoli Shop NJ","376 Hollywood Ave, Fairfield, NJ 07004, USA",NJ,NJ,,dining,ChIJvdEi5TgBw4kRoYrW8UjcYaw,,https://www.thecannolishopnj.com/
"Top Pot","1311 Fairview Blvd unit D, Delran, NJ 08075, USA",NJ,NJ,,dining,ChIJ5ZRrJXBLwYkRlW8MuIZ4dvc,,https://toppotbbq.com/
"newest and best soul food","915 Broad St, Newark, NJ 07102, USA",NJ,NJ,"Central Ward",dining,ChIJKafJbndTwokRkJfpOHkdtVs,,http://www.cornbreadsoul.com/
"Park Social","1311 NJ-35, Neptune City, NJ 07753, USA",Neptune,NJ,,dining,ChIJ7YFkA5UnwokRg8bhZ-Zuopc,,
Sakana,"338 George St, New Brunswick, NJ 08901, USA","New Brunswick",NJ,,dining,ChIJ4a9AYl7Hw4kRZpE0Bo4Sl4g,,http://sakananewbrunswick.com/
"domi soul fusion","7 Spring St, New Brunswick, NJ 08901, USA","New Brunswick",NJ,,dining,ChIJr57Oh93Hw4kR_3HeMgUjNX8,,
"Carrello di Cannoli","376 Hollywood Ave, Fairfield, NJ 07004, USA","New Jersey",NJ,,dining,ChIJvdEi5TgBw4kRoYrW8UjcYaw,,
"Casa Ragazzini","378 George St, New Brunswick, NJ 08901, USA","New Jersey",NJ,,dining,ChIJg-gMXMrHw4kRbOxOfqgFrf8,,https://www.casaragazzinj.com/
"Great soul food spot","372 Bloomfield Ave, Montclair, NJ 07042, USA","New Jersey",NJ,,dining,ChIJNWdAc3dVwokRVwmKZ_uewhc,,https://cornbreadsoul.com/
"Moka Cafe","125 Broad Ave, Palisades Park, NJ 07650, USA","New Jersey",NJ,Koreatown,dining,ChIJeWOgDA73wokRC4KHABN6cSY,,https://www.facebook.com/pages/Mocha-Hut/117373794948008
"NJ Pier 73","55 Elizabeth Ave, Elizabethport, NJ 07206, USA","New Jersey",NJ,Elizabethport,dining,ChIJQ6mIVYxNwokRVIvfau_8O_w,,
"Rnb Brunch Sundays","17 Summer St, Lodi, NJ 07644, USA","New Jersey",NJ,,dining,ChIJaV7ikYL5wokRV98vTy1tXjw,,http://summerautumncafe.com/
"Soul Food in New Jersey","372 Bloomfield Ave, Montclair, NJ 07042, USA","New Jersey",NJ,,dining,ChIJNWdAc3dVwokRVwmKZ_uewhc,,https://cornbreadsoul.com/
"best Healthy Restaurant","915 Broad St Retail 1, Newark, NJ 07102, USA","New Jersey",NJ,"Central Ward",dining,ChIJY3wautVTwokRsLIFjRvUa8Y,,https://brickcityvegan.com/
"47 Edison Pl","47 Edison Pl, Newark, NJ 07102, USA",Newark,NJ,,nightlife,Eic0NyBFZGlzb24gUGwgIzQ3LCBOZXdhcmssIE5KIDA3MTAyLCBVU0EiHhocChYKFAoSCXveGIeCU8KJEXIUH4XciXKIEgI0Nw,,
"Beyond Soul Food","Dwight Plaza, 139-157 7th Ave, Newark, NJ 07104, USA",Newark,NJ,"Seventh Avenue",dining,ChIJCZtWBCBVwokRxkeWmroTJJ4,"(888) 352-3966",https://www.beyond-soul.com/
"Beyond Soul Restaurant","Dwight Plaza, 139-157 7th Ave, Newark, NJ 07104, USA",Newark,NJ,"Seventh Avenue",dining,ChIJCZtWBCBVwokRxkeWmroTJJ4,,https://www.beyond-soul.com/
"Blueberry Café","547 Central Ave, Newark, NJ 07107, USA",Newark,NJ,Fairmount,dining,ChIJUcCroqFUwokRMu44q-OJqG0,,https://www.iloveblueberrycafe.com/
"City Lounge","225 Washington St, Newark, NJ 07102, USA",Newark,NJ,"Central Ward",nightlife,ChIJ67mtGUlTwokRujPk4xHe4r8,,http://citylounge973.com/
"Ikoyi Restaurant and Lounge","11 Clinton St, Newark, NJ 07102, USA",Newark,NJ,"Central Ward",dining|nightlife|lounge,ChIJQ_IieHVTwokRNLkvzLhORwI,"(908) 275-1495",http://ikoyirestaurant.com/
"Jersey & Co Gelato","3 Brewster Rd, Newark, NJ 07114, USA",Newark,NJ,,dining,ChIJwTvNPZNSwokR4eIVRpX5VYU,,https://www.jcgelato.com/
"Madre & Son Soulfood Cafe","37 Commerce St, Newark, NJ 07102, USA",Newark,NJ,"Central Ward",dining,ChIJjTrsiJRTwokRxVVqKSD45yY,,https://madreson.top/
"Madre & Son Soulfood Café","37 Commerce St, Newark, NJ 07102, USA",Newark,NJ,"Central Ward",dining,ChIJjTrsiJRTwokRxVVqKSD45yY,,https://madreson.top/
"Neighborhood Favorites","283 Clinton Ave, Newark, NJ 07108, USA",Newark,NJ,"South Broad Street",dining,ChIJcb5PG9NTwokREQG0hJamVRU,,https://www.neighborhoodfavorites.com/
"OMG Resteraunt","610 1/2, 610 Springfield Ave, Newark, NJ 07103, USA",Newark,NJ,"West Side",dining,ChIJc19jdBVTwokRntkJnPawUOY,,http://omgsrestaurant.com/
"The Good Eats Experience","85 Mulberry St, Newark, NJ 07102, USA",Newark,NJ,"Central Ward",dining,ChIJa9xrtpNTwokRV7HYwKOa2H8,,https://www.toasttab.com/thegoodeatsexperience/v3
"The Patio on Sussex","84-86 Sussex Ave, Newark, NJ 07103, USA",Newark,NJ,"University Heights",dining,ChIJFQ4CcwBVwokRuAO8ZQNU5U8,,
"The Yard","55 Park Pl, Newark, NJ 07102, USA",Newark,NJ,"Central Ward",dining,ChIJn78ktaRTwokRhg1UmbvQ12k,,http://www.theyardnewark.com/
"Town Bar + Kitchen","Newark International Airport, Post Security, Terminal A, 6 Earhart Dr, Newark, NJ 07114, USA",Newark,NJ,,lounge,ChIJzwLFxeVTwokRlGyPFytKRsI,,https://www.villarestaurantgroup.com/
citylounge,"225 Washington St, Newark, NJ 07102, USA",Newark,NJ,"Central Ward",nightlife,ChIJ67mtGUlTwokRujPk4xHe4r8,,http://citylounge973.com/
"southern restaurant","915 Broad St, Newark, NJ 07102, USA",Newark,NJ,"Central Ward",dining,ChIJKafJbndTwokRkJfpOHkdtVs,,http://www.cornbreadsoul.com/
"Blazin Chicken & Gyro","7606 Bergenline Ave, North Bergen, NJ 07047, USA","North Bergen",NJ,,dining,ChIJpb1Ftsr3wokRcS7b-Z2MhBU,,http://blazinchickengyro.com/
Sandwichitos,"9025 Old River Rd, North Bergen, NJ 07047, USA","North Bergen",NJ,,dining,ChIJM4LEXlz3wokR2P2eBzgEKF4,,https://sandwichitos.shop/
Kanoon,"572 Milltown Rd, North Brunswick Township, NJ 08902, USA","North Brunswick",NJ,,dining,ChIJ7TUCIwDHw4kRjJzyT2gnrrs,,https://www.babashawarmabakery.com/
"Rev Rail Co","3 Railroad Pl, North Creek, NY 12853, USA","North Creek",NJ,"",dining,ChIJUy0NtDaQ34kRJ1RigoWaApY,"(888) 738-0123",http://revrail.com/
"Emilio's Woodfire Pizza","170 Chestnut St, Nutley, NJ 07110, USA",Nutley,NJ,"",dining,ChIJm7dR715VwokRcoEJFq4sFKc,"(973) 320-2339",http://emilioswfp.com/
"Locurcio Family Markets","437 Franklin Ave, Nutley, NJ 07110, USA",Nutley,NJ,,dining,ChIJUS9QJ2P_wokRyaZwv9cB-Uc,,https://www.shoprite.com/?utm_source=GMB&utm_medium=Local_Search&utm_campaign=dbaPlatform&utm_term=111
"Tramonto's Pizza","3311 Sunset Ave, Ocean Township, NJ 07712, USA","Ocean Township",NJ,Wanamassa,dining,ChIJUeVXhNApwokRNsMS2JtPgH8,"(732) 807-1111",http://www.tramontospizza.com/
"The Sauce Oceanport","281 E Main St, Oceanport, NJ 07757, USA",Oceanport,NJ,,dining,ChIJYR-xJVYlwokR7IrIey8T7KU,,https://thesaucepizzeria.com/?utm_source=google
"Il Nido","184 Route 9 North, Willow Point, Shopping Center, Marlboro Township, NJ 07726, USA","Old Bridge",NJ,Robertsville,dining,ChIJWTz4MR_Sw4kRMZSG_XQV3GE,,https://espertohg.com/
"Madison Modern","3801 US-9, Old Bridge, NJ 08857, USA","Old Bridge",NJ,"Old Bridge",dining,ChIJH6UEJaXNw4kRYr9yBxjoHyA,,https://www.madisonmodernsocial.com/
"ORA FreeStyle Italian","304 Kinderkamack Rd, Oradell, NJ 07649, USA",Oradell,NJ,,dining,ChIJFbp3Jbr7wokR-10XZDNSUgI,,https://www.orainthedell.com/
Ora,"304 Kinderkamack Rd, Oradell, NJ 07649, USA",Oradell,NJ,,dining,ChIJFbp3Jbr7wokR-10XZDNSUgI,,https://www.orainthedell.com/
"The Green Lounge","314 Paramus Rd, Paramus, NJ 07652, USA",Paramus,NJ,,nightlife,ChIJ-4xae0f7wokRCVyoiog1pW8,,http://greenloungenj.com/
"Lotus Rooftop","822 Main Ave Suite A, Passaic, NJ 07055, USA",Passaic,NJ,,nightlife,ChIJH7u5Eyr_wokRqb0qQFKRKGs,,https://www.lotusrooftop.com/
"Al Basha","387 Crooks Ave, Paterson, NJ 07503, USA",Paterson,NJ,,dining,ChIJX4R1RaH-wokRPL-cDyxRrfA,,http://www.albashausa.com/
Bocaditos,"710 Madison Ave, Paterson, NJ 07501, USA",Paterson,NJ,,dining,ChIJLbnLjcr9wokRKxKAd5kC9Fc,,http://bocaditosbistropaterson.com/
"DR Pica Pollo","154 23rd Ave, Paterson, NJ 07513, USA",Paterson,NJ,,dining,ChIJH0PWM6L9wokRb2JROGA7B9o,,https://order.toasttab.com/online/drpicapollo
"Mancora Lounge","91 Prospect St, Paterson, NJ 07505, USA",Paterson,NJ,,nightlife,ChIJVSmPocv9wokRSPU0xP0IjIc,,https://www.instagram.com/mancora_lounge_nj/
Taj,"183 Crooks Ave, Paterson, NJ 07503, USA",Paterson,NJ,,dining,ChIJw4Y0DJn-wokRz4lwX5nOpuw,,https://www.tajlebanesecuisine.com/
"Tiff's Soul Food","112-114 Belmont Ave, Paterson, NJ 07522, USA",Paterson,NJ,,dining,ChIJkRmbsgT9wokRHxJlZxMDDyw,,
"Wings & Bang Bang Tots","5245E Marlton Pike, Pennsauken, NJ 08109, USA",Pennsauken,NJ,,dining,ChIJ6bj-5yvJxokRJ8sw90dPAlY,,
"Mars Kitchen","183 Broad St, Carneys Point, NJ 08069, USA",Pennsgrove,NJ,"Carneys Point",dining,ChIJdyNrZuHjxokRtE5OxXRQ3Zg,,https://mars-kitchen.square.site/
"South Jersey’s BEST breakfast spot","808 Blackwood-Clementon Rd, Pine Hill, NJ 08021, USA","Pine Hill",NJ,,dining,ChIJ_ZMUNInSxokRMEAKDmZ5Dfw,,
Bojangles,"1000 Stelton Rd, Piscataway, NJ 08854, USA",Piscataway,NJ,,dining,ChIJc1wF0na5w4kR7XKwWJv-7zQ,,https://locations.bojangles.com/nj/piscataway/1000-stelton-road-1414.html
"Sky Cafe","48 Sky Manor Rd, Pittstown, NJ 08867, USA",Pittstown,NJ,Pittstown,dining,ChIJSwz05nsKxIkR60F2CRhd8-w,,http://www.skymanorairport.com/sky-cafe.htm
"Agricola Eatery","11 Witherspoon St, Princeton, NJ 08542, USA",Princeton,NJ,,dining,ChIJ4cB-CMHmw4kRCdg_Z7vueQE,,http://agricolaeatery.com/
"Mediterra Restaurant Princeton","29 Hulfish St, Princeton, NJ 08542, USA",Princeton,NJ,,dining,ChIJRfcEZ8Dmw4kRcOZR9nV6Rng,,https://www.mediterrarestaurant.com/
_mamannyc_,"43 Hulfish St, Princeton, NJ 08542, USA",Princeton,NJ,,dining,ChIJ60xuDGPnw4kRfzSp808iOC4,,https://mamannyc.com/
"Cugini's Pizzeria","73-28 Bell Blvd, Oakland Gardens, NY 11364, USA",Queens,NJ,"Oakland Gardens",dining,ChIJk_g1QABhwokRhY3JoHWrBOE,"(718) 470-2591",http://cuginipizzeriaristorante.com/
"Meli's Pizzeria","98-31 Metropolitan Ave, Forest Hills, NY 11375, USA",Queens,NJ,"Forest Hills",dining,ChIJZ38WGt1fwokRHi8RsF0nKwc,"(718) 374-5157",http://www.meli-estiatorio.com/
"Uncle Louie's Pizza","81-34 Baxter Ave #1, Elmhurst, NY 11373, USA",Queens,NJ,Elmhurst,dining,ChIJxUnkValfwokRiMyos0C4j1M,"(718) 440-9346",https://www.instagram.com/louiespizza?igsh=MThuNDVvZ2l2bTVkMQ==
"Chicken Box","47 E Cherry St, Rahway, NJ 07065, USA",Rahway,NJ,,dining,ChIJUYFiFLGzw4kRuVDAoNRIyws,,
"Cook's Kitch'n","1683 St Georges Ave, Rahway, NJ 07065, USA",Rahway,NJ,,dining,ChIJWy8Lkjqzw4kRobKVZAlIgdU,,http://www.eatatcooks.com/
"Cook's KitchN","1683 St Georges Ave, Rahway, NJ 07065, USA",Rahway,NJ,,dining,ChIJWy8Lkjqzw4kRobKVZAlIgdU,,http://www.eatatcooks.com/
"Cook's Kitchen","1683 St Georges Ave, Rahway, NJ 07065, USA",Rahway,NJ,,dining,ChIJWy8Lkjqzw4kRobKVZAlIgdU,,http://www.eatatcooks.com/
Cookskitchn,"1683 St Georges Ave, Rahway, NJ 07065, USA",Rahway,NJ,,dining,ChIJWy8Lkjqzw4kRobKVZAlIgdU,,http://www.eatatcooks.com/
Eatatcooks,"1683 St Georges Ave, Rahway, NJ 07065, USA",Rahway,NJ,"",dining,ChIJWy8Lkjqzw4kRobKVZAlIgdU,"(732) 820-9545",http://www.eatatcooks.com/
"Ramsey Farmers Market","2 W Main St, Ramsey, NJ 07446, USA",Ramsey,NJ,,dining,ChIJ1dsb0F7hwokR92UXSEvB8_4,,https://www.ramseyfarmersmarket.org/
"Taliercio's","544 Road 35, Red Bank, NJ 07701, USA","Red Bank",NJ,,dining,ChIJ62C7BwkxwokR9fdyq2YXZSI,,https://talierciosdeli.com/
"The Melting Pot","2 Bridge Ave, Red Bank, NJ 07701, USA",Redbank,NJ,,dining,ChIJVZfgShkxwokRroJei3FehJU,,https://www.meltingpot.com/red-bank-nj/
"Cantina 46","88 US-46, Ridgefield, NJ 07657, USA",Ridgefield,NJ,,dining,ChIJ3zzFv333wokRtbrj4-7MHPU,,https://www.cantina46nj.com/
Cantina46NJ,"88 US-46, Ridgefield, NJ 07657, USA",Ridgefield,NJ,,dining,ChIJ3zzFv333wokRtbrj4-7MHPU,,
"Lula NJ","28 Oak St, Ridgewood, NJ 07450, USA",Ridgewood,NJ,,dining,ChIJu51VB-nlwokRiHYkk4DYGPg,,https://www.lulanj.com/
"De Lorenzo's Tomato Pies","2350 NJ-33, Robbinsville Twp, NJ 08691, USA","Robbinsville Township",NJ,"Robbinsville Center",dining,ChIJVTAvBrBfwYkRC4DyzvtMexo,"(609) 341-8480",http://delorenzostomatopies.com/
"El Asadero Mexican Grill","375 W Passaic St, Rochelle Park, NJ 07662, USA","Rochelle Park",NJ,,dining,ChIJh3uRMzH7wokRds_2J0FFwqc,,https://www.elasaderomexicangrill.com/
"157 E Westfield Ave","157 E Westfield Ave, Roselle Park, NJ 07204, USA","Roselle Park",NJ,,dining,EjYxNTcgRSBXZXN0ZmllbGQgQXZlIDE1NyBlLCBSb3NlbGxlIFBhcmssIE5KIDA3MjA0LCBVU0EiIRofChYKFAoSCYOejNeOssOJEdn5eNbGuYnoEgUxNTcgZQ,,
"The Addy's BBQ","881 Main St, Sayreville, NJ 08872, USA",Sayreville,NJ,,dining,ChIJVX-7lcjLw4kRoSK3mGff4iI,,https://addysbarbeque.com/
"Berkeley Cut","2204 Central Ave, Seaside Park, NJ 08752, USA","Seaside Heights",NJ,,dining,ChIJTzgZkNqZwYkRSSsCpZz2m94,,https://berkeleycutsteakhouse.com/?utm_source=google
"Haute Dulce","700 Plaza Dr suite 137d, Secaucus, NJ 07094, USA",Secaucus,NJ,,dining,ChIJUY1A-BhXwokRJju1UQGVo6I,,https://www.hautedulce.com/
"Eataly New Jersey","1200 Morris Tpke #112, Short Hills, NJ 07078, USA","Short Hills",NJ,"Short Hills",dining,ChIJF-bRZACvw4kRmgXn_yITISI,,
"Jack's Surf Turf","504 Millburn Ave, Short Hills, NJ 07078, USA","Short Hills",NJ,"Short Hills",dining,ChIJHXShV0evw4kR6Ka3dP9-IV0,,http://jacksurfturf.com/
"Albariño","508 Broad St, Shrewsbury, NJ 07702, USA",Shrewsbury,NJ,,dining,ChIJhaWYRyYwwokRCjpVIx_HkHY,,http://albarinorestaurant.com/
SicklervilleSoul,"250 Sicklerville Rd, Sicklerville, NJ 08081, USA",Sicklerville,NJ,Sicklerville,dining,ChIJfzX4v53UxokR-13I74duqMo,,http://www.victoriaskitchen.com/
"Victoria’s Kitchen","250 Sicklerville Rd, Sicklerville, NJ 08081, USA",Sicklerville,NJ,Sicklerville,dining,ChIJfzX4v53UxokR-13I74duqMo,,http://www.victoriaskitchen.com/
"Brunch by DeMartino","9 Davenport St, Somerville, NJ 08876, USA",Somerville,NJ,"",dining,ChIJx_-O0BGVw4kRA_3bjvsxBfA,"(908) 722-8602",http://www.brunchinsomerville.com/
"Pink Pistachio Cafe","1101 Randolph Rd, Somerset, NJ 08873, USA",Somerville,NJ,Somerset,dining,ChIJk4I6EQDBw4kR9a4VP6H_XXc,,http://www.pinkpistachio.co/
"Prima Pizza Kitchen","131 N Gaston Ave, Somerville, NJ 08876, USA",Somerville,NJ,"",dining,ChIJn4Yp_1CVw4kRNiziodbfug0,"(908) 203-1800",http://primapizzamenu.com/
"Amano Pizza Inc","346 Bordentown Ave, South Amboy, NJ 08879, USA","South Amboy",NJ,"",dining,ChIJhyyK55_Lw4kRYeXi0SH7eg8,"(732) 952-5220",http://www.amanopizzanj.com/
"Amazing Taste","71 Main St, South Bound Brook, NJ 08880, USA","South Bound Brook",NJ,,dining,ChIJEX8_SGC_w4kRrsyrCZR04kY,,
"Best Mexican restaurant","40 E Gibbsboro Rd, Lindenwold, NJ 08021, USA","South Jersey",NJ,,dining,ChIJdV5mSKfSxokROM_Q1q02Kpk,,http://mexicanhope.com/
"Clean Plate Preps","1281 Blackwood-Clementon Rd, Clementon, NJ 08021, USA","South Jersey",NJ,,dining,ChIJC_DPJDnTxokRtYbc7s_47Xs,,https://www.cleanplatemealprep.com/
"Clean Plate Preps NJ","880 Mantua Pike, Woodbury Heights, NJ 08097, USA","South Jersey",NJ,,dining,ChIJF_xFoefbxokRsBkx3RKO2MI,,http://www.cleanplatemealprep.com/
"Kitchen 519","200 E Evesham Rd, Glendora, NJ 08029, USA","South Jersey",NJ,Glendora,dining,ChIJQfz_vAzOxokRZ2IAak0LgDk,,https://www.kitchen519.online/
"Saker World Class Bakery","116 Sampton Ave, South Plainfield, NJ 07080, USA","South Plainfield",NJ,,dining,ChIJJzECS865w4kRWbDa1SoLpYs,,https://www.facebook.com/pages/Haisch-Bakery/116045461750264
"Shinjuku Station Sushi Bar","4989 Stelton Rd, South Plainfield, NJ 07080, USA","South Plainfield",NJ,,lounge,ChIJl74e2cW5w4kRoBc3ld4aEmU,,https://shinjukusushi.com/
"Shinjuku Station Sushi Bar US","4989 Stelton Rd, South Plainfield, NJ 07080, USA","South Plainfield",NJ,,lounge,ChIJl74e2cW5w4kRoBc3ld4aEmU,,https://shinjukusushi.com/
"Secret Tea Room at Reeves Reed Arboretum","165 Hobart Ave, Summit, NJ 07901, USA",Summit,NJ,,dining,ChIJTUXglVeuw4kRw1Vi2qJP1z8,,http://reeves-reedarboretum.org/
"Surf City Bar","1435 W Craig Rd, North Las Vegas, NV 89032, USA","Surf City",NJ,,nightlife,ChIJyYCZNcPpyIARCEMYJLNijrw,,
"Hens and Honey Shoppe","95 Woodstown Rd, Swedesboro, NJ 08085, USA",Swedesboro,NJ,,dining,ChIJx4B3T3LfxokRT9yW8aZATxo,,http://www.hensandhoneyshoppe.com/
"Angora Mediterranean","444 Cedar Ln, Teaneck, NJ 07666, USA",Teaneck,NJ,,dining,ChIJBVes3Z_xwokRMqiPbioHd8E,,https://www.angoramediterranean.com/
"Sauced Up","1086 Palisade Ave, Teaneck, NJ 07666, USA",Teaneck,NJ,,dining,ChIJFbaPFznxwokR-8VXSzZ7-YY,,https://www.saucedupnj.com/
"Sauced Up NJ","1086 Palisade Ave, Teaneck, NJ 07666, USA",Teaneck,NJ,"",dining,ChIJFbaPFznxwokR-8VXSzZ7-YY,"(201) 600-8718",https://www.saucedupnj.com/
"Sweet T’s Southern Eatery","166 W Englewood Ave, Teaneck, NJ 07666, USA",Teaneck,NJ,,dining,ChIJj3Rxb_jxwokRQFQlLW-vu-A,,https://www.sweettseatery.com/
"Zina’s Steakhouse","827 Teaneck Rd, Teaneck, NJ 07666, USA",Teaneck,NJ,,dining,ChIJl485JsjwwokRE7ZUJVVG83g,,https://www.zinassteakhouse.com/
"Jinya Ramen Bar","465 US-46, Totowa, NJ 07512, USA",Totowa,NJ,,lounge,ChIJYxNCXWkBw4kRGarhV1iu33k,,https://www.jinyaramenbar.com/locations/totowa/?utm_medium=soci&utm_source=gmb
"Big Easy of Downtown Trenton","111 S Warren St, Trenton, NJ 08608, USA",Trenton,NJ,Downtown,dining,ChIJVVVVVc5ZwYkRYMSumkdjxQA,,https://bigeasy.top/
"Gloria Boyd Soul Food","111 S Warren St, Trenton, NJ 08608, USA",Trenton,NJ,Downtown,dining,ChIJVVVVVc5ZwYkRYMSumkdjxQA,,https://bigeasy.top/
"Infinity Lounge","100 Whittaker Ave, Trenton, NJ 08611, USA",Trenton,NJ,Chambersburg,nightlife,ChIJlVDUZbpZwYkREYs9p_pdtDI,,https://www.facebook.com/Infinity-108191489237243/
"Jean’s Kitchen","9 N Willow St, Trenton, NJ 08608, USA",Trenton,NJ,Downtown,dining,ChIJcVgVqBhZwYkRCsoo_2hzuQ0,,https://jeans-kitchen.square.site/
"Royal Cakes & Cafe","240 E State St, Trenton, NJ 08608, USA",Trenton,NJ,"Hanover Academy",dining,ChIJKyYHikVZwYkR8gW6AHJb4jU,,https://royalcakecreations-royalcakecafe0781.s4shops.com/
"Soul Food Sunday","9 N Willow St, Trenton, NJ 08608, USA",Trenton,NJ,Downtown,dining,ChIJcVgVqBhZwYkRCsoo_2hzuQ0,,https://jeans-kitchen.square.site/
"Sweet Chili Swing Platter","926 N Olden Ave, Trenton, NJ 08638, USA",Trenton,NJ,"Top Road",dining,ChIJ1UqIVWmrw4kRmHRdHJqcPTg,,http://www.dylilahsweetsinsation.com/
"Tracey's Kitchen","241 E Front St, Trenton, NJ 08611, USA",Trenton,NJ,"Hanover Academy",dining,ChIJscYq1BRZwYkRniu1T981E18,,
"Tracey’s Kitchen","241 E Front St, Trenton, NJ 08611, USA",Trenton,NJ,"Hanover Academy",dining,ChIJscYq1BRZwYkRniu1T981E18,,
"Unnamed Restaurant","11 Front St, Trenton, ON K8V 4N3, Canada",Trenton,NJ,Trenton,dining,ChIJman6kwMX1okRRuCYqaY_MSM,,http://www.thecounterrestaurant.ca/
"Fried Crispy Chicken","1302 Stuyvesant Ave., Union, NJ 07083, USA",Union,NJ,,dining,ChIJA1gQJMytw4kRBffvBr9K9Zk,,http://www.friedcrispychickennj.com/
"H&S SoulFood","1700 Stuyvesant Ave., Union, NJ 07083, USA",Union,NJ,,dining,ChIJGYtQimCtw4kRMfaOsmWnARM,,http://www.hssoulfood.com/
"Union Bar and Restaurant","Heinrich-Seliger-Straße 13, 60528 Frankfurt am Main, Germany",Union,NJ,"Frankfurt-Süd",lounge,ChIJ48bEJ44LvUcRHiyVFm_PQbc,,https://www.gaststaetteunionniederrad.de/
"SMAC kitchen","197 1st Ave, New York, NY 10003, USA","Union City",NJ,Manhattan,dining,ChIJC2z1451ZwokRdm70SHTgRD0,,https://www.eatsmac.com/?y_source=1_MTA1NjA2ODgzNS03MTUtbG9jYXRpb24ud2Vic2l0ZQ%3D%3D
"Hidden Soul Food Restaurant","22 W Landis Ave, Vineland, NJ 08360, USA",Vineland,NJ,,dining,ChIJiXyqAjwyx4kRd-U19GZdWVo,,
"Taste Buds Soul Food","22 W Landis Ave, Vineland, NJ 08360, USA",Vineland,NJ,,dining,ChIJiXyqAjwyx4kRd-U19GZdWVo,,
"Girl with a grill","910 Haddonfield-Berlin Rd #3, Voorhees Township, NJ 08043, USA","Voorhees Township",NJ,Echelon,dining,ChIJYW9van7NxokRRf8rN-SZD2g,"(856) 258-2857",https://girlwithagrill.org/
"Wagyu Steak","1200 Harbor Blvd, Weehawken Township, NJ 07086, USA",Weehawken,NJ,,dining,ChIJ35sVdsxZwokRqWhUeLog3dw,,https://bluonthehudson.com/?utm_source=google&utm_medium=organic&utm_campaign=gbp
"favorite NJ restaurant","1700 Harbor Blvd, Weehawken Township, NJ 07086, USA","Weehawken Township",NJ,"",dining,ChIJfSrfpzJYwokRZK7ZRue5tG8,"(201) 348-6628",https://www.chart-house.com/location/chart-house-weehawken-nj/
"The Concourse Club","379 NJ-17 South, Wood-Ridge, NJ 07075, USA",Wood-Ridge,NJ,"",dining|nightlife|lounge,ChIJXS05bIX5wokRT1Ih63pfuUs,"(201) 710-6459",https://www.concourseclubnj.com/
"Sole Food","689 Florida Grove Rd, Hopelawn, NJ 07095, USA",Woodbridge,NJ,Hopelawn,dining,ChIJt_07QlO1w4kRjq_crRzq0TM,,
"Sole Food BBQ","689 Florida Grove Rd, Hopelawn, NJ 07095, USA",Woodbridge,NJ,Hopelawn,dining,ChIJt_07QlO1w4kRjq_crRzq0TM,,
"Strickland's Steakhouse","106 Main St, Woodbridge, NJ 07095, USA",Woodbridge,NJ,Woodbridge,dining,ChIJMzjfCvW1w4kRFRdf4yHr9xg,,http://www.stricklandssteakhouse.com/
"Blue Bottle Coffee","252 N Bridge Rd, #01-01 Lumine Raffles City, Singapore 179103",city,NJ,"Downtown Core",dining,ChIJFzyzLQAZ2jERkWIy2e13IgI,,https://www.facebook.com/bluebottlecoffee
"Angelo's Pizzeria","1 Anderson Ave, Fairview, NJ 07022, USA","north Jersey",NJ,,dining,ChIJeyWjisP3wokRwwxIttR2IhM,,http://www.angelosnj.com/
"Palazzone 1960","190 NJ-23, Wayne, NJ 07470, USA","north Jersey",NJ,,dining,ChIJUeoa65cBw4kRaAG_rOVG_qw,,https://www.palazzone1960.com/
"The Pasta Shop","13 1st Ave, Denville, NJ 07834, USA","north Jersey",NJ,,dining,ChIJifni75cJw4kRrTZwm1GIFAY,,http://www.thepastashopdenville.com/
"that dinner spot","1442 Marlton Pike, Cherry Hill Township, NJ 08034, USA","south jersey",NJ,"Kingston Estates",dining,ChIJ44q5DELLxokR8WSvFdJLVIc,,http://fandftavern.com/
"Kith Treats","337 Lafayette St, New York, NY 10012, USA","All US",NY,Manhattan,dining,ChIJvwu6VK6JwokRjfL1ztzLzK0,,https://kith.com/pages/shop-treats?utm_campaign=Kithtreats&utm_medium=kithtreats.com&utm_source=redirects
"Agenda Astoria","28-18 31st St, Astoria, NY 11102, USA",Astoria,NY,Astoria,nightlife,ChIJk6QuxV1fwokRCMn0rzk2S3A,,https://agendaastoria.com/
"Kam Rai Thai","43-11 28th Ave, Astoria, NY 11103, USA",Astoria,NY,Astoria,dining,ChIJ7Ws_HhlfwokRuyW4Ktxir_8,,http://kamraithai.net/
Macoletta,"28-15 24th Ave, Long Island City, NY 11102, USA",Astoria,NY,"Long Island City",dining,ChIJLcuT-w5fwokRxLQ4DjG1Qv8,,https://www.macoletta.com/
"Pig Beach BBQ","35-37 36th St Ground Floor, Astoria, NY 11106, USA",Astoria,NY,Astoria,dining,ChIJsT7KfEtfwokRdTuEU6J5MAI,,http://www.pigbeachnyc.com/
"Pig Beach Queens","35-37 36th St Ground Floor, Astoria, NY 11106, USA",Astoria,NY,Astoria,dining,ChIJsT7KfEtfwokRdTuEU6J5MAI,,http://www.pigbeachnyc.com/
"Smoke and Mirrors","28-04 Steinway St, Long Island City, NY 11103, USA",Astoria,NY,"Long Island City",nightlife,ChIJHxFXl91fwokRIS0l8mtuBNk,,https://smloungeastoria.com/
"South Beach","23-44 Steinway St, Astoria, NY 11105, USA",Astoria,NY,Astoria,nightlife,ChIJU4VznmlfwokRk88NwePPDqk,,http://southbeachastorianyc.com/
"The best hookah place","25-79 Steinway St, Astoria, NY 11103, USA",Astoria,NY,Astoria,nightlife,ChIJTziFGUBfwokRQfgokclDIQg,,http://oddmenu.com/p/tabooasstoria
"Tipsy Scoop","3815 23rd Ave, Astoria, NY 11105, USA",Astoria,NY,Astoria,dining,ChIJS6tV7nFfwokRmFC9lDbgnMM,,https://tipsyscoop.com/pages/queens
"Zen Astoria","37-20 30th Ave., Astoria, NY 11103, USA",Astoria,NY,Astoria,dining,ChIJn7_1gGRfwokR5X37bWC__lc,,https://www.instagram.com/zen_astoria
"hookah place","23-52 Steinway St, Astoria, NY 11105, USA",Astoria,NY,Astoria,nightlife,ChIJwUgcnWlfwokRbz8K1XjeRlA,,
vida.nyc,"30-27 Steinway St, Queens, NY 11103, USA",Astoria,NY,Astoria,dining,ChIJt25F6MlfwokRaDUwXJSLT1k,,http://www.vidasteakhouse.com/
"Pops & Poosh","988 Merrick Rd, Baldwin, NY 11510, USA",Baldwin,NY,,dining,ChIJu4ef7YB7wokR98tAsRWomRM,,http://www.popsandpoosh.com/
"El Xiringuito de la Barceloneta","Av. del Litoral, 62, Sant Martí, 08005 Barcelona, Spain",Barcelona,NY,"Sant Martí",dining,ChIJux5s9Q2jpBIRDGd1vZQU9aE,,
"La Boqueria Market","La Rambla, 91, Ciutat Vella, 08001 Barcelona, Spain",Barcelona,NY,"Ciutat Vella",dining,ChIJAVoetfeipBIR1a1z3FTGCoY,,
"La Papa","Carrer d'Aribau, 92, L'Eixample, 08036 Barcelona, Spain",Barcelona,NY,"L'Eixample",dining,ChIJ_9_sbKKjpBIRUbMyF_9Z9Mc,,
"Quimet y Quimet","Carrer del Poeta Cabanyes, 25, Sants-Montjuïc, 08004 Barcelona, Spain",Barcelona,NY,"Sants-Montjuïc",dining,ChIJbSqmkF2ipBIROKuS4vazQO0,,
"Suru Bar","Carrer de Casanova, 134, Eixample, 08036 Barcelona, Spain",Barcelona,NY,Eixample,dining,ChIJ0Xon6-GjpBIR3KM1t3bqWVc,,
"Offgrid's Cafe","45-54 Bell Blvd, Bayside, NY 11361, USA",Bayside,NY,Bayside,dining,ChIJ4Rj6OAVhwokRcjGcTyWDuP8,,https://www.instagram.com/offgrids_cafe/
"The Roundhouse","2 E Main St, Beacon, NY 12508, USA",Beacon,NY,,dining,ChIJhwhP1mAx3YkRO3FXmFj7Dkk,,https://roundhousebeacon.com/restaurant/
"2 Chix Brunch","1022 Broadway, Brooklyn, NY 11221, USA",Bedstuy,NY,Bedford-Stuyvesant,dining,ChIJ52S8cbxdwokRJJIYS6b_ToI,,https://www.brunch2chix.com/
Roca,"Hardenbergstraße 28, 10623 Berlin, Germany",Berlin,NY,"Bezirk Charlottenburg-Wilmersdorf",dining,ChIJtUaMUrwjZUERKqMOBZxTD6Y,"030 8140002460",http://waldorfastoriaberlin.de/Restaurants-Lounges/roca
Dandelion,"212 McKenley Hollow Rd, Big Indian, NY 12410, USA","Big Indian",NY,,dining,ChIJVSxxKDn33IkR7CW1koSQbVY,,https://www.eastwindhotels.com/dandelion
"Boogie Down Food Hall","868 Hunts Point Ave, Bronx, NY 10474, USA",Bronx,NY,"Hunts Point",dining,ChIJ_Y25fgD1wokRWMtstKibsA0,,http://boogiedowngrind.com/
"CEA-LOS - CAFE","1003 Soundview Ave, Bronx, NY 10472, USA",Bronx,NY,"East Bronx",dining,ChIJx8M1ieb0wokRvrrxTZja3rk,,https://www.cealocafe.com/
"Calabria Pork Store","2338 Arthur Ave, Bronx, NY 10458, USA",Bronx,NY,"Little Italy",dining,ChIJM-bcXof0wokRL3ynuz5OVCw,,https://calabriapork.com/
"Casa della Mozzarella","604 E 187th St, Bronx, NY 10458, USA",Bronx,NY,"Little Italy",dining,ChIJ-c74yYD0wokRqbdBsNyGRO0,,https://www.facebook.com/CasaDellaMozzarella/
"Code Red","1320 E Gun Hill Rd, Bronx, NY 10469, USA",Bronx,NY,Laconia,dining,ChIJAQAQfEnzwokR5cXlw6wWYxU,,https://coderedrestaurant.com/
"Egidio Pastry Shop","622 E 187th St, Bronx, NY 10458, USA",Bronx,NY,"Little Italy",dining,ChIJYYDOMof0wokRCEwVvFJcp_w,,
"Grounds Donut House","4039 E Tremont Ave, Bronx, NY 10465, USA",Bronx,NY,"East Bronx",dining,ChIJXdZaiReLwokRXyVCGNZ9c80,,http://www.groundsdonuthouse.com/
"Juici Patties","610 Exterior St 4th FLOOR, Bronx, NY 10451, USA",Bronx,NY,"West Bronx",dining,ChIJd6Q7TMX1wokRQeaxNRtM-LU,,https://juicipattiesusa.com/
"Madonia Bakery","2348 Arthur Ave, Bronx, NY 10458, USA",Bronx,NY,"Little Italy",dining,ChIJ0amSWof0wokRDOH_B8GxbYM,,http://www.madoniabakery.net/
"Roberto's Restaurant","603 Crescent Ave, Bronx, NY 10458, USA",Bronx,NY,"Little Italy",dining,ChIJpb3wZof0wokREXE6p8y04O8,,https://www.robertosbronx.com/
"Taco Tuesday","5977 Broadway, Bronx, NY 10471, USA",Bronx,NY,Fieldston,dining,ChIJq1rdt2LzwokRvnU7AKI34VE,,https://www.thelaststopbar.com/
"Vogue Restaurant Lounge","1472 Ogden Ave, Bronx, NY 10452, USA",Bronx,NY,Highbridge,dining|nightlife|lounge,ChIJG0uvluD1wokRpRWe9tzDd0U,,
"Wing Wednesday","193 W 237th St, Bronx, NY 10463, USA",Bronx,NY,Kingsbridge,dining,ChIJ6-p8K6PzwokRkPgswrTsPDw,,"https://www.buffalowildwings.com/locations/us/ny/bronx/193-west-237th-street,-retail-h,-space-201/sports-bar-1623/?utm_source=google-my-business&utm_medium=organic&utm_campaign=website-link&y_source=1_MjAxNjYxMTAzMy03MTUtbG9jYXRpb24ud2Vic2l0ZQ%3D%3D"
"1140 Utica Ave","1140 Utica Ave, Brooklyn, NY 11203, USA",Brooklyn,NY,,dining,Ei0xMTQwIFV0aWNhIEF2ZSAjMTE0MCwgQnJvb2tseW4sIE5ZIDExMjAzLCBVU0EiIBoeChYKFAoSCYNH0d-jXMKJEanfXnHDW4juEgQxMTQw,,
"24hr soul food spot","302 Atlantic Ave, Brooklyn, NY 11201, USA",Brooklyn,NY,"Boerum Hill",dining,ChIJua292E1awokRtj7K3ujLMLc,,http://www.soulspotrestaurant.com/
"4am Bar Lounge","1836 McDonald Ave, Brooklyn, NY 11223, USA",Brooklyn,NY,Gravesend,nightlife,ChIJK0MQu35FwokR1434HKFIcBE,,http://www.loulouloungenyc.com/
"Aura Cocina","315 Meserole St, Brooklyn, NY 11206, USA",Brooklyn,NY,"East Williamsburg",dining,ChIJD9y6qKpewokRMYviyTLQ1P0,,https://auracocinanyc.com/
"BAP'S","9922 Garden Grove Blvd, Garden Grove, CA 92844, USA",Brooklyn,NY,,dining,ChIJU68qx2gp3YARuCOMQ5e2hNM,,
"Bamboo Walk","1343 Utica Ave, Brooklyn, NY 11203, USA",Brooklyn,NY,,dining,ChIJgUNvXv9dwokRKXPry0VbFl0,,https://bamboowalk.com/?utm_source=google
"Bars and Delis","857 Greene Ave, Brooklyn, NY 11221, USA",Brooklyn,NY,Bedford-Stuyvesant,dining,ChIJb3xHgW5dwokRN5z1yAHGGl8,,
"Bellas Brooklyn","1604 Avenue H, Brooklyn, NY 11230, USA",Brooklyn,NY,Flatbush,dining,ChIJmSOWQcpEwokRi1xwphrEXIg,,http://bellapizzarestaurantbrooklyn.com/
"Black Nile Seafood & Soul Food Halal Restaurant","1140 Utica Ave, Brooklyn, NY 11203, USA",Brooklyn,NY,"Little Caribbean",dining,ChIJo65TGptbwokRhq2a8aM33wE,,https://blacknilebk.com/
Bohemia,"160 N 12th St, Brooklyn, NY 11249, USA",Brooklyn,NY,Williamsburg,dining,ChIJaQ0NwDRZwokROxWXhtSUMRY,,
"Breuklyn Tequila","160 N 12th St, Brooklyn, NY 11249, USA",Brooklyn,NY,,nightlife,ChIJgQmOxVxZwokR9klio052TyA,,
"Brooklyn Chckn 'N' Lbstr","446 Mother Gaston Blvd, Brooklyn, NY 11212, USA",Brooklyn,NY,Brownsville,dining,ChIJR41tEZFdwokRxsHM9gNbz2A,,http://brooklynchcknlbstr.com/
"Brooklyn Chckn n Lbstr","446 Mother Gaston Blvd, Brooklyn, NY 11212, USA",Brooklyn,NY,Brownsville,dining,ChIJR41tEZFdwokRxsHM9gNbz2A,,http://brooklynchcknlbstr.com/
"Brooklyn Chicken and Waffles","164 Bedford Ave, Brooklyn, NY 11249, USA",Brooklyn,NY,Williamsburg,dining,ChIJEw37uV1ZwokRWHsTZx1hg1A,,https://www.sweetchick.com/
"CZEN Restaurant","4410 Avenue H, Brooklyn, NY 11234, USA",Brooklyn,NY,Flatlands,dining,ChIJXV940sNdwokR7Z56ISzYiiQ,,http://czennyc.com/
"Cafe 20 Grams","145 West St Floor 1, Brooklyn, NY 11222, USA",Brooklyn,NY,Greenpoint,dining,ChIJoWNLJDNZwokR85V0mj7fxaM,,https://www.jubileemarketplace.com/
"Charm Bar","448 Dean St, Brooklyn, NY 11217, USA",Brooklyn,NY,"Park Slope",lounge,ChIJgRd23gFbwokRFaACKwWIF7E,,https://charmbarrestaurant.com/?utm_source=google
"Cloudy Donuts","14 Columbia Pl, Brooklyn, NY 11201, USA",Brooklyn,NY,"Brooklyn Heights",dining,ChIJuZ1wys9bwokRyCbnC8MZcOM,,https://www.cloudydonut.com/
Coda,"160 N 12th St, Brooklyn, NY 11249, USA",Brooklyn,NY,Williamsburg,dining,ChIJrY2bpJVZwokRuXtpsP1Pa_A,,https://www.codahotels.com/
Continent,"500 Metropolitan Ave, Brooklyn, NY 11211, USA",Brooklyn,NY,Williamsburg,dining,ChIJYdG4TgBZwokR11kC5H4WLTw,,https://thecontinentbrooklyn.com/
"Cupcakes After Dark","335 Union Ave, Brooklyn, NY 11211, USA",Brooklyn,NY,Southside,dining,ChIJcftZY-JbwokRJ1OLBsYHNYs,"(718) 576-3600",http://www.brooklyncupcake.com/
"Dekalb Market Hall","445 Albee Square W, Brooklyn, NY 11201, USA",Brooklyn,NY,"Downtown Brooklyn",dining,ChIJYdQQqUxawokRgEb3GR9Qqhw,,http://dekalbmarkethall.com/
"Djon Djon","1206 Nostrand Ave, Brooklyn, NY 11225, USA",Brooklyn,NY,"Prospect Lefferts Gardens",dining,ChIJTX1IoC1bwokRPWu7-zOniw8,,https://www.djondjonbk.com/
"Dope Cafe","44 Court St STE 1217 #1040, Brooklyn, NY 11201, USA",Brooklyn,NY,"Brooklyn Heights",dining,ChIJ-9DrsqpdwokRKfsjsHPg-CI,,http://www.universityofdope.com/
"Dreams of Sugar","506 Nostrand Ave, Brooklyn, NY 11216, USA",Brooklyn,NY,Bedford-Stuyvesant,dining,ChIJgy96iitbwokReJBLqh-os7k,,https://www.dreamsofsugar.com/
"EXOTIC EATS NYC","1140 Utica Ave, Brooklyn, NY 11203, USA",Brooklyn,NY,"Little Caribbean",dining,ChIJh1NoJBxdwokRyZeN1kLvzQA,,https://uticatakeout.com/s/exotic-eats-southern-style-soul-food/1140-utica-ave-brooklyn/47f45fec-409c-4d32-9ddc-1b999eb92f99
Eko,"11010 Flatlands Ave, Brooklyn, NY 11207, USA",Brooklyn,NY,"Starrett City",dining,ChIJmXKfF0JdwokRscStlACtsKY,,http://www.ekoloungenyc.com/
"Elite Williamsburg","128 Metropolitan Ave, Brooklyn, NY 11211, USA",Brooklyn,NY,Williamsburg,dining,ChIJe_ZA_wJZwokR2UPfnzdJLUQ,,https://www.elitewilliamsburg.com/
"Fandi Mata","74 Bayard St, Brooklyn, NY 11222, USA",Brooklyn,NY,Williamsburg,dining,ChIJqSwWaP5ZwokRuHaHr43H39o,,https://www.fandimata.com/
"Farmer in the Deli","357 Myrtle Ave, Brooklyn, NY 11205, USA",Brooklyn,NY,"Fort Greene",dining,ChIJpTps8bdbwokRJlV1kHCSWPQ,,https://instagram.com/farmerdeli1?igshid=NzZlODBkYWE4Ng==
"Forma Pasta Factory","14 Bedford Ave, Brooklyn, NY 11222, USA",Brooklyn,NY,Greenpoint,dining,ChIJQ1ZCUkRZwokRYKlkqQijGHg,,https://www.formapasta.com/
"Fornino Pizza","849 Manhattan Ave, Brooklyn, NY 11222, USA",Brooklyn,NY,Greenpoint,dining,ChIJx1Bo1EBZwokRUZ_xdNzvcLY,"(718) 389-5300",http://www.fornino.com/
"GG’s Fish & Chips","234 Hoyt St, Brooklyn, NY 11217, USA",Brooklyn,NY,"Carroll Gardens",dining,ChIJeWNVFaRbwokRAvjZWGQA2zg,,http://seafoodrestaurantbrooklyn.com/
"Golfzon Social","15 Hoyt St, Brooklyn, NY 11201, USA",Brooklyn,NY,"Downtown Brooklyn",nightlife,ChIJ3U6nv29bwokRqNqk_YUruD8,,https://golfzonsocial.com/locations/brooklyn/?utm_source=extnet&utm_medium=yext
"HAAM Caribbean Plant Cuisine","234 Union Ave, Brooklyn, NY 11211, USA",Brooklyn,NY,Southside,dining,ChIJ_1K7PNXauisRl9c2S2cnfCc,"(212) 271-0110",https://healthyasamotha.com/?y_source=1_MzUxMjc4MjEtNzE1LWxvY2F0aW9uLndlYnNpdGU%3D
"Harriet's","60 Furman St Floor 11, Brooklyn, NY 11201, USA",Brooklyn,NY,"Brooklyn Heights",dining,ChIJPxACDBpbwokROc8Ds_8m9WQ,,https://www.1hotels.com/brooklyn-bridge/taste/harriets-rooftop?utm_source=google-gbp&utm_medium=organic&utm_campaign=gbp
"Hey Taco Cocina","25 River St, Brooklyn, NY 11249, USA",Brooklyn,NY,Williamsburg,dining,ChIJpRmiZz9ZwokRuNshIg9W8LQ,,https://www.heytacocina.com/
"Hudson Table","88 Withers St, Brooklyn, NY 11211, USA",Brooklyn,NY,Williamsburg,dining,ChIJO_Wahe9ZwokRN7x-EidXAUU,,https://hudsontable.com/brooklyn/
"Häagen-Dazs","120 Montague St, Brooklyn, NY 11201, USA",Brooklyn,NY,"Brooklyn Heights",dining,ChIJH3SlgUhawokR7f4Zknqi9BU,,https://www.haagendazs.us/
Ichiran,"374 Johnson Ave, Brooklyn, NY 11206, USA",Brooklyn,NY,Bushwick,dining,ChIJDwxnNABcwokRnRmtxisbW-Y,,https://www.ichiranusa.com/location/ichiran-brooklyn/
"Jack's Dining Room","258 Wythe Ave, Brooklyn, NY 11249, USA",Brooklyn,NY,Williamsburg,dining,ChIJz1BOzx5ZwokRCbrpgsDyf4c,,http://locations.jackswifefreda.com/williamsburg
"KFRI Event","63 Flushing Ave #268, Brooklyn, NY 11205, USA",Brooklyn,NY,"Brooklyn Navy Yard",nightlife,ChIJ2fN-PslbwokRCvrvHCa-yTY,"(646) 584-4379",https://duggalgreenhouse.com/
"Katie O's","452 E New York Ave, Brooklyn, NY 11225, USA",Brooklyn,NY,"Prospect Lefferts Gardens",dining,ChIJi_PHqXpbwokRIASY03NGLA4,,http://www.katieosoulfood.com/
"Katie O's Soul Food","452 E New York Ave, Brooklyn, NY 11225, USA",Brooklyn,NY,"Prospect Lefferts Gardens",dining,ChIJi_PHqXpbwokRIASY03NGLA4,,http://www.katieosoulfood.com/
"Lazy Sundaes","170 Front St, Brooklyn, NY 11201, USA",Brooklyn,NY,Dumbo,dining,ChIJkWdo8pxbwokRb0yfkKXQOrI,"",http://www.lazysundaes.com/
"Le Chai","1904 Utica Ave, Brooklyn, NY 11234, USA",Brooklyn,NY,Flatlands,dining,ChIJlwFSm91DwokRVE3Xn8ceGHk,,https://lechainyc.com/
"Little Oaxaca","138 Smith St, Brooklyn, NY 11201, USA",Brooklyn,NY,"Boerum Hill",dining,ChIJdY5yZQBbwokRxQj7xhEsFt4,,http://rutaoaxacamex.com/
"Lobo Cafe","218 Court St, Brooklyn, NY 11201, USA",Brooklyn,NY,"Cobble Hill",dining,ChIJ30X-EVBawokRbsoyYfGQoeM,"(718) 858-7739",http://lobonyc.com/
OhBoy,"84 Havemeyer St, Brooklyn, NY 11211, USA",Brooklyn,NY,Williamsburg,dining,ChIJ1-6mSetZwokRPwRFGmo0XAg,,http://www.ohboybk.com/
"Osteria Brooklyn","458 Myrtle Ave, Brooklyn, NY 11205, USA",Brooklyn,NY,"Clinton Hill",dining,ChIJHdU65Z5bwokRSOKahsjTfqw,,https://www.osteriabrooklyn.com/
"Prime 623","1566 Ralph Ave, Brooklyn, NY 11234, USA",Brooklyn,NY,"East Flatbush",dining,ChIJ08u4eqldwokROo6vliJySb8,,https://prime623.squarespace.com/
Psarakis,"420 Kent Ave, Brooklyn, NY 11249, USA",Brooklyn,NY,Southside,dining,ChIJ_cMjv51bwokRT_bpXRS98sk,,https://psaraki.com/
"Pura Vida Miami - Williamsburg Kent Ave","Address not found",Brooklyn,NY,Greenpoint,dining,ChIJi1GG80RZwokRs2q0KHjwMLk,"Phone not found",https://www.puravidamiami.com/
"Red Crab Brooklyn","911 Erskine St, Brooklyn, NY 11239, USA",Brooklyn,NY,"Spring Creek",dining,ChIJwRxptV5dwokRT7OP9yPw2M8,,http://redcrabbrooklyn.com/
"Red Hook Winery","175 Van Dyke St Suite 325A, Brooklyn, NY 11231, USA",Brooklyn,NY,"Red Hook",dining,ChIJTzh7oIhawokR_z3_wNt7SWg,,http://www.redhookwinery.com/
"Rockaway Gourmet Deli","9627 Farragut Rd, Brooklyn, NY 11236, USA",Brooklyn,NY,Canarsie,dining,ChIJ6z8bselcwokRQzAxUD__Z1Q,,https://bit.ly/rockawaygourmet
"SOUL FOOD & SLIDERS","409 Eastern Pkwy, Brooklyn, NY 11216, USA",Brooklyn,NY,"Crown Heights",dining,ChIJR_ch0LxbwokRXouTAZGjl7A,,http://www.cornbreadsoul.com/
"Set Lounge NYC","1828 McDonald Ave, Brooklyn, NY 11223, USA",Brooklyn,NY,Gravesend,nightlife,ChIJUxJKouVEwokRJKtRkWiN6a8,"(718) 758-5999",https://setloungeny.com/
"Skywise Lounge","2027 Emmons Ave STE 2, Brooklyn, NY 11235, USA",Brooklyn,NY,"Sheepshead Bay",nightlife,ChIJSdT4_c5FwokRLxPDD5MRxYk,"(718) 550-5454",http://www.skywiselounge.com/
"Slutty Vegan","690 Fulton St, Brooklyn, NY 11217, USA",Brooklyn,NY,"Fort Greene",dining,ChIJj1LEtLFbwokROxsCqsN6qBs,,https://sluttyveganatl.com/
Smorgasburg,"90 Kent Ave, Brooklyn, NY 11211, USA",Brooklyn,NY,Williamsburg,dining,ChIJ9-C4sWdZwokRjDucHJ5DepI,,http://smorgasburg.com/
"Smorgasburg Prospect Park","Prospect Park, Breeze Hill, Brooklyn, NY 11225, USA",Brooklyn,NY,Brooklyn,dining,ChIJC3UieTNbwokRuLWm5SYo1vk,,
"Sofia and Grace Cookie Co.","163 Ralph Ave, Brooklyn, NY 11233, USA",Brooklyn,NY,"Ocean Hill",dining,ChIJ_7qXmG1cwokRF6u4FIJGMqg,,https://www.sgcookies.com/
"Spices and Slices","158 Utica Ave, Brooklyn, NY 11213, USA",Brooklyn,NY,"Crown Heights",dining,ChIJ48_NI41bwokRwrpArqdLvo8,,
"Superior Ingredients","74 Wythe Ave, Brooklyn, NY 11249, USA",Brooklyn,NY,Williamsburg,nightlife,ChIJKQTZyEJZwokRpis6IDDbO-w,,https://www.si-bk.com/
Tabu,"10 Hope St, Brooklyn, NY 11211, USA",Brooklyn,NY,Williamsburg,dining,ChIJ7Tic54tZwokREeoJef4z9Dg,,http://tabubk.com/
"Taste of Heaven","251 Jackson St, Brooklyn, NY 11211, USA",Brooklyn,NY,"East Williamsburg",dining,ChIJvUlmNFJZwokRO03STM7jQ8w,,http://www.tasteofheavenbk.com/
"The Acoustik Garden Lounge","1515 Atlantic Ave, Brooklyn, NY 11213, USA",Brooklyn,NY,Bedford-Stuyvesant,nightlife,ChIJyTdrtIdbwokRB8DFGbTgwPk,,https://acoustikgardenlounge.com/
"The Empanada Spot","346 Graham Ave, Brooklyn, NY 11211, USA",Brooklyn,NY,Williamsburg,dining,ChIJ-dKAwBpZwokRHNjwPl94MgE,,
"The Gatehouses","Kings County Distillery, 299 Sands St, Brooklyn, NY 11205, USA",Brooklyn,NY,"Brooklyn Navy Yard",nightlife,ChIJP0IIestbwokRWukzb09d5WM,"(347) 689-4180",https://www.kingscountydistillery.com/the-gatehouses
"The Love Lounge","106 Melrose St, Brooklyn, NY 11206, USA",Brooklyn,NY,Bushwick,nightlife,ChIJ0a0LB7ZdwokRzooG9HOap0g,"(828) 337-7682",http://lovesclubnyc.com/
"The Polar Lounge","60 Furman St Floor 11, Brooklyn, NY 11201, USA",Brooklyn,NY,"Brooklyn Heights",nightlife,ChIJPxACDBpbwokROc8Ds_8m9WQ,,https://www.1hotels.com/brooklyn-bridge/taste/harriets-rooftop?utm_source=google-gbp&utm_medium=organic&utm_campaign=gbp
"The Simpson","673 Atlantic Ave, Brooklyn, NY 11217, USA",Brooklyn,NY,"Fort Greene",dining,ChIJ_W7cGPtbwokRXxTMC6MOvHA,,https://www.thesimpsonrestaurantbk.com/
"The Simpson Restaurant & Bar","673 Atlantic Ave, Brooklyn, NY 11217, USA",Brooklyn,NY,"Fort Greene",lounge,ChIJ_W7cGPtbwokRXxTMC6MOvHA,,https://www.thesimpsonrestaurantbk.com/
"The Soul Spot","302 Atlantic Ave, Brooklyn, NY 11201, USA",Brooklyn,NY,"Boerum Hill",dining,ChIJua292E1awokRtj7K3ujLMLc,,http://www.soulspotrestaurant.com/
Veras,"424 Sutter Ave, Brooklyn, NY 11212, USA",Brooklyn,NY,Brownsville,dining,ChIJ0TrcQVZdwokR7Kn76029wEk,,
"Vera’s Soul Food","424 Sutter Ave, Brooklyn, NY 11212, USA",Brooklyn,NY,Brownsville,dining,ChIJ0TrcQVZdwokR7Kn76029wEk,,
"Villa Bate Alba","7001 18th Ave, Brooklyn, NY 11204, USA",Brooklyn,NY,Bensonhurst,dining,ChIJUQMFzxlFwokR2xa-9JYXW0k,"(718) 331-8430",http://www.villabate.com/
"Viva Toro","987 Grand St, Brooklyn, NY 11211, USA",Brooklyn,NY,"East Williamsburg",dining,ChIJBy8JyGBZwokRLz2DtkMIqs4,,http://www.vivatoro.com/
Woodland,"572 Fulton St, Brooklyn, NY 11217, USA",Brooklyn,NY,"Fort Greene",dining,ChIJI3zW0a5bwokRIJQ0LZGLYJ8,,https://www.woodland.nyc/
"Woodzzy Bar & Outdoor Lounge","1133 Clarkson Ave, Brooklyn, NY 11212, USA",Brooklyn,NY,"East Flatbush",nightlife,ChIJ2duKoDldwokRohdv9rtecYc,,http://woodzzybarandrestaurant.com/
"Yummys Restaurant","706 Nostrand Ave, Brooklyn, NY 11216, USA",Brooklyn,NY,"Crown Heights",dining,ChIJu876WwBbwokRbSyA2XiQNq0,,http://yummysrestaurantnyc.com/
atti.nyc,"294 Livingston St, Brooklyn, NY 11217, USA",Brooklyn,NY,"Downtown Brooklyn",dining,ChIJfxC4aXJbwokRJ-UMzxsSy-0,,http://www.attinyc.com/
bkbeso,"370 Lewis Ave, Brooklyn, NY 11233, USA",Brooklyn,NY,"Stuyvesant Heights",dining,ChIJ2QqDF3ZcwokRX0EBn3HpcjI,,http://brooklynbeso.com/
bun.haus,"194 Bedford Ave, Brooklyn, NY 11249, USA",Brooklyn,NY,Williamsburg,dining,ChIJIWAOhpRZwokRuFuh2FGtyBg,,https://bun-haus.com/?utm_source=google
chefdupreeofficial,"123 Linden Blvd Apt 9A, Brooklyn, NY 11226, USA",Brooklyn,NY,"Little Haiti",dining,ChIJ6-M37j5bwokRBD0irtup634,,https://chefdupreeofficial.wixstudio.com/breaktheplate
grottobk,"321 Nostrand Ave, Brooklyn, NY 11216, USA",Brooklyn,NY,Bedford-Stuyvesant,dining,ChIJW3zHypNbwokRdRqaCFiNE-E,,
guesthouse265,"265 Graham Ave, Brooklyn, NY 11206, USA",Brooklyn,NY,Southside,dining,ChIJP4wdOFZZwokRGUUMsXcwWv0,,http://www.guesthouse265.com/
level.restaurant,"2775 Coney Island Ave, Brooklyn, NY 11235, USA",Brooklyn,NY,Gravesend,dining,ChIJO8HZqcRFwokRDgSJh5IdCdY,,https://www.level.restaurant/
theboozery,"420 Troy Ave, Brooklyn, NY 11213, USA",Brooklyn,NY,"Crown Heights",dining,ChIJ6e64BEpbwokRCP_tsOFw9iM,,https://linktr.ee/Boozery
"Heavens Countertop","1641 Hertel Ave, Buffalo, NY 14216, USA",Buffalo,NY,"Central Park",dining,ChIJqxOlTwBt04kRNBMYBx8tMOA,,https://www.heavenscountertop.com/
"The Grub Plug","37 Chandler St Suite 306A, Buffalo, NY 14207, USA",Buffalo,NY,"Black Rock",dining,ChIJt2YXCgBt04kRQTlyq0Tnlck,,
"Forever Thai","1031 Flushing Ave, Brooklyn, NY 11237, USA",Bushwick,NY,Bushwick,dining,ChIJ-TPCipxdwokR0Nx6d8ZKzEc,,http://foreverthaibushwick.com/
"Cityview Rooftop Lounge and Event Space","2007 127th Street Rooftop, Queens, NY 11356, USA","College Point",NY,Queens,nightlife,ChIJoXKpo-OLwokRGSIKTeZ6KPs,,https://www.cityview.nyc/
"Pluto Lounge","1130 Nostrand Ave, Brooklyn, NY 11225, USA","Crown Heights",NY,"Prospect Lefferts Gardens",nightlife,ChIJKf8rZgBbwokRrP2JV1yod_E,,
Nuser-et,"Restaurant Village Four Seasons Resort شارع شاطئ - Jumeirah - Jumeirah 2 - Dubai - United Arab Emirates",Dubai,NY,"Jumeirah 2",dining,ChIJDTWrLRFCXz4RisyjvRHbD-A,,
"Bostwick's Chowder House","277 Pantigo Rd, East Hampton, NY 11937, USA","East Hampton",NY,,dining,ChIJi1QynAal6IkR3ecXPtte7vo,,http://www.bostwickschowderhouse.com/
"Grindstone Donuts","27 Race Ln, East Hampton, NY 11937, USA","East Hampton",NY,,dining,ChIJA5aost676IkRxj3ID6Z4Mnw,,https://grindstonedonuts.com/
"Sisi Restaurant","295 Three Mile Harbor Hog Creek, East Hampton, NY 11937, USA","East Hampton",NY,,dining,ChIJZXFt3Wel6IkRCZI9z3l1V0o,,https://www.ehpresort.com/sisi
"Pietro's Pizzeria East Meadow","476 E Meadow Ave, East Meadow, NY 11554, USA","East Meadow",NY,,dining,ChIJKxgEFnV-wokR28n7LgReVqs,,http://www.pietros-pizza.com/
venhuenyc,"21 Avenue B, New York, NY 10009, USA","East Village",NY,Manhattan,dining,ChIJbzLdhstZwokRXV0VHS5XSqg,,http://venhue.com/
"Oui Cocktail Lounge","1480 Flatbush Ave, Brooklyn, NY 11210, USA",Flatbush,NY,Flatbush,nightlife,ChIJKxaMcM1bwokRJHXzHJnWgZ4,,http://www.ouicocktaillounge.com/
"Ganhoo BBQ","37-02 Main St 2nd FLOOR, Flushing, NY 11354, USA",Flushing,NY,Flushing,dining,ChIJoSOOj4NhwokRRx0QN3KRprY,,http://www.ganhoobbq.com/
"Spot Dessert Bar","39-16 Prince St, Flushing, NY 11354, USA",Flushing,NY,Flushing,lounge,ChIJ76nUaA5gwokRowZVQDsb690,,http://www.spotdessertbar.com/
"The Cast Iron Pot","157-26 Northern Blvd, Flushing, NY 11354, USA",Flushing,NY,Flushing,dining,ChIJNSnLdvRhwokRU94Wp_zxdo0,,https://castironpotbbq.com/
"Mighty Quinn's BBQ","108-22 Queens Blvd, Forest Hills, NY 11375, USA","Forest Hills",NY,"Forest Hills",dining,ChIJRZSiM0FfwokRU2XnIRSBc2I,"(718) 374-3714",https://www.mightyquinnsbbq.com/
"Bleu Island Restaurant","103 Woodcleft Ave, Freeport, NY 11520, USA",Freeport,NY,,dining,ChIJVQtJnLh7wokR19_gFPEV6bI,,http://www.bleuislandrestaurant.com/
"Slices on the Mile","281 Woodcleft Ave, Freeport, NY 11520, USA",Freeport,NY,,dining,ChIJC9jLQgN7wokRmLY5eDkzu6g,,
"King Bar by David Burke","45 7th St, Garden City, NY 11530, USA","Garden City",NY,,lounge,ChIJ12a3veZ9wokRF0FbhVCN2Io,,https://www.opentable.com/r/king-bar-garden-city
"The Red Salt Room","45 7th St, Garden City, NY 11530, USA","Garden City",NY,,dining,ChIJa_yyXDh9wokRSlZmp0GYc6M,,https://www.gardencityhotel.com/dining/red-salt-room/?utm_source=google&utm_medium=organic&utm_campaign=business_listing
"The Rose Room","45 7th St, Garden City, NY 11530, USA","Garden City",NY,,nightlife,ChIJqXSpp_R9wokRbuxgGvVmdqk,,https://www.gardencityhotel.com/dining/rose-room
"Greek Kitchen","912 Manhattan Ave, Brooklyn, NY 11222, USA",Greenpoint,NY,Greenpoint,dining,ChIJa_JtZvxZwokRkxPOLitzI4w,,https://greekkitchen.nyc/
"Baked Cravings","1673 Lexington Ave, New York, NY 10029, USA",Harlem,NY,Manhattan,dining,ChIJI7Fh2wL2wokRt0S8vgjwuBo,,http://bakedcravings.com/
"Jacob Soul Food Restaurant","373 Malcolm X Blvd, New York, NY 10027, USA",Harlem,NY,Manhattan,dining,ChIJnxjnEHP2wokR-Dgf5gfBf50,,http://www.jacobrestaurant.com/
"Lighthouse Fish Market","2449 Frederick Douglass Blvd, New York, NY 10027, USA",Harlem,NY,Manhattan,dining,ChIJiVW74m32wokR4JB1zuJM9XU,,https://www.lighthousefishmarket.com/
"Little Street Lounge","126 Hamilton Pl, New York, NY 10031, USA",Harlem,NY,Manhattan,lounge,ChIJq4InmWT2wokR2kl2fIMhQek,,https://order.online/business/little-street-lounge-11640525
"Mama Pearl's Kitchen","2347 2nd Ave, New York, NY 10035, USA",Harlem,NY,Manhattan,dining,ChIJBRdKguL1wokRbklpd9F6Ar0,,
Panda,"2331 12th Ave, New York, NY 10027, USA",Harlem,NY,Manhattan,dining,ChIJUdrnWUb3wokROEn6VyMo5QM,,https://www.pandaharlem.com/
"Positive Vibes Cafe","283 Pleasant Ave, New York, NY 10029, USA",Harlem,NY,Manhattan,dining,ChIJ24V7r_31wokR-S71l2zqrwc,,
"Soul Food Restaurant","328 Malcolm X Blvd, New York, NY 10027, USA",Harlem,NY,Manhattan,dining,ChIJb8Xw0wz2wokRXhp1-HSLvkI,,http://www.sylviasrestaurant.com/
"Soul Food in Harlem","373 Malcolm X Blvd, New York, NY 10027, USA",Harlem,NY,Manhattan,dining,ChIJnxjnEHP2wokR-Dgf5gfBf50,,http://www.jacobrestaurant.com/
"Sylvia’s","328 Malcolm X Blvd, New York, NY 10027, USA",Harlem,NY,Manhattan,dining,ChIJb8Xw0wz2wokRXhp1-HSLvkI,,http://www.sylviasrestaurant.com/
"The Best SoulFood In Harlem","328 Malcolm X Blvd, New York, NY 10027, USA",Harlem,NY,Manhattan,dining,ChIJb8Xw0wz2wokRXhp1-HSLvkI,,http://www.sylviasrestaurant.com/
"Lounge on Long Island","273 Fulton Ave, Hempstead, NY 11550, USA",Hempstead,NY,,nightlife,ChIJE3ZYsB59wokRXCispkjW3GY,,
"Tikka Charcoal Grill","200 N Broadway, Hicksville, NY 11801, USA",Hicksville,NY,"",dining,ChIJ7xoNN8uBwokR-8iv8PKBiqQ,"(516) 548-7180",https://rikkalongisland.com/?utm_source=google
"Aloha Krab","204-13 Hillside Ave., Hollis, NY 11423, USA",Hollis,NY,Hollis,dining,ChIJ08pY995hwokR5lkGpxYrnZ4,,https://order.mealkeyway.com/customer/release/index?mid=6a694b7271714d38504b6f6c64764a4b336f6b7058773d3d#/main
Fabrika,"80-24 Northern Blvd, Jackson Heights, NY 11372, USA","Jackson Heights",NY,"Jackson Heights",dining,ChIJF-Yh-hNfwokRNge04jMeKcE,,https://www.fabrikany.com/
"Bora Bora","90-28 Sutphin Blvd, Jamaica, NY 11435, USA",Jamaica,NY,Jamaica,dining,ChIJqWYRP65hwokRFKuz6K9O3SY,,https://boraborasmoothiecafe.com/
"Lovell’s Guiding Light","148-33 Hillside Ave., Jamaica, NY 11435, USA",Jamaica,NY,Jamaica,nightlife,ChIJnzAZQcNgwokRs2JCmYHtiJo,,https://lovellslounge.com/
"Space Ping Pong NYC","22 W 32nd St Floor 8, New York, NY 10001, USA",Koreatown,NY,Manhattan,nightlife,ChIJg-2FNvZZwokRBhEQ0ECMjMg,,https://spacepingpong.com/
"Chocolate Dip","177 Orchard St, New York, NY 10002, USA",LES,NY,Manhattan,dining,ChIJp_bEsd1ZwokRa_S_uHz28UI,,http://www.chocolatedip.net/
"Blue Seafood Restaurant Bar","222-02 Merrick Blvd, Queens, NY 11413, USA",Laurelton,NY,Laurelton,lounge,ChIJS9H1S5RlwokRIgPfSFbw6NA,,https://www.bluseafoodrestaurant.com/
"Pin𝐤 𝐋𝕖๓Ỗภ𝓪𝓭ｅ Lounge","249B E India Dock Rd, London E14 0EG, UK",London,NY,,nightlife,ChIJP0YEGegDdkgRiPtHYEyp6v0,,
"Pin𝐤 𝐋𝕖๓Ỗภ𝓪𝓭𝓮 Lounge","249B E India Dock Rd, London E14 0EG, UK",London,NY,,nightlife,ChIJP0YEGegDdkgRiPtHYEyp6v0,,
"Pin𝐤 𝐋𝕖๕Ỗภ𝓪𝓭𝓮","14 Wades Hill, London N21 1BG, UK",London,NY,,nightlife,ChIJdxfIr80ZdkgR5e6eeCUkcPA,,
"Pin𝐤 𝐋𝕖๕Ỗภ𝓪𝓭𝓮 Lounge","249B E India Dock Rd, London E14 0EG, UK",London,NY,,nightlife,ChIJP0YEGegDdkgRiPtHYEyp6v0,,
nightmareonbeechst,"The Queen Mary, 1126 Queens Hwy, Long Beach, CA 90802, USA","Long Beach",NY,"Queensway Bay",dining,ChIJ9XIK5Jgx3YAR2iVuYe0hDgg,,https://darkharborhalloween.com/
"Angie's Soul House","140 NY-109, West Babylon, NY 11704, USA","Long Island",NY,,dining,ChIJE23uqOMt6IkRidPrPCHKd1o,,http://www.angiessoulhouse.com/
Brasas,"673 Franklin Ave, Franklin Square, NY 11010, USA","Long Island",NY,,dining,ChIJlToKWWxjwokRrkBW1sg_AFM,,
"Brooklyn Wing House","2441 Jericho Tpke, Garden City Park, NY 11040, USA","Long Island",NY,,dining,ChIJHZmyFOtjwokRESCbrXOWVKE,,https://www.brooklynwinghouse.online/
"Harmony Vineyards","169 Harbor Rd, St James, NY 11780, USA","Long Island",NY,,dining,ChIJrdXMP8s-6IkRHn9rLEgjG2g,,https://www.harmonyvineyards.com/
"Juniper at the Vanderbilt","990 Corporate Dr, Westbury, NY 11590, USA","Long Island",NY,,dining,ChIJRxxFKcB9wokRIZvERNlU5a4,,https://www.juniperlongisland.com/
"Sexy Crab","3345 Hempstead Tpke, Levittown, NY 11756, USA","Long Island",NY,,dining,ChIJx7qMSS6BwokR4MifV4k10M4,,https://sexycrabny.com/
"Soul Food Spot","140 NY-109, West Babylon, NY 11704, USA","Long Island",NY,,dining,ChIJE23uqOMt6IkRidPrPCHKd1o,,http://www.angiessoulhouse.com/
"The Cook's Studio","10 Wall St, Huntington, NY 11743, USA","Long Island",NY,,dining,ChIJU2AS6ccp6IkRrh-2SQUjYs8,"(631) 896-1315",https://thecooksstudio.com/
"The Monster Crab","173 Morris Ave, Holtsville, NY 11742, USA","Long Island",NY,,dining,ChIJraWSAmlH6IkRXm9zC-Lmj1I,,http://themonstercrab.com/
"The Sunset Club at Tappen","494 Prospect Ave, Sea Cliff, NY 11579, USA","Long Island",NY,,lounge,ChIJFU45_1WFwokR7UXbRXraGXY,,http://thesunsetclub.fun/
jadeeatery,"1 Station Square #2, Forest Hills, NY 11375, USA","Long Island",NY,"Forest Hills",dining,ChIJw7N1GyFewokRqiBS32i7kJM,,https://www.jadeeatery.com/
Kakes,"10-43 44th Dr, Long Island City, NY 11101, USA","Long Island City",NY,"Long Island City",dining,ChIJ3ymk_i1ZwokRCmOt8q7NUqw,,http://www.kakes.nyc/
"Record Room","47-09 Center Blvd, Long Island City, NY 11109, USA","Long Island City",NY,"Long Island City",nightlife,ChIJs9zFrSlZwokRaqr9sgbQ-7Y,,https://www.recordroomlic.com/
extrabutter,"22-03 Jackson Ave, Long Island City, NY 11101, USA","Long Island City",NY,"Long Island City",dining,ChIJmyP6xmNZwokRoI1KPPrc-qg,,http://extrabutterny.com/
theinfamouslic,"22-01 Jackson Ave, Long Island City, NY 11101, USA","Long Island City",NY,"Long Island City",nightlife,ChIJxfjfELFZwokRG9ph1Hy6gpI,,https://infamousbar.com/
"Ralph’s Coffee","1970 Northern Blvd, Manhasset, NY 11030, USA",Manhasset,NY,,dining,ChIJax32S2CJwokRDwftL4pOm_o,,https://www.ralphlauren.global/bo/en/ralphs-coffee-locations/70702258?srsltid=AfmBOopMvFTGtelH8_GLENyYpXiPL_N79KAdV6QA65-RILzyzBm12u-5&y_source=1_MTAwNTk3NDQ5MS03MTUtbG9jYXRpb24ud2Vic2l0ZQ%3D%3D
"12 Matcha","54 Bond St, New York, NY 10012, USA",Manhattan,NY,Manhattan,dining,ChIJYQM4uYJZwokRtU7IAZdSHZ0,,https://12matcha.com/
1803,"82 Reade St, New York, NY 10007, USA",Manhattan,NY,Manhattan,dining,ChIJ0yKXaB9awokR6WFqdEE9aBY,,https://1803nyc.com/
"1803 NYC","82 Reade St, New York, NY 10007, USA",Manhattan,NY,Manhattan,dining,ChIJ0yKXaB9awokR6WFqdEE9aBY,,https://1803nyc.com/
"2 Floors NYC Nightclub","168 Delancey St, New York, NY 10002, USA",Manhattan,NY,Manhattan,nightlife,ChIJC5CfUYBZwokR-EDRy1grj50,,https://www.thedelancey.com/
"21 Greenpoint","21 Greenpoint Ave, Brooklyn, NY 11222, USA",Manhattan,NY,Greenpoint,dining,ChIJp4jIhmpZwokRabZfKVJPoBY,,http://www.21greenpoint.com/
"230 Fifth","1150 Broadway, New York, NY 10001, USA",Manhattan,NY,Manhattan,dining,ChIJ_1oyZaZZwokR1c-HIVJ3xzo,,http://www.230-fifth.com/
"230 Fifth Rooftop","1150 Broadway, New York, NY 10001, USA",Manhattan,NY,Manhattan,nightlife,ChIJ_1oyZaZZwokR1c-HIVJ3xzo,,http://www.230-fifth.com/
"2331 12th Avenue","2331 12th Ave, New York, NY 10027, USA",Manhattan,NY,Manhattan,dining,ChIJUdrnWUb3wokROEn6VyMo5QM,,https://www.pandaharlem.com/
"318 Lafayette","318 Lafayette St, New York, NY 10012, USA",Manhattan,NY,Manhattan,dining,ChIJmf9Tj49ZwokR7JUYjhIW6mc,,https://www.winsupplyusa.com/
"420 Bar Lounge","420 W 203rd St, New York, NY 10034, USA",Manhattan,NY,Manhattan,lounge,ChIJhcJN3sn1wokR0cb1UfxrGvQ,,http://www.420barlounge.com/
"53 Restaurant","53 W 53rd St, New York, NY 10019, USA",Manhattan,NY,Manhattan,dining,ChIJQ2rWiydZwokRKb1IcXrXZ-E,,https://53-nyc.com/?utm_source=GoogleBusinessProfile&utm_medium=organic_search&utm_campaign=MapLabs
"A Hidden Gem","122 E 57th St, New York, NY 10022, USA",Manhattan,NY,Manhattan,nightlife,ChIJGaiaEONYwokR68EFhU8zSNc,,
"A.R.T Nomad","11 E 31st St Rooftop, New York, NY 10016, USA",Manhattan,NY,Manhattan,dining,ChIJfye6gE5ZwokR6cZMN4FS5Zs,,http://artrooftops.com/location/nomad/
"Aakosha Bentley","711 11th Ave, New York, NY 10019, USA",Manhattan,NY,Manhattan,dining,ChIJNchyAFBYwokRcRqmLS5TVw4,,https://www.bentleymanhattan.com/
Ainsworth,"45 E 33rd St, New York, NY 10016, USA",Manhattan,NY,Manhattan,dining,ChIJR280jgdZwokRDqnAEZcHOms,"(212) 518-7598",http://www.theainsworth.com/midtown
"Ainsworth NYC","45 E 33rd St, New York, NY 10016, USA",Manhattan,NY,Manhattan,dining,ChIJR280jgdZwokRDqnAEZcHOms,"(212) 518-7598",http://www.theainsworth.com/midtown
Aitana,"1227 Broadway 4th Floor, New York, NY 10001, USA",Manhattan,NY,Manhattan,dining,ChIJmwOcjgRZwokRIOg3x6ApoaQ,,https://www.aitananyc.com/
"Aliya Cocktail Den at Hotel Indigo","500 Metropolitan Ave 4th Floor, Brooklyn, NY 11211, USA",Manhattan,NY,Williamsburg,dining,ChIJT-SGXwBZwokRnr4dusxWmFE,,https://aliyabklyn.com/
"Alpha Astoria","40-06 Astoria Blvd S, Astoria, NY 11103, USA",Manhattan,NY,Astoria,dining,ChIJCdBkPGpfwokRD2Njh95sZTE,,https://www.instagram.com/alphaastoria?igsh=MWtxbHFha3oxNmJqeQ%3D%3D&utm_source=qr
Ambra,"569 Hudson St, New York, NY 10014, USA",Manhattan,NY,Manhattan,dining,ChIJW0-RNpdZwokRQYkOS0HTtwM,,https://www.ambranyc.com/
"Amy Ruth's","113 W 116th St, New York, NY 10026, USA",Manhattan,NY,Manhattan,dining,ChIJ7V-ZqxH2wokRwaES4IMqwQU,,http://amyruths.com/
"Angelina’s","1050 6th Ave, New York, NY 10018, USA",Manhattan,NY,Manhattan,dining,ChIJd19uAMhZwokRmdYBmRJJ08s,,http://www.angelinaparisusa.com/
AnnTremet,"47 8th Ave, New York, NY 10014, USA",Manhattan,NY,Manhattan,dining,ChIJlfh_8ATxwokRE55n0VKBcho,,http://anntremet.com/
AperiBar,"LUMA Hotel Times Square, 120 W 41st St, New York, NY 10036, USA",Manhattan,NY,Manhattan,dining,ChIJZTInQIhZwokR8GBPDoHJMok,,https://www.aperibar.com/
"Aperol Spritz Bar","LUMA Hotel Times Square, 120 W 41st St, New York, NY 10036, USA",Manhattan,NY,Manhattan,nightlife,ChIJZTInQIhZwokR8GBPDoHJMok,,https://www.aperibar.com/
"Apotheke Nomad","9 W 26th St, New York, NY 10010, USA",Manhattan,NY,Manhattan,dining,ChIJWcQmlIBZwokRPteRmC-aEkc,,http://www.apothekemixology.com/
"Aqua Boil","750 9th Ave, New York, NY 10019, USA",Manhattan,NY,Manhattan,dining,ChIJyR90JKxZwokRZc9iRIEIs3w,,http://www.aquaboilnyc.com/
"Aqua Boil NYC","750 9th Ave, New York, NY 10019, USA",Manhattan,NY,Manhattan,dining,ChIJyR90JKxZwokRZc9iRIEIs3w,,http://www.aquaboilnyc.com/
Aquarelle,"47 Avenue B, New York, NY 10009, USA",Manhattan,NY,Manhattan,dining,ChIJsSGRfXhZwokROD3euzl_76s,,http://www.aquarellenyc.com/
"Arlo Nomad Diner","11 E 31st St, New York, NY 10016, USA",Manhattan,NY,Manhattan,dining,ChIJ43ZqI6hZwokRvRkqt18p6DQ,,http://www.nomaddinernyc.com/
"Arlo Nomad Rooftop","11 E 31st St Rooftop, New York, NY 10016, USA",Manhattan,NY,Manhattan,dining,ChIJfye6gE5ZwokR6cZMN4FS5Zs,,http://artrooftops.com/location/nomad/
Artesano,"90 Chambers St Unit A, New York, NY 10007, USA",Manhattan,NY,,dining,ChIJv3vgwFZbwokRwP07bRgRYdM,,http://artesanorestaurant.com/
"Artisano Peruvian Cuisine","90 Chambers St Unit A, New York, NY 10007, USA",Manhattan,NY,Manhattan,dining,ChIJv3vgwFZbwokRwP07bRgRYdM,,http://artesanorestaurant.com/
"Atlantic Restaurant","50 W 65th St At, Lincoln Center Plaza, New York, NY 10023, USA",Manhattan,NY,Manhattan,dining,ChIJc7qSn_VYwokR5FIdcd4KPG4,"(212) 362-7800",http://www.atlanticgrill.com/
"Atomo Beanless Coffee","106 W 45th St, New York, NY 10036, USA",Manhattan,NY,,dining,ChIJUfk89QNZwokRjzQ5y6vjx8I,,http://www.gumptioncoffee.com/
"Au Cheval","33 Cortlandt Alley, New York, NY 10013, USA",Manhattan,NY,Manhattan,dining,ChIJt_HATrRbwokREfGhs1PnzwQ,,https://www.auchevaldiner.com/nyc/home
"Aunt Jake's","1555 2nd Ave, New York, NY 10028, USA",Manhattan,NY,Manhattan,dining,ChIJKffayQBZwokRbiyJa4TZAIw,"(917) 261-5040",https://auntjakesnyc.com/
"Aura 57","130 E 57th St, New York, NY 10022, USA",Manhattan,NY,Manhattan,nightlife,ChIJr2gQ2etZwokRiPnU05lVCrs,,https://www.aura57nyc.com/
"Avant Garden","95 Avenue A, New York, NY 10009, USA",Manhattan,NY,Manhattan,dining,ChIJhesNT51ZwokRqIACbMxk2BQ,,https://www.overthrowhospitality.com/
"Awesome Hibachi","24-26 47th St, Astoria, NY 11103, USA",Manhattan,NY,Astoria,dining,ChIJ3WMKXPqHmYMRulLABqTavuU,,https://awesomehibachi.com/
Ayza,"11 W 31st St, New York, NY 10001, USA",Manhattan,NY,Manhattan,dining,ChIJNw7LkqhZwokRwNMxjPkQ8Ts,,https://ayzanyc.com/
"Ayza Wine & Chocolate Bar","11 W 31st St, New York, NY 10001, USA",Manhattan,NY,Manhattan,lounge,ChIJNw7LkqhZwokRwNMxjPkQ8Ts,,https://ayzanyc.com/
"Ayzan NYC","11 W 31st St, New York, NY 10001, USA",Manhattan,NY,Manhattan,dining,ChIJNw7LkqhZwokRwNMxjPkQ8Ts,,https://ayzanyc.com/
"Azul On The Rooftop","525 Greenwich St, New York, NY 10013, USA",Manhattan,NY,Manhattan,dining,ChIJa-4UA_NZwokREtU5qBdnMKg,,https://www.hotelhugony.com/food-and-drink#bar
"BLVD Bistro","2149 Frederick Douglass Blvd, New York, NY 10026, USA",Manhattan,NY,Manhattan,dining,ChIJd9WGjg32wokRD-tzqpGQTSY,,http://boulevardbistrony.com/
"Baby Grand","29 W 17th St, New York, NY 10011, USA",Manhattan,NY,Manhattan,nightlife,ChIJi1H-9VVZwokRSNPPmCe7hiM,"(646) 398-9992",http://www.babygrandnyc.com/
"Baby Grand LES","187 Orchard St, New York, NY 10002, USA",Manhattan,NY,Manhattan,nightlife,ChIJ5y-ssHRZwokR8DnLhCn_vJ8,"(646) 454-0050",https://babygrandnyc.com/
"Baccarat Hotel","28 W 53rd St, New York, NY 10019, USA",Manhattan,NY,Manhattan,dining,ChIJi0E5YvlYwokRp4w4kH4Av-A,,https://www.baccarathotels.com/?utm_source=google-gbp&utm_medium=organic&utm_campaign=gbp
"Baccarat Hotel New York","28 W 53rd St, New York, NY 10019, USA",Manhattan,NY,Manhattan,dining,ChIJi0E5YvlYwokRp4w4kH4Av-A,,https://www.baccarathotels.com/?utm_source=google-gbp&utm_medium=organic&utm_campaign=gbp
Backstage,"105 W 55th St, New York, NY 10019, USA",Manhattan,NY,Manhattan,nightlife,ChIJ-VYrgo1ZwokRP0Cg6qdNZ8o,,https://thebackstagenyc.com/
"Baires Grill","350 W 50th St, New York, NY 10019, USA",Manhattan,NY,Manhattan,dining,ChIJd4bXK-xZwokRsYyD4y7IMMA,,https://www.bairesgrill.com/
"Baji Baji","145 1st Ave, New York, NY 10003, USA",Manhattan,NY,Manhattan,dining,ChIJC6z-ENlZwokRQL-J6xczEBw,,https://bajibaji.getsauce.com/
"Bar Après","30 Water St, New York, NY 10004, USA",Manhattan,NY,Manhattan,nightlife,ChIJIRiJaRRawokR2KyQ984qa-o,,https://thedeadrabbit.com/?utm_source=google_business_profile&utm_medium=gbp_view_website&utm_campaign=google_business_profile
"Bar Blondeau","80 Wythe Ave 6th Floor, Brooklyn, NY 11249, USA",Manhattan,NY,Williamsburg,lounge,ChIJvz7ih4RZwokR2T3AC5NtWrY,,https://www.barblondeau.com/
"Bar Calico","23 Lexington Ave 2nd floor, New York, NY 10010, USA",Manhattan,NY,Manhattan,lounge,ChIJlTFBjXZZwokRnbuW1LhdX4Y,,https://barcaliconyc.com/
"Bar Cima","30 W 39th St, New York, NY 10018, USA",Manhattan,NY,Manhattan,lounge,ChIJe3KOb6pZwokRGHhrP2gdfMk,,https://www.barcimanyc.com/
"Bar Primi","325 Bowery, New York, NY 10003, USA",Manhattan,NY,Manhattan,lounge,ChIJSW8U34RZwokR-UhuJkjLDvk,,https://www.barprimi.com/bowery
"Bar Sprezzatura","251 W 48th St, New York, NY 10036, USA",Manhattan,NY,Manhattan,lounge,ChIJNVkbEwBZwokRcQJBrkU_Wuo,,https://www.barsprezzaturanyc.com/
"Bartley Dunne's","160 W 54th St, New York, NY 10019, USA",Manhattan,NY,Manhattan,nightlife,ChIJOT172pJZwokRrp291yOIT_w,,https://bartleydunnesnyc.com/
"Basquiat Bar","Javastraat 88-90, 1094 LN Amsterdam, Netherlands",Manhattan,NY,Amsterdam-Oost,nightlife,ChIJ29HIP20JxkcR5fR0alvUGz0,,http://www.barbasquiat.nl/
"Bateaux Dinner Cruise","Chelsea Piers Pier 61, New York, NY 10011, USA",Manhattan,NY,Manhattan,dining,ChIJeSRQJLtZwokRX_b4Us3l72c,"(212) 727-2789",https://www.cityexperiences.com/new-york/city-cruises/?pageNo=1&query=&sortBy=prodv3_ce_experiences_weightScaled_desc&city=New%20York%20City&country=&&brandTag=&webCategoriesMain=&durationTiming=&priceMin=&priceMax=&dateMin=&dateMax=&hierarchical.lvl0=&showPriceWithFees=false&showSpecialOffers=false&utm_source=google&utm_medium=organic&utm_campaign=nyc-pier-61-south-google-business
"Beast and Butterflies","226 W 52nd St, New York, NY 10019, USA",Manhattan,NY,Manhattan,dining,ChIJY_i13TlZwokRhqLyKOfg808,,https://www.beastandbutterfliesnyc.com/
"Beetle House","308 E 6th St, New York, NY 10003, USA",Manhattan,NY,Manhattan,nightlife,ChIJt61au5xZwokRc9wzL7Tzc3M,,http://www.beetlehousenyc.com/
"Bello and Angelo","230 Park Ave, New York, NY 10169, USA",Manhattan,NY,Manhattan,dining,ChIJZ51VZABZwokRlzvPM2jurMY,,https://www.belloandangelo.com/
"Berimbau Brazilian Cuisine","3 W 36th St., New York, NY 10018, USA",Manhattan,NY,Manhattan,dining,ChIJy-iemupZwokR6hDqHU-z654,,https://www.berimbaunyc.com/
"Big Apple Brunch","605 W 48th St, New York, NY 10036, USA",Manhattan,NY,Manhattan,dining,ChIJq6paxk9YwokRNAoH2AFJCcU,,https://linktr.ee/bigapplebrunch
"Birdland Jazz Club","315 W 44th St, New York, NY 10036, USA",Manhattan,NY,Manhattan,nightlife,ChIJdc9EhVNYwokR-naSYfm_Urc,,https://www.birdlandjazz.com/
"Black Nile","1140 Utica Ave, Brooklyn, NY 11203, USA",Manhattan,NY,"Little Caribbean",dining,ChIJo65TGptbwokRhq2a8aM33wE,,https://blacknilebk.com/
"Blend Lounge NYC","127-07 Atlantic Ave, Richmond Hill, NY 11419, USA",Manhattan,NY,"Richmond Hill",nightlife,ChIJY2XnubVgwokRmaYnDwWsXm0,,http://blendloungeny.com/
"Blossom's Soul Food Fusion","911 DeKalb Ave, Brooklyn, NY 11221, USA",Manhattan,NY,Bedford-Stuyvesant,dining,ChIJ-U67gG1bwokR9DvNuRdQebw,,http://www.blossomsrestaurant.com/
"Blossoms Soul Food Fusion","911 DeKalb Ave, Brooklyn, NY 11221, USA",Manhattan,NY,Bedford-Stuyvesant,dining,ChIJ-U67gG1bwokR9DvNuRdQebw,,http://www.blossomsrestaurant.com/
"Book Club Bar","197 E 3rd St, New York, NY 10009, USA",Manhattan,NY,,lounge,ChIJwxHj5iBZwokR_pY9e5OhHNs,,http://www.bookclubbar.com/
"Bourbon Steak","160 Central Park S Suite 1101-62, New York, NY 10019, USA",Manhattan,NY,Manhattan,dining,ChIJvbDuO1lZwokRhz97XRAAtHA,"(212) 484-5120",https://www.bourbonsteaknyc.com/
"Brett’s Deli","Vanderbilt Market - Bars & Eateries, 230 Park Ave, New York, NY 10169, USA",Manhattan,NY,Manhattan,dining,ChIJZaEeA55ZwokRvvKfnB5s248,,https://www.brettsdeli.com/
"Brunch for the People","701 9th Ave, New York, NY 10019, USA",Manhattan,NY,Manhattan,dining,ChIJH8bnPlFYwokRLEtp039TVUU,,https://www.eatatmomsnyc.com/
"Butler Bakery","177 Lafayette St, New York, NY 10013, USA",Manhattan,NY,Manhattan,dining,ChIJXQzMABtZwokRzQOuqFYxgUY,,https://www.butler-nyc.com/
"Butterdose Cafe","236 E 13th St, New York, NY 10003, USA",Manhattan,NY,Manhattan,dining,ChIJMTG9-6BZwokRvB2NN1nodhA,,
"Cacao Bar","484 Broome St, New York, NY 10013, USA",Manhattan,NY,Manhattan,lounge,ChIJ0xadiYtZwokRqJaKhJHW9RE,,http://www.mariebelle.com/
Cadence,"111 E 7th St, New York, NY 10009, USA",Manhattan,NY,Manhattan,dining,ChIJqWOfDa9ZwokR8S9r58dyv5Y,,https://www.overthrowhospitality.com/
"Cafe Carmellini","250 5th Ave, New York, NY 10001, USA",Manhattan,NY,Manhattan,dining,ChIJb7CqrvpZwokRFeC0MqXi7ys,,https://cafecarmellini.com/
"Cafe Otto","143 Highlawn Ave, Brooklyn, NY 11223, USA",Manhattan,NY,Gravesend,dining,ChIJI0o3AQBFwokRG7GIv1YULvI,,
"Candle Cafe","388 3rd Ave, New York, NY 10016, USA",Manhattan,NY,Manhattan,dining,ChIJn3v7DTNZwokRGmPnctINxp4,,http://candlecafe.nyc/
Cantina,"605 W 48th St, New York, NY 10019, USA",Manhattan,NY,Manhattan,dining,ChIJpfzLx09YwokRGSjUvvLy_Cw,,http://cantinarooftop.com/
"Capital One Café - 59th & Lex","731 Lexington Ave, New York, NY 10022, USA",Manhattan,NY,Manhattan,dining,ChIJV5rmlrhZwokR9SSmZ0-tEis,,https://www.capitalone.com/local/59th-and-Lexington?utm_source=GMB&utm_medium=Local&utm_campaign=Yext
"Carnegie Deli","205 W 57th St, New York, NY 10019, USA",Manhattan,NY,Manhattan,dining,ChIJN98vqLZZwokRnXnKsKuEc-w,,https://carnegiediner.com/
"Casa Bond","334 Bowery #336, New York, NY 10012, USA",Manhattan,NY,Manhattan,dining,ChIJd8pdjVxZwokR_RjQDyZRy6M,,http://casabondnoho.com/
Cathedrale,"112 E 11th St, New York, NY 10003, USA",Manhattan,NY,Manhattan,dining,ChIJJZKgh3JZwokRceJLj_PM7IY,,https://moxyeastvillage.com/cathedrale/
"Cauldron Chicken","190 Bleecker St, New York, NY 10012, USA",Manhattan,NY,Manhattan,dining,ChIJiaRkEmtZwokRnUTrANZtOyE,"(646) 869-8888",""
"Cecconi’s Dumbo","55 Water St, Brooklyn, NY 11201, USA",Manhattan,NY,Dumbo,dining,ChIJB2xIGTFawokRSX4sCtT9djg,,http://cecconisdumbo.com/?utm_source=google&utm_medium=organic&utm_campaign=googlemybusiness
"Cecconi’s specifically at the Dumbo location","55 Water St, Brooklyn, NY 11201, USA",Manhattan,NY,Dumbo,dining,ChIJB2xIGTFawokRSX4sCtT9djg,,http://cecconisdumbo.com/?utm_source=google&utm_medium=organic&utm_campaign=googlemybusiness
"Cello’s Pizzeria","36 St Marks Pl, New York, NY 10003, USA",Manhattan,NY,Manhattan,dining,ChIJk2fCTABZwokReWk49svZ0LE,,http://www.cellosnyc.com/
"Central Park Boathouse","EAST 72ND ST +, Center Dr, New York, NY 10021, USA",Manhattan,NY,Manhattan,dining,ChIJm17AB5pYwokRWLJ6lEtXKOA,,
"Champagne Problems","207 Bowery, New York, NY 10002, USA",Manhattan,NY,Manhattan,nightlife,ChIJkcRVfIJZwokRICQu5-1BE4k,"(646) 386-7733",http://www.champagneproblemsnyc.com/
"Champion Pizza","17 Cleveland Pl, New York, NY 10012, USA",Manhattan,NY,Manhattan,dining,ChIJaeOQ3IhZwokRtTqgShbnjZE,,https://www.orderchampionpizza.com/?utm_source=gbp
"Cheeky Sandwiches","Under Construction, 88 Essex St, New York, NY 10002, USA",Manhattan,NY,Manhattan,dining,ChIJCUBtyylawokRxSQdG7CLg4g,,
"Chelsea Market","75 9th Ave, New York, NY 10011, USA",Manhattan,NY,Manhattan,dining,ChIJw2lMFL9ZwokRosAtly52YX4,"(212) 652-2111",https://www.chelseamarket.com/
"Chica and the Don","24 E 21st St, New York, NY 10010, USA",Manhattan,NY,Manhattan,dining,ChIJSU_OT6tZwokRctV5nDWxsTA,,https://www.chicadon.com/
"Christmas Bar","281 3rd Ave, New York, NY 10010, USA",Manhattan,NY,Manhattan,nightlife,ChIJnx0Vh6BZwokROVSW8aik4Zc,,http://rolfsnyc.com/
"City Vineyard","233 West St, New York, NY 10013, USA",Manhattan,NY,Manhattan,dining,ChIJoXmx2PVZwokR4r8M3W1gOLk,,https://citywinery.com/city-vineyard-nyc?utm_source=gmb&utm_medium=local-seo&utm_campaign=city-winery-city-vineyard-nyc
"City Vineyards","233 West St, New York, NY 10013, USA",Manhattan,NY,Manhattan,dining,ChIJoXmx2PVZwokR4r8M3W1gOLk,,https://citywinery.com/city-vineyard-nyc?utm_source=gmb&utm_medium=local-seo&utm_campaign=city-winery-city-vineyard-nyc
"Claw Daddy's","185 Orchard St, New York, NY 10002, USA",Manhattan,NY,Manhattan,dining,ChIJ87wo8YNZwokRBSipaEXDd8g,"(646) 590-6816",http://www.clawdaddysnyc.com/
"Clemente Bar","11 Madison Ave, New York, NY 10010, USA",Manhattan,NY,Manhattan,nightlife,ChIJ6UzR7c9ZwokRRO7pi5eXZIM,,https://www.clementebar.com/
Cobblefish,"89 South St Pier 16, New York, NY 10038, USA",Manhattan,NY,Manhattan,dining,ChIJX5C1o-9bwokR_m9JSiKFuDg,,https://www.cobblefish.net/
"Coco Social","69 Charlton St, New York, NY 10014, USA",Manhattan,NY,Manhattan,dining,ChIJM05sNI1ZwokROQduz0JA2_U,,https://www.cocusocial.com/
"Cold Stone Creamery","1225 Moro St, Manhattan, KS 66502, USA",Manhattan,NY,,dining,ChIJa5VuSXjSvYcRjMltUnXjyv8,,https://www.coldstonecreamery.com/stores/20533?utm_source=gmb&utm_medium=gmb&utm_campaign=gmb&utm_id=gmb
"Cover Restaurant","218 W 35th St, New York, NY 10001, USA",Manhattan,NY,Manhattan,dining,ChIJS_9NWCFZwokR5CWRh_2zm7I,,http://versanyc.com/
"Crazy Pizza","218 Lafayette St, New York, NY 10012, USA",Manhattan,NY,Manhattan,dining,ChIJfQJci6VZwokRH7SSSLlr5Rk,,https://crazypizza.com/new-york-city/
"Crepe House","103A Dyckman St, New York, NY 10040, USA",Manhattan,NY,Manhattan,dining,ChIJz9M0OTP1wokR_8L-9RmR_6g,,https://www.crepehousenyc.com/
"Cuts and Slices","321 E Houston St, New York, NY 10002, USA",Manhattan,NY,Manhattan,dining,ChIJh-7RGQBZwokR219TB_qWj2Y,,http://cutsandslicesnyc.com/
Daintree,"25 W 38th St 29th Floor, New York, NY 10018, USA",Manhattan,NY,Manhattan,dining,ChIJmVHFI3lZwokRwUUBEStdzF4,,https://www.daintreenyc.com/
"Datz Deli","69 Clinton St, New York, NY 10002, USA",Manhattan,NY,Manhattan,dining,ChIJN92pT9JZwokRIgmId6tfH5U,,https://www.datzdeliny.com/
"Dear Irving On Hudson","310 W 40th St, New York, NY 10018, USA",Manhattan,NY,Manhattan,dining,ChIJmyM5dF1ZwokRD9lUmRAzQOI,,http://www.dearirving.com/
"Deli Boyz","2275 Adam Clayton Powell Jr Blvd, New York, NY 10030, USA",Manhattan,NY,Manhattan,dining,ChIJmefOIOv3wokRJvyrGRpU6s4,,
"Din Tai Fung","1633 Broadway, New York, NY 10022, USA",Manhattan,NY,Manhattan,dining,ChIJzRA7agBZwokRbSxOyEGFG5U,"(212) 287-9178",https://dtf.com/en/locations/new-york
"Django Jazz","The Roxy Hotel, Cellar Level, 2 6th Ave, New York, NY 10013, USA",Manhattan,NY,Manhattan,nightlife,ChIJ6wjtl4pZwokRC66KkQa9x9U,,http://www.thedjangonyc.com/
"Docks Off 5th","25 W 51st St #6939, New York, NY 10019, USA",Manhattan,NY,Manhattan,dining,ChIJ84fxRflYwokRXhgD3ibl1u0,,http://docksoff5th.com/
"Drink Up","116 MacDougal St, New York, NY 10012, USA",Manhattan,NY,Manhattan,nightlife,ChIJN0f2iJFZwokRt53h0ISm3eE,,https://www.upandupnyc.com/
"Drink Up NYC","116 MacDougal St, New York, NY 10012, USA",Manhattan,NY,Manhattan,nightlife,ChIJN0f2iJFZwokRt53h0ISm3eE,,https://www.upandupnyc.com/
"Drink Up in NYC","116 MacDougal St, New York, NY 10012, USA",Manhattan,NY,Manhattan,nightlife,ChIJN0f2iJFZwokRt53h0ISm3eE,,https://www.upandupnyc.com/
"Dumbo House","55 Water St, Brooklyn, NY 11201, USA",Manhattan,NY,Dumbo,nightlife,ChIJcaAHHTFawokRFrXMGh7txWE,,https://www.sohohouse.com/houses/dumbo-house?utm_source=google&utm_medium=organic&utm_campaign=googlemybusiness
"Dutch Fred’s","307 W 47th St #1, New York, NY 10036, USA",Manhattan,NY,Manhattan,dining,ChIJJzU5p1ZYwokRnjwqzlLub0E,"(646) 918-6923",http://dutchfreds.com/
Eataly,"200 5th Ave, New York, NY 10010, USA",Manhattan,NY,Manhattan,dining,ChIJaeKcEaRZwokRcllXm5cM7J0,,https://www.eataly.com/us_en/stores/nyc-flatiron
"Eataly Flatiron","200 5th Ave, New York, NY 10010, USA",Manhattan,NY,Manhattan,dining,ChIJaeKcEaRZwokRcllXm5cM7J0,,https://www.eataly.com/us_en/stores/nyc-flatiron
"Ebi-ayo Supper","178 5th Ave, New York, NY 10010, USA",Manhattan,NY,Manhattan,dining,ChIJhbv3GOZZwokRmgBCNF2oG34,,http://www.supperclubnyc.com/
"Ebi-ayo Supper Club","178 5th Ave, New York, NY 10010, USA",Manhattan,NY,Manhattan,lounge,ChIJhbv3GOZZwokRmgBCNF2oG34,,http://www.supperclubnyc.com/
"El Nico","288 N 8th St, Brooklyn, NY 11211, USA",Manhattan,NY,Williamsburg,dining,ChIJgTIQRVlZwokRyaPuZMcpHF0,,https://elnico-rooftop.com/
"El Rio Grande","160 E 38th St, New York, NY 10016, USA",Manhattan,NY,Manhattan,dining,ChIJV33cGARZwokR1An0pGmgUps,,https://elriograndenyc.com/
"Electric Shuffle","44 W 30th St, New York, NY 10001, USA",Manhattan,NY,Manhattan,nightlife,ChIJn22SmFRZwokRM1Ao3bzzWBY,,https://electricshuffle.com/us/nyc
"Eleven Madison Park","11 Madison Ave, New York, NY 10010, USA",Manhattan,NY,Manhattan,dining,ChIJEWbXz6ZZwokRLKmKrtPfVFY,,
Essex,"Essex St, New York, NY 10002, USA",Manhattan,NY,Manhattan,dining,ChIJC-Tl2YBZwokRdmaSWdHLm2w,,
"Euphoria Brunch","225 River St, Troy, NY 12180, USA",Manhattan,NY,,dining,ChIJYwfu5F8P3okR_LA-5or_yT4,,https://www.cafeeuphoria.org/
Everdene,"1227 Broadway, New York, NY 10001, USA",Manhattan,NY,Manhattan,dining,ChIJpYNr0RBZwokRUeF5sQRttQc,,https://virginhotels.com/nyc/dine-and-drink/everdene/
"Everdene at The Virgin Hotels","1227 Broadway, New York, NY 10001, USA",Manhattan,NY,Manhattan,dining,ChIJpYNr0RBZwokRUeF5sQRttQc,,https://virginhotels.com/nyc/dine-and-drink/everdene/
FIELDTRIP,"30 Rockefeller Plaza Concourse Level, New York, NY 10112, USA",Manhattan,NY,Manhattan,dining,ChIJp5kwBeFZwokR4sUE1kJv5WA,,https://www.fieldtripnyc.com/
"Fairytale Lounge","500 W 48th St, New York, NY 10036, USA",Manhattan,NY,Manhattan,nightlife,ChIJCdtCtlFYwokR2FfUya3w72M,,https://www.transbarnyc.com/
Feste,"39 1/2 Crosby St, New York, NY 10012, USA",Manhattan,NY,Manhattan,dining,ChIJDRb4eA5ZwokRilUx964CW_I,,http://lovefeste.com/
"Fig 19","131 Chrystie St, New York, NY 10002, USA",Manhattan,NY,Manhattan,nightlife,ChIJb6KTyodZwokR-3P63Pvd6Ng,,http://figurenineteen.com/
"File Gumbo Bar","275 Church St, New York, NY 10013, USA",Manhattan,NY,Manhattan,lounge,ChIJTeT7fTxbwokRdPDRDrqWjyM,,http://www.filenyc.com/
"File Gumbo Louisiana Style Cuisine","275 Church St, New York, NY 10013, USA",Manhattan,NY,Manhattan,dining,ChIJTeT7fTxbwokRdPDRDrqWjyM,,http://www.filenyc.com/
"Fleur Room","105 W 28th St, New York, NY 10001, USA",Manhattan,NY,Manhattan,nightlife,ChIJ2S4en71ZwokRSWZ6udftCGQ,,https://moxychelsea.com/the-fleur-room/
"Flippers Pancakes","337 W Broadway Unit A, New York, NY 10013, USA",Manhattan,NY,Manhattan,dining,ChIJgx0sRypZwokRuk6Tjic2Q4g,,https://www.flippersus.com/
Fornino,"849 Manhattan Ave, Brooklyn, NY 11222, USA",Manhattan,NY,Greenpoint,dining,ChIJx1Bo1EBZwokRUZ_xdNzvcLY,"(718) 389-5300",http://www.fornino.com/
"Fried Catfish","120 W 116th St, New York, NY 10026, USA",Manhattan,NY,Manhattan,dining,ChIJOdtYAhH2wokR_BPOXyBNYGM,,https://www.makemyfish116.com/
"Fried Catfish Today","120 W 116th St, New York, NY 10026, USA",Manhattan,NY,Manhattan,dining,ChIJOdtYAhH2wokR_BPOXyBNYGM,,https://www.makemyfish116.com/
"Frosty's Holiday Bar","220 W 44th St, New York, NY 10036, USA",Manhattan,NY,Manhattan,nightlife,ChIJIxyZoctZwokRuhUsGqHC85Y,,https://frostyschristmasbar.nyc/
"Frosty’s","2800 Manhattan Blvd, Harvey, LA 70058, USA",Manhattan,NY,,dining,ChIJo4aiaTChIIYRAbLiJct1mHk,,http://frostys-caffe-harvey.poi.place/
Fumo,"1600 Amsterdam Ave, New York, NY 10031, USA",Manhattan,NY,,dining,ChIJLe70p2X2wokReDA-X8LGqZE,,http://fumorestaurant.com/
"Funny Face Bakery","319 Lafayette St, New York, NY 10012, USA",Manhattan,NY,Manhattan,dining,ChIJ26ciZR1ZwokRJJ1xIDHnCKY,,http://www.funnyfacebakery.com/
"Fushimi Group Times Square","311 W 43rd St, New York, NY 10036, USA",Manhattan,NY,Manhattan,dining,ChIJ99ryy6tZwokRUawWuQwr04Q,,https://fushimi.nyc/
"Gallow Green","542 W 27th St, New York, NY 10001, USA",Manhattan,NY,Manhattan,dining,ChIJPcblVLZZwokRHqDcG2pc6_0,,https://mckittrickhotel.com/restaurants-lounges/gallow-green/
"Ghirardelli Chocolate & Ice Cream Shop","16 W 34th St., New York, NY 10001, USA",Manhattan,NY,Manhattan,dining,ChIJ8cQ-LelZwokRR7QpVfzypRQ,,https://www.ghirardelli.com/stores/new-york
"Gitano NYC","89 South St, New York, NY 10038, USA",Manhattan,NY,Manhattan,dining,ChIJ3wf-UdhbwokRa1S-CsetDUM,,https://www.gitano.com/nyc/?utm_source=google&utm_medium=cpc&utm_campaign=gitano-nyc-business-profile
"Gnocchi on the Go","315 E 9th St, New York, NY 10003, USA",Manhattan,NY,Manhattan,dining,ChIJG3thBQBZwokRo3oXWplIjsc,,http://gnocchinyc.com/
"Golden Diner","123 Madison St, New York, NY 10002, USA",Manhattan,NY,Manhattan,dining,ChIJ1-mW-LhbwokR7Ryv5ha-gzc,,http://www.goldendinerny.com/
"Golden Girls Kitchen","19 Fulton St, New York, NY 10038, USA",Manhattan,NY,Manhattan,dining,ChIJEy5Ze_1bwokRwXWRH8BySb4,,
"Grand Banks","Pier 25 Hudson River, Park, New York, NY 10013, USA",Manhattan,NY,Manhattan,dining,ChIJjya-JfZZwokRv3dUHMcHc9M,,https://crewny.com/grand-banks
"Grand Brasserie","89 E 42nd St Vanderbilt Hall, New York, NY 10017, USA",Manhattan,NY,Manhattan,dining,ChIJ8Ym0ZABZwokRPanEDBHn04o,,https://www.grandbrasserie.com/
"Grinchy’s at Roberta’s","261 Moore St, Brooklyn, NY 11206, USA",Manhattan,NY,Bushwick,dining,ChIJzSOyOg1dwokRfQ-5htUfsRY,,https://www.robertaspizza.com/
Gyukaku,"805 3rd Ave #2, New York, NY 10022, USA",Manhattan,NY,Manhattan,dining,ChIJszmN0-JYwokRk-XCDbO6X_Y,,https://www.gyu-kaku.com/midtown/
H0L0,"10-90 Wyckoff Ave, Ridgewood, NY 11385, USA",Manhattan,NY,Ridgewood,nightlife,ChIJewdvNiVcwokRN2mENF1VBD0,,https://www.h0l0.nyc/
"Harbor New York City","621 W 46th St, New York, NY 10036, USA",Manhattan,NY,Manhattan,dining,ChIJwxspWE5YwokRI0Rnvt2TYg0,,https://www.harbornewyorkcity.com/
"Havana Social","45 Stone St, New York, NY 10004, USA",Manhattan,NY,Manhattan,dining,ChIJozuRrlFYwokRDQQBl8uRDKI,,https://www.havanasocialnyc.com/
"Heineken Riverdeck","89 South St, New York, NY 10038, USA",Manhattan,NY,Manhattan,dining,ChIJ6QIQ_VJbwokRRG0C8fzZBWI,"",https://www.pier17ny.com/
"Hey Thai","127 John St, New York, NY 10038, USA",Manhattan,NY,Manhattan,dining,ChIJJU3qKzRbwokRbfw1WrUWIJ4,,http://hey-thai-nyc.com/
HeyTea,"1407 Broadway, New York, NY 10018, USA",Manhattan,NY,Manhattan,dining,ChIJy44fekJZwokRQtXYcPHJtD0,"(646) 858-0868",http://heytea.com/
Hibachiomakase,"220-11 Linden Blvd, Cambria Heights, NY 11411, USA",Manhattan,NY,"Cambria Heights",dining,ChIJV7PIN49jwokRJvNcc5Sfnj8,,https://www.hibachiomakase.com/
Highball,"1568 Broadway Floor 11, New York, NY 10036, USA",Manhattan,NY,Manhattan,dining,ChIJVbquQV1ZwokRLqbdyLE2oI4,,https://www.highball.nyc/?y_source=1_MTAxMTk0MDA0Ny03MTUtbG9jYXRpb24ud2Vic2l0ZQ%3D%3D
"Highlight Room","145 Bowery, New York, NY 10002, USA",Manhattan,NY,Manhattan,dining,ChIJyz_46yFZwokR8X62fDIyyUs,,https://taogroup.com/venues/the-highlight-room-new-york/
"Hotel Hennes NYC","127 W 28th St, New York, NY 10001, USA",Manhattan,NY,Manhattan,dining,ChIJCZTGeK9ZwokR_50__x4o8Is,,https://www.hotelhaydennyc.com/
Huset,"25 Cooper Sq, New York, NY 10003, USA",Manhattan,NY,Manhattan,dining,ChIJgbDMmclZwokRzjhvk3L8CrI,,https://www.cuna.nyc/
"I Got Balls","91 Winant Pl, Staten Island, NY 10309, USA",Manhattan,NY,Charleston,dining,ChIJZV37_ZvKw4kRJRcJzfyYPlM,,http://www.ralphiesriceballs.com/
ISHQ,"202 Avenue A, New York, NY 10009, USA",Manhattan,NY,Manhattan,dining,ChIJOdxhoDtZwokRSgA_ZpTUuhg,,https://ishq.nyc/
"Il Mulino","86 W 3rd St, New York, NY 10012, USA",Manhattan,NY,Manhattan,dining,ChIJhWUUopFZwokR-uGjV8FCLNQ,,http://www.ilmulino.com/downtown/
"Industry Kitchen","70 South St, New York, NY 10005, USA",Manhattan,NY,Manhattan,dining,ChIJcaQCwD1awokRuJEpTiEWOtw,,https://industry-kitchen.com/
"Infused Ice Cream Spot","217 E 26th St, New York, NY 10010, USA",Manhattan,NY,Manhattan,dining,ChIJF4SEq5hZwokR5qUZkP7dymw,,https://tipsyscoop.com/
Itakitchen,"9 Nassau Blvd, Garden City South, NY 11530, USA",Manhattan,NY,,dining,ChIJtR8ONVljwokRZFm0mX9NTEs,,http://www.itakitchen.com/
"JBF Platform","25 11th Ave, New York, NY 10011, USA",Manhattan,NY,Manhattan,dining,ChIJwdj1vjJZwokRfnwzBjCnSg8,,https://www.platformbyjbf.org/
"Jaffa Cocktail & Raw Bar","97 Wythe Ave, Brooklyn, NY 11249, USA",Manhattan,NY,Williamsburg,lounge,ChIJlcUv3XVZwokRw8iLyOoROxI,,https://www.jaffabrooklyn.com/
Jalao,"Inside Radio Hotel, 2420 Amsterdam Ave, New York, NY 10033, USA",Manhattan,NY,Manhattan,dining,ChIJq6rqPh_0wokRYx9DPUPrCJs,,https://jalaonyc.com/
"Jasmine’s Caribbean Cuisine","371 W 46th St, New York, NY 10036, USA",Manhattan,NY,Manhattan,dining,ChIJKd-zvbBZwokRbfTwswCdFoA,,http://www.jasminecaribbeancuisine.com/
"Jerk House Caribbean","503 W 57th St, New York, NY 10019, USA",Manhattan,NY,Manhattan,dining,ChIJJ65Ao4pZwokRwVZNDyN6Ldo,,https://lovesomejerk.com/
"Jewel Thief","30 W 30th St, New York, NY 10001, USA",Manhattan,NY,Manhattan,nightlife,ChIJt7i-fl1ZwokRUWSoRxmFgCM,,https://www.jewelthiefnomad.com/
Kaizen,"33-70 Farrington St, Queens, NY 11354, USA",Manhattan,NY,Flushing,dining,ChIJW2b2LhlhwokRfix8u5jWof8,,https://www.nyckaizen.com/
"Kam Rai","43-11 28th Ave, Astoria, NY 11103, USA",Manhattan,NY,Astoria,dining,ChIJ7Ws_HhlfwokRuyW4Ktxir_8,"(929) 522-0999",http://kamraithai.net/
"Karla Restaurant","331 W 51st St, New York, NY 10019, USA",Manhattan,NY,Manhattan,dining,ChIJKa4wSktZwokRlEZUE1h08Fw,"(929) 404-4082",https://www.carlanyc.com/
Kebabwala,"124 E 14th St, New York, NY 10003, USA",Manhattan,NY,Manhattan,dining,ChIJX97sLQBZwokR_fZt_aZrOtM,"",https://www.kebabwala.nyc/
Khaosan,"128 Montague St, Brooklyn, NY 11201, USA",Manhattan,NY,"Brooklyn Heights",dining,ChIJP0J9AE5bwokRwOAvtU84Xtk,,https://khaosannyc.com/?utm_source=google
"King's Hawaiian","2808 Sepulveda Blvd, Torrance, CA 90505, USA",Manhattan,NY,,dining,ChIJNYPY0NxK3YARlYmHWz-DQWM,"(310) 530-0050",https://www.khbakery.com/
Kjun,"154 E 39th St, New York, NY 10016, USA",Manhattan,NY,Manhattan,dining,ChIJ7xJ4Rw9ZwokRhQQ-WKtoJFg,,https://www.kjun-nyc.com/
"Kona Big Wave","1647 2nd Ave, New York, NY 10028, USA",Manhattan,NY,Manhattan,dining,ChIJ2ZKtmLtYwokRY78AjUFJ1oM,"(646) 861-3585",https://www.thesupplyhousenyc.com/
"Kyma Hudson Yards","445 W 35th St, New York, NY 10001, USA",Manhattan,NY,Manhattan,dining,ChIJOfd8VqJZwokRaNg-hiPrL6M,,http://www.kymarestaurants.com/
Kyuramen,"210 E 14th St, New York, NY 10003, USA",Manhattan,NY,Manhattan,dining,ChIJPfSN0VpZwokRyqr6M5SqiYk,"(646) 692-4120",https://www.newyorkkyuramen.com/
"La Barca Cantina","Pier 81 W 41st St, New York, NY 10036, USA",Manhattan,NY,Manhattan,lounge,ChIJafsYMUhZwokRydyrp8BMhSc,,http://labarcacantina.com/
"La Boca","39 E 19th St, New York, NY 10003, USA",Manhattan,NY,Manhattan,dining,ChIJxU04KKJZwokRll1-56xgtuc,"",http://boccanyc.com/
"La Caverna","122 Rivington St, New York, NY 10002, USA",Manhattan,NY,Manhattan,dining,ChIJ2z3KFIFZwokRpLxbFwFRMLM,,http://www.lacavernanyc.com/
"La Cubana","4149 Broadway #2, New York, NY 10033, USA",Manhattan,NY,Manhattan,dining,ChIJp_I0mp_2wokRFwcjs70LryI,,http://lacubanabus.com/
Lacubana,"408 W 15th St, New York, NY 10011, USA",Manhattan,NY,Manhattan,dining,ChIJV6lLpgtZwokR4UI8-ztx60U,"(646) 869-8873",
"Ladurée","398 W Broadway, New York, NY 10012, USA",Manhattan,NY,Manhattan,dining,ChIJM767a4xZwokRXyq8NCoE33I,,https://laduree.com/?utm_source=yext&utm_medium=referral&utm_campaign=GMB
"Lagos NYC","727 7th Ave, New York, NY 10019, USA",Manhattan,NY,Manhattan,dining,ChIJG9u1qKtZwokR28mb77l_8Jc,,https://www.lagosnyc.com/
"Lama Cafe","72 E 1st St, New York, NY 10003, USA",Manhattan,NY,Manhattan,dining,ChIJ1UFNgYNZwokRcHhfzdnHmpc,,
"Lamia's Fish Market","47 Avenue B, New York, NY 10009, USA",Manhattan,NY,Manhattan,dining,ChIJQWJd9VBZwokRN_MVouZyQpc,"(917) 565-5293",
Laserwolf,"97 Wythe Ave, Brooklyn, NY 11249, USA",Manhattan,NY,Williamsburg,dining,ChIJLyS5dYRZwokRlkA0g9eijjs,,https://www.laserwolfbrooklyn.com/
"Le Basque","15 Union Square W, New York, NY 10003, USA",Manhattan,NY,Manhattan,dining,ChIJu9i_BQBZwokRXIzBQ-g8Wdo,,https://lebasquenyc.com/
"Le Petit","173 7th Ave S, New York, NY 10014, USA",Manhattan,NY,Manhattan,dining,ChIJW7ilTZNZwokR7Gw48AU3Z0c,,https://www.lepetitvillagenyc.com/
"Level Restaurant","2775 Coney Island Ave, Brooklyn, NY 11235, USA",Manhattan,NY,Gravesend,dining,ChIJO8HZqcRFwokRDgSJh5IdCdY,,https://www.level.restaurant/
"Liberty Bistro","225 Liberty St, New York, NY 10281, USA",Manhattan,NY,Manhattan,dining,ChIJnSESWBpawokRSvsd8IZoA9A,,https://www.ledistrict.com/bistro-bar
"Lighthouse Rooftop","45-15 37th St, Long Island City, NY 11101, USA",Manhattan,NY,"Long Island City",dining,ChIJnduXzuVfwokRk2VE0PeUdmM,,http://lighthouserooftop.com/
"Lillie's Victorian","249 W 49th St, New York, NY 10019, USA",Manhattan,NY,Manhattan,dining,ChIJkdo-ilZYwokRdRUnnvCrsLA,,http://www.lilliesnyc.com/
"Lily of The Valley Afternoon Tea","28 E 63rd St, New York, NY 10065, USA",Manhattan,NY,Manhattan,dining,ChIJ00sOAh5ZwokREFJwe924_0I,,https://www.lowellhotel.com/restaurants-and-bar/afternoon-tea/57-5/
Limusina,"441 9th Ave, New York, NY 10001, USA",Manhattan,NY,Manhattan,dining,ChIJ6RpitgJZwokR3C4t3R7rRoc,"(212) 970-8838",https://www.limusinanyc.com/
"Lion’s Milk","104 Roebling St, Brooklyn, NY 11211, USA",Manhattan,NY,Williamsburg,dining,ChIJRdQmkF5ZwokRFhQp8SEm1pA,,https://www.lionsmilkbk.com/
"Little Charlie NYC","271 Bleecker St, New York, NY 10014, USA",Manhattan,NY,Manhattan,dining,ChIJi9KyP7JZwokRODCiGhV2_KI,,https://littlecharli.com/
"Little Sister Lounge","112 E 11th St, New York, NY 10013, USA",Manhattan,NY,Manhattan,nightlife,ChIJwauOVwlZwokRMlP1mSceNDA,,
Lohi,"314 Scholes St, Brooklyn, NY 11206, USA",Manhattan,NY,"East Williamsburg",dining,ChIJXcWsUXNfwokReRjpQXb1NK4,,https://www.lohibk.com/
"Loreley Restaurant","7 Rivington St, New York, NY 10002, USA",Manhattan,NY,Manhattan,dining,ChIJhV1tboZZwokRCNghkde1e2w,,https://www.loreleynyc.com/
"Lori Jayne","INSIDE ALPHAVILLE, 140 Wilson Ave, Brooklyn, NY 11237, USA",Manhattan,NY,Bushwick,dining,ChIJfwW2gc5dwokRtaOwFQ-Geiw,"",https://www.instagram.com/lorijaynebk/?hl=en
"Los Tacos No. 1","75 9th Ave, New York, NY 10011, USA",Manhattan,NY,Manhattan,dining,ChIJPzX8w1pbwokRwL9OFwKxBP4,"",https://www.lostacos1.com/
"Lost In Paradise","11-01 43rd Ave, Long Island City, NY 11101, USA",Manhattan,NY,"Long Island City",dining,ChIJjQjGfpJZwokRRMofQubPDec,,https://www.lostinparadiserooftop.com/
"Lounge at Mandarin Oriental New York","80 Columbus Cir Floor 35, New York, NY 10023, USA",Manhattan,NY,Manhattan,lounge,ChIJwy7f88dZwokRFLVVMy5BBoM,,
"Lucy's Sausage","135 Avenue A, New York, NY 10009, USA",Manhattan,NY,Manhattan,dining,ChIJ3WRZYp1ZwokRI0GzAf4kCIQ,,https://www.lucysbarnyc.com/
"Luv Pizza","485 7th Ave, New York, NY 10018, USA",Manhattan,NY,Manhattan,dining,ChIJ2zMetwFZwokRKL3KbNSHwNc,,
"L’Adresse American Bistro","1065 6th Ave, New York, NY 10018, USA",Manhattan,NY,Manhattan,dining,ChIJHWSG5qpZwokR5ByrYZRCsaI,,https://ladressenyc.com/bryant-park
"Magaritaville Resort","560 7th Ave 7th Floor, New York, NY 10018, USA",Manhattan,NY,Manhattan,dining,ChIJMeh4gWpZwokRA15Y4sAeVpI,,https://www.margaritavilleresorts.com/margaritaville-resort-times-square?utm_source=google&utm_medium=listing&utm_campaign=margaritaville+times+square
"Maison Close","15 Watts St, New York, NY 10013, USA",Manhattan,NY,Manhattan,dining,ChIJscGaa0dZwokRcP8iHz_SQ1U,,http://www.maisoncloserestaurant.com/
Majorelle,"28 E 63rd St, New York, NY 10065, USA",Manhattan,NY,Manhattan,dining,ChIJc2HLTe5YwokR9etGl2lOIIE,,https://www.lowellhotel.com/restaurants-and-bar/majorelle/57-1/?utm_source=restaurant-mybusiness&utm_medium=organic
"Malibu Farm","89 South St, New York, NY 10038, USA",Manhattan,NY,Manhattan,dining,ChIJD_Iteo1bwokRvCPy9I-S9Ds,,https://www.malibufarm.nyc/
"Mama Taco","5025 Broadway, New York, NY 10034, USA",Manhattan,NY,Manhattan,dining,ChIJ82MoqZHzwokRW8T2mQC2Rws,,
Maman,"239 Centre St, New York, NY 10013, USA",Manhattan,NY,Manhattan,dining,ChIJL8_mB4lZwokR9RPJzSCMrmw,,https://mamannyc.com/locations/soho
Manhatta,"28 Liberty St 60th floor, New York, NY 10005, USA",Manhattan,NY,Manhattan,dining,ChIJoTXWl8dbwokRpKA2BJFVsGA,,https://www.manhattarestaurant.com/
"Margaritaville Times Square","560 7th Ave 7th Floor, New York, NY 10018, USA",Manhattan,NY,Manhattan,dining,ChIJMeh4gWpZwokRA15Y4sAeVpI,,https://www.margaritavilleresorts.com/margaritaville-resort-times-square?utm_source=google&utm_medium=listing&utm_campaign=margaritaville+times+square
"Mariebelle Chocolate Experience","484 Broome St, New York, NY 10013, USA",Manhattan,NY,Manhattan,dining,ChIJ0xadiYtZwokRqJaKhJHW9RE,,http://www.mariebelle.com/
"Market Table","54 Carmine St, New York, NY 10014, USA",Manhattan,NY,Manhattan,dining,ChIJValK9JJZwokRuWsMUxsoE-E,"(212) 255-2100",https://www.markettablenyc.com/
"McDonald’s Popup","262 Canal St, New York, NY 10013, USA",Manhattan,NY,Manhattan,dining,ChIJFZTVS_RZwokRNWN3iUj3iFU,"(212) 941-5823",https://www.mcdonalds.com/us/en-us/location/ny/new-york/160-broadway/10528.html
"Medusa Mediterranean Cuisine","657 Hudson St, New York, NY 10014, USA",Manhattan,NY,Manhattan,dining,ChIJeQGhCyJZwokRprIs5CrWkKo,,https://www.meduza33.com/
"Meduza Mediterrania","657 Hudson St, New York, NY 10014, USA",Manhattan,NY,Manhattan,dining,ChIJeQGhCyJZwokRprIs5CrWkKo,,https://www.meduza33.com/
Meili,"13 E 37th St, New York, NY 10016, USA",Manhattan,NY,Manhattan,dining,ChIJJS3mqONZwokR9KlP3H_7MNg,,https://www.chilinyc.com/
"Mercury Lounge","217 E Houston St, New York, NY 10002, USA",Manhattan,NY,Manhattan,nightlife,ChIJQxzbx4NZwokRfWXvfisf3Eo,,http://www.mercuryeastpresents.com/mercurylounge
Metropolis,"Located in, Performing Arts Center, 251 Fulton St, New York, NY 10007, USA",Manhattan,NY,Manhattan,dining,ChIJLbVjDF5bwokRZFE7PRwuRpY,,https://www.metropolisbymarcus.com/
"Mezze on the River","375 S End Ave, New York, NY 10280, USA",Manhattan,NY,Manhattan,dining,ChIJySoGRqBbwokRjQ3Z2U3Ben4,,
"Mian Kitchen","230 Park Ave, New York, NY 10169, USA",Manhattan,NY,Manhattan,dining,ChIJzV4l8x9ZwokR9hdWKKOQCMY,,http://www.baobykaya.com/
"Mia’s Cocina","88 Essex St Stall #49, New York, NY 10002, USA",Manhattan,NY,Manhattan,dining,ChIJC9L30HmxygsRQlyNzL1qtZU,,https://miascocina.com/
"Mickey Spillane","350 W 49th St, New York, NY 10019, USA",Manhattan,NY,Manhattan,nightlife,ChIJuz62MlFYwokRPxcI1Dqu3yE,,https://mickeyspillanes.shop/
"Mickey Spillane's","350 W 49th St, New York, NY 10019, USA",Manhattan,NY,Manhattan,nightlife,ChIJuz62MlFYwokRPxcI1Dqu3yE,,https://mickeyspillanes.shop/
"Mighty Quinn’s","1407 Broadway, New York, NY 10018, USA",Manhattan,NY,Manhattan,dining,ChIJnRjKm6tZwokRge1J396OZig,,http://mightyquinnsbbq.com/
"Mikiya New York","954 2nd Ave, New York, NY 10022, USA",Manhattan,NY,Manhattan,dining,ChIJSZLeeo1ZwokR8cNwimMuHDE,,https://mikiyashabu.com/
"Milano Market","1582 3rd Ave, New York, NY 10128, USA",Manhattan,NY,Manhattan,dining,ChIJG-9EsaRYwokRgiYzN1ew-WA,,https://www.milanomarketnyc.com/
"Milk + Roses","35 Box St, Brooklyn, NY 11222, USA",Manhattan,NY,Greenpoint,dining,ChIJUymwHzxZwokR7PrGIBU3gz0,,https://milkandrosesbk.com/
"Minuto Bauli","866 Broadway, New York, NY 10003, USA",Manhattan,NY,Manhattan,dining,ChIJObw04rpZwokREYh2_WrYZHA,,https://www.minutobauli.com/en/
Mira,"206 E 34th St, New York, NY 10016, USA",Manhattan,NY,Manhattan,dining,ChIJibGCxZVZwokR6Nv6NWFWQRg,,https://miranyc34.com/
"Miss Nellie’s Victorian Theme Restaurant","321 W 44th St, New York, NY 10036, USA",Manhattan,NY,Manhattan,dining,ChIJnxEXkVNYwokRITzoANd2S14,,https://missnelliesnyc.com/
"Miss Yolo’s Tacos","Vanderbilt Market - Bars & Eateries, 230 Park Ave, New York, NY 10169, USA",Manhattan,NY,Manhattan,dining,ChIJ6faisoxZwokRtA2WZ1sbqXA,,https://www.missyolostacos.com/
"Mission Ceviche","1400 2nd Ave, New York, NY 10021, USA",Manhattan,NY,Manhattan,dining,ChIJEXPLsaFZwokRggZzIVKeiPM,,https://www.missionceviche.com/
"Miznon NYC","435 W 15th St, New York, NY 10011, USA",Manhattan,NY,Manhattan,dining,ChIJ8VQWXL9ZwokRvzf2OM4TNP4,,http://miznonusa.com/
"Moho Mexican Grill","38-05 Bell Blvd, Bayside, NY 11361, USA",Manhattan,NY,Bayside,dining,ChIJLWQJgFWLwokRzExNPnQWRA4,,http://mohoeats.com/
"Mojito by David Burke","135 E 62nd St, New York, NY 10065, USA",Manhattan,NY,Manhattan,dining,ChIJdcjMFu9YwokR6w1K45p4Q7k,,https://davidburketavern.com/
"Moka Matcha","142 W 34th St., New York, NY 10001, USA",Manhattan,NY,Manhattan,dining,ChIJwbNxnuJZwokRgV0wPzlX7eM,,https://www.mokanco.com/locations/manhattan--midtown-34th-st
"Mom's Spaghetti","2131 Woodward Ave, Detroit, MI 48201, USA",Manhattan,NY,"Downtown Detroit",dining,ChIJNSK1uKctO4gRAKl63_Vyz4U,,http://www.momsspaghetti.com/
Momoya,"185 7th Ave, New York, NY 10018, USA",Manhattan,NY,Manhattan,dining,ChIJa7XRZbtZwokRBZtNy1-JaGE,,https://www.momoyanyc.com/chelsea.html
"Monarch Rooftop","71 W 35th St, New York, NY 10001, USA",Manhattan,NY,Manhattan,dining,ChIJaQjMZqlZwokRfRT10O37aoQ,,http://www.monarchrooftop.com/
"Morton’s Steakhouse","551 5th Ave, New York, NY 10017, USA",Manhattan,NY,Manhattan,dining,ChIJR7SnMP5YwokR-8MZMiv4mJ0,,https://www.mortons.com/location/mortons-the-steakhouse-new-york-ny-manhattan/
Motek,"928 Broadway, New York, NY 10010, USA",Manhattan,NY,Manhattan,dining,ChIJffCQAjZZwokRhdsmOjKihJo,"(646) 663-8374",https://motekcafe.com/
"Ms. Kim's","6 W 28th St 2nd Floor, New York, NY 10001, USA",Manhattan,NY,Manhattan,nightlife,ChIJgZUXdiBZwokRRDLXtbXe-F8,,http://mskims.co/
"Mulberry St Cigars","176 1/2, Mulberry St, New York, NY 10013, USA",Manhattan,NY,Manhattan,nightlife,ChIJoeqoNYhZwokRhlpEeuL64vg,,http://www.mulberrystcigars.com/
"Mulberry Street Bar","176 1/2 Mulberry St, New York, NY 10013, USA",Manhattan,NY,Manhattan,nightlife,ChIJc4zj94hZwokRTUlDTVS0rik,,https://www.mulberrystreetbarmenu.com/?utm_source=gbp
"Murphy's","986 2nd Ave, New York, NY 10022, USA",Manhattan,NY,Manhattan,dining,ChIJ8c21yn9ZwokRJRNnZMZghNs,,https://murphyspubnyc.com/
"Murray’s Cheese Shop","254 Bleecker St, New York, NY 10014, USA",Manhattan,NY,Manhattan,dining,ChIJuXvxrZNZwokR3XPZK9SvN-U,,https://www.murrayscheese.com/wom/locations
Musaek,"6 E 32nd St Lower Level, New York, NY 10016, USA",Manhattan,NY,Manhattan,nightlife,ChIJh3IcTNhZwokR2SJXmWwsTJY,,https://www.musaek.nyc/
"Mustrd Restaurant","2113 Frederick Douglass Blvd, New York, NY 10026, USA",Manhattan,NY,Manhattan,dining,ChIJGU10WlD3wokRZuKKm8CTsEM,"(212) 470-1568",http://mustardnyc.com/
"My fav bar","469 W 57th St, New York, NY 10019, USA",Manhattan,NY,Manhattan,nightlife,ChIJk6NAlltZwokRMt1hIr8gjO8,,https://www.pocketbarnyc.com/
"Mysttik Masaala","230 Park Ave, New York, NY 10017, USA",Manhattan,NY,Manhattan,dining,ChIJOVKF1hxZwokRKf5A7vH0uKg,,
"NY Willy Wall","Harbor, New York, NY 10007, USA",Manhattan,NY,,nightlife,ChIJRSDFBJlQwokRjuLKNNvTuCI,,http://www.willywall.com/
"NYC Kitchen","390 3rd Ave, New York, NY 10016, USA",Manhattan,NY,Manhattan,dining,ChIJP-ps0fpZwokRjmvIf7s3CDQ,,http://nycpizzakitchenmenu.com/
"Native Harlem","2319 Frederick Douglass Blvd, New York, NY 10027, USA",Manhattan,NY,Manhattan,dining,ChIJUelrZgL3wokREoU8Uinnoqk,,https://native125th.com/
Negril,"70 W 3rd St, New York, NY 10012, USA",Manhattan,NY,Manhattan,dining,ChIJ57MmsJFZwokRpjsY3y4xzdg,,https://www.negrilvillage.com/
Nerai,"55 E 54th St, New York, NY 10022, USA",Manhattan,NY,Manhattan,dining,ChIJUWBUEftYwokR1jyaxo2moVg,,http://nerainyc.com/
"New Star Deli","105 W 55th St # 1, New York, NY 10019, USA",Manhattan,NY,Manhattan,dining,ChIJXREYwflYwokRqsx3cI2FxBE,"(212) 541-4650",https://www.stagestarnyc.com/
"Nikki’s Kitchen","5091 Richfield Rd STE B, Yorba Linda, CA 92886, USA",Manhattan,NY,,dining,ChIJd1KuhL3T3IARNAFUmMlii-s,,https://www.nikkiskitchenyl.com/
"ONE Dine","117 West St, New York, NY 10007, USA",Manhattan,NY,Manhattan,dining,ChIJXRDwzxtawokRcQTLdZuAsKY,,https://www.oneworldobservatory.com/bar-restaurant/?utm_source=googlebusiness&utm_medium=organic&utm_campaign=places
"Oh WE TALKING OXTAILS","132 E 56th St, New York, NY 10022, USA",Manhattan,NY,Manhattan,dining,ChIJ_zzgX_pZwokRWOykKXmbHB4,,http://lovesomejerk.com/
"Old Fashion Café","110 Thompson St, New York, NY 10012, USA",Manhattan,NY,Manhattan,dining,ChIJwSslRhxZwokRBLkPiFyDWHM,,https://www.oldfashioncafenyc.com/
Ollie,"2425 Broadway, New York, NY 10024, USA",Manhattan,NY,Manhattan,dining,ChIJpw8VhYZYwokRAqf_-P2PXvU,,https://ollieseats.com/ollies-to-go-chinese-food-upper-west-side
"Olly Olly Market","Starrett-Lehigh Building, 601 W 26th St, New York, NY 10001, USA",Manhattan,NY,Manhattan,dining,ChIJCTrgZ3lZwokRgocSC4yDcOw,,https://www.ollyollymarket.com/
"One40 Rooftop","140 Washington St, New York, NY 10006, USA",Manhattan,NY,Manhattan,dining,ChIJOU3lJqhbwokRd2agn9Mw4gY,,https://www.one40rooftop.com/
Ophelia,"3 Mitchell Pl 26th floor, New York, NY 10017, USA",Manhattan,NY,Manhattan,dining,ChIJc1QTEOJYwokRLAvuSgkm6rA,,https://opheliany.com/
"Ophelia Lounge","3 Mitchell Pl 26th floor, New York, NY 10017, USA",Manhattan,NY,Manhattan,lounge,ChIJc1QTEOJYwokRLAvuSgkm6rA,,https://opheliany.com/
"Oscar Wilde","45 W 27th St, New York, NY 10001, USA",Manhattan,NY,Manhattan,dining,ChIJgbdZ6aVZwokRxtWri-IDLJw,,http://oscarwildenyc.com/
Overstory,"70 Pine St 64th Floor, New York, NY 10005, USA",Manhattan,NY,Manhattan,nightlife,ChIJ_8dmJ0lbwokRIJHQFfXiMNo,"(212) 339-3963",https://www.overstory-nyc.com/
Oxtails,"503 W 57th St, New York, NY 10019, USA",Manhattan,NY,Manhattan,dining,ChIJJ65Ao4pZwokRwVZNDyN6Ldo,,https://lovesomejerk.com/
PPL,"189 Roebling St, Brooklyn, NY 11211, USA",Manhattan,NY,Williamsburg,dining,ChIJEa4-I9BbwokRhCUh5oXkWY0,,https://pplnyc.com/
"Palm Court","768 5th Ave, New York, NY 10019, USA",Manhattan,NY,Manhattan,dining,ChIJYaVdffBYwokRCwC_C_S-tbs,,https://www.theplazany.com/dining/the-palm-court/
"Palm Court at The Plaza Hotel","768 5th Ave, New York, NY 10019, USA",Manhattan,NY,Manhattan,dining,ChIJYaVdffBYwokRCwC_C_S-tbs,,https://www.theplazany.com/dining/the-palm-court/
"Palma Verde","1604 Broadway 4th Floor, New York, NY 10019, USA",Manhattan,NY,Manhattan,dining,ChIJvWomXetZwokRkAxjS3sdZGU,,https://palmaverdenyc.com/
"Panda Harlem","2331 12th Ave, New York, NY 10027, USA",Manhattan,NY,Manhattan,dining,ChIJUdrnWUb3wokROEn6VyMo5QM,,https://www.pandaharlem.com/
Paninoteca,"9 E 8th St, New York, NY 10003, USA",Manhattan,NY,Manhattan,dining,ChIJgXkty5BZwokRMax9voKdLPM,"(917) 388-3257",http://www.lapanineria.com/
"Panorama Room","22 N Loop Rd, New York, NY 10044, USA",Manhattan,NY,Manhattan,dining,ChIJEdtfBXZZwokRCe4Fgnwdd7g,,https://www.hilton.com/en/hotels/nycgngu-graduate-new-york/dining/?SEO_id=GMB--R-NYCGNGU-2&y_source=1_MTA4ODQ3MDYzOS03MTUtbG9jYXRpb24ud2Vic2l0ZQ%3D%3D
"Papillon Bistro & Bar","22 E 54th St, New York, NY 10022, USA",Manhattan,NY,Manhattan,lounge,ChIJvzG7p_tYwokRWcHZsRFN7rs,,http://www.papillonbistro.com/
"Paradise Club","20 Times Square, 701 7th Ave, New York, NY 10036, USA",Manhattan,NY,Manhattan,nightlife,ChIJj61JzkNZwokRLG0jXzRJu_A,"(347) 544-5163",http://www.theparadiseclubnyc.com/
"Partake NYC","10-29 44th Rd, Long Island City, NY 11101, USA",Manhattan,NY,"Long Island City",dining,ChIJoxZ8ZVVZwokR4_8oorVaWK8,,https://www.partake.nyc/
Passerine,"36 E 20th St, New York, NY 10003, USA",Manhattan,NY,Manhattan,dining,ChIJNz2NYnNZwokRmpUsT-iz-ZE,,https://www.passerinenyc.com/
Pastasole,"192 1st Ave, New York, NY 10009, USA",Manhattan,NY,Manhattan,dining,ChIJdcva7sdZwokRItkUEXwsf5Q,,https://pastasoleny.com/
"Patridge Bistro & Bar","25 Cooper Sq, New York, NY 10003, USA",Manhattan,NY,Manhattan,lounge,ChIJxUKjezBZwokRectlYHV0ELY,,https://www.standardhotels.com/new-york/features/partridge
"Patty Palace","124 E 14th St, New York, NY 10003, USA",Manhattan,NY,Manhattan,dining,ChIJe527EedZwokRjJwRW57Xp_0,"",https://www.timeout.com/time-out-market-union-square
"Peak Restaurant & Bar","30 Hudson Yards 101st floor, New York, NY 10001, USA",Manhattan,NY,Manhattan,lounge,ChIJ9-oPPZNZwokR9XwT635xClU,,https://www.peaknyc.com/
"Pera Soho","54 Thompson Street, corner of, Broome St, New York, NY 10012, USA",Manhattan,NY,Manhattan,dining,ChIJPQ65gIxZwokRYYV9buM_BYw,,http://www.pera-soho.com/
"Pier 17 Roof","89 South St Pier 17, New York, NY 10038, USA",Manhattan,NY,Manhattan,dining,ChIJR1pTRTxawokRyzoX5XQ_alI,,
"Pier I Cafe","Park South, Riverside, W 70th St #500, New York, NY 10069, USA",Manhattan,NY,Manhattan,dining,ChIJM_nQYVdYwokRTTpHFt1sQic,,
"Plantshed SoHo","1 Prince St, New York, NY 10012, USA",Manhattan,NY,Manhattan,dining,ChIJweLLY01ZwokRTBOwzihY8mw,,https://www.plantshed.com/
"Plowshares Coffee","1351 Amsterdam Ave, New York, NY 10027, USA",Manhattan,NY,Manhattan,dining,ChIJN54LBBn3wokR0RF0Los2gv8,,http://www.plowsharescoffee.com/
"Point Seven","200 Park Ave, New York, NY 10166, USA",Manhattan,NY,Manhattan,dining,ChIJAQDAGwJZwokR3Dr0k8AY5mw,,https://pointsevennyc.com/
"Point Seven Seafood Focused Restaurant","200 Park Ave, New York, NY 10166, USA",Manhattan,NY,Manhattan,dining,ChIJAQDAGwJZwokR3Dr0k8AY5mw,,https://pointsevennyc.com/
"Polly’s Speakeasy","204 W 55th St, New York, NY 10019, USA",Manhattan,NY,Manhattan,nightlife,ChIJ36zhzexZwokRz6Xb3zhDaC4,,https://pollysnyc.com/
"Popup Bagels","177 Thompson St, New York, NY 10012, USA",Manhattan,NY,Manhattan,dining,ChIJJ4WSJoZZwokRJVJJaTVLn1o,"(855) 747-6347",https://www.popupbagels.com/
"Porter House","10 Columbus Cir, New York, NY 10019, USA",Manhattan,NY,Manhattan,dining,ChIJp3PsL_ZYwokRmC6cZO44FNw,,http://porterhousenyc.com/
"Portrait Bar","1 W 28th St, New York, NY 10001, USA",Manhattan,NY,Manhattan,lounge,ChIJo-4H-GJZwokR6zOIA9JH7Kc,,https://theportraitbar.com/
"Postcard Bakery","31 Carmine St, New York, NY 10014, USA",Manhattan,NY,,dining,ChIJdwBOQQBZwokRuVRbm796SnQ,,https://www.postcardbakery.co/
"Prestige Lounge","2402 86th St, Brooklyn, NY 11214, USA",Manhattan,NY,Brooklyn,nightlife,ChIJg9PtFulFwokR_7wUpOkMNwI,,https://prestigesteakhouse.com/
Prime39,"39 Atlantic Ave, Lynbrook, NY 11563, USA",Manhattan,NY,,dining,ChIJTRVho8BlwokRGYCmpGMGBEg,,https://prime39.com/
"Prince Street Pizza","27 Prince St, New York, NY 10012, USA",Manhattan,NY,Manhattan,dining,ChIJ6xvs94VZwokRnT1D2lX2OTw,,https://locations.princestreetpizza.com/new-york
"Public Hotel","215 Chrystie St, New York, NY 10002, USA",Manhattan,NY,Manhattan,nightlife,ChIJYY-OM4RZwokRvA7ECx3HRZw,,https://www.publichotels.com/?utm_source=local-directories&utm_medium=organic&utm_campaign=travelclick-localconnect
"Raf's","290 Elizabeth St, New York, NY 10012, USA",Manhattan,NY,Manhattan,dining,ChIJJU-UWk1ZwokRklDKrZ_9EZE,,http://rafsnewyork.com/
"Ramen and Saki","93 Bowery, New York, NY 10002, USA",Manhattan,NY,Manhattan,dining,ChIJo5Bb-SdawokRQxbV68CsySE,,http://shinkaramen.com/
"Ras Plant Vegan Ethiopian Cuisine","170 Bleecker St, New York, NY 10012, USA",Manhattan,NY,Manhattan,dining,ChIJWc3egtNZwokRPzPJC_J-Shg,,http://www.rasplantbased.com/
"Rasta Pasta","1548 St Nicholas Ave, New York, NY 10040, USA",Manhattan,NY,Manhattan,dining,ChIJSfGK4pv3wokR6GpKLSy8VCY,,https://rastapastaandsalads.com/
"Record Room NYC","47-09 Center Blvd, Long Island City, NY 11109, USA",Manhattan,NY,"Long Island City",nightlife,ChIJs9zFrSlZwokRaqr9sgbQ-7Y,,https://www.recordroomlic.com/
"Refinery Rooftop","63 W 38th St, New York, NY 10018, USA",Manhattan,NY,Manhattan,dining,ChIJEemrT6pZwokRBdHb4BXiHJQ,,https://refineryrooftop.com/
"River Cafe","1 Water St, Brooklyn, NY 11201, USA",Manhattan,NY,"Brooklyn Heights",dining,ChIJ2QZOdTpawokRU_eN_EPJaX8,,https://www.rivercafe.com/
"Rolfs German Restaurant","281 3rd Ave, New York, NY 10010, USA",Manhattan,NY,Manhattan,dining,ChIJnx0Vh6BZwokROVSW8aik4Zc,,http://rolfsnyc.com/
"Rory’s Rooftop Bar","446 W 14th St, New York, NY 10014, USA",Manhattan,NY,Manhattan,lounge,ChIJ8cV4ZrNZwokRmXum9urdUpg,,http://rorysrooftop.com/
"Ruby Crab","135 E 55th St, New York, NY 10022, USA",Manhattan,NY,Manhattan,dining,ChIJhYEOnLxZwokRFqUFeLdE3Ls,,http://www.crabhouseny.com/
"Sahola Coffee","108 E 31st St, New York, NY 10016, USA",Manhattan,NY,Manhattan,dining,ChIJ4cctNm1ZwokRYqm7SgdbQaw,,https://saholaflowers.com/flower-cafe/
"Saint Lounge NYC","626B 10th Ave, New York, NY 10036, USA",Manhattan,NY,Manhattan,nightlife,ChIJgROOOwBZwokRZF11OBMRGrI,,https://www.saintrestolounge.com/menu-4
"Sake No Hana","145 Bowery, New York, NY 10002, USA",Manhattan,NY,Manhattan,dining,ChIJHUrr2YdZwokR4fOebsAwpiQ,,https://taogroup.com/venues/sake-no-hana-new-york/
"San Sabino","113 Greenwich Ave, New York, NY 10014, USA",Manhattan,NY,Manhattan,dining,ChIJ21VGCABZwokRyKrRkBeIAo4,,https://www.sansabinonyc.com/
"Sandbar Rooftop","152 W 26th St, New York, NY 10001, USA",Manhattan,NY,Manhattan,dining,ChIJiU9lDtFZwokRWgnyfScr2GI,,https://sandbarrooftop.com/
Sangenaro,"129 Mulberry St, New York, NY 10013, USA",Manhattan,NY,Manhattan,dining,ChIJaSAL0olZwokRL5R4BwHyWwQ,,http://www.dagennarorestaurant.com/
"Scarr’s Pizza","35 Orchard St, New York, NY 10002, USA",Manhattan,NY,Manhattan,dining,ChIJOUqatilawokRguvFSj0wX7Y,,http://www.scarrspizza.com/
"Seamore's","1278 3rd Ave, New York, NY 10021, USA",Manhattan,NY,Manhattan,dining,ChIJVVVsow9ZwokRZX0L5YXYOXM,"(212) 597-9220",https://www.seamores.com/
"Semicolon Cafe","516a 3rd Ave, New York, NY 10016, USA",Manhattan,NY,Manhattan,dining,ChIJN_q680FZwokRWmEYIz7LjB4,,http://semicoloncafe.com/
"Shawnae’s House","379 Van Duzer St, Staten Island, NY 10304, USA",Manhattan,NY,"Stapleton Heights",dining,ChIJZ5_CZk5PwokR0BV6d5x9DLU,,https://www.shawnaeshouse.com/
Shirokuro,"103 2nd Ave, New York, NY 10003, USA",Manhattan,NY,Manhattan,dining,ChIJY-AxVQBZwokRQa-hQDzy7o0,,http://www.shirokuronyc.com/
"Skinny's Cantina on the Hudson","701 W 133rd St, New York, NY 10027, USA",Manhattan,NY,Manhattan,dining,ChIJZ2Lzpu73wokRI2UaVhV1mVs,,https://skinnyscantinaonthehudson.com/
SmashBurger,"669 8th Ave, New York, NY 10036, USA",Manhattan,NY,Manhattan,dining,ChIJkwI91T9ZwokRHvAiIt0NPKo,,https://smashburger.com/locations/us/ny/new-york/669-8th-ave?utm_medium=organic&utm_source=local&utm_campaign=googlelistings&utm_content=website&utm_term=1728
"Smoke Jazz Club & Supper Club","2751 Broadway, New York, NY 10025, USA",Manhattan,NY,Manhattan,nightlife,ChIJS_7f3yT2wokR4dsAb0bTwDo,,http://www.smokejazz.com/
"Somewhere Nowhere","112 W 25th St Floor 38 & 39, New York, NY 10001, USA",Manhattan,NY,Manhattan,dining,ChIJRYx-LctZwokRUGvx8Rg1LQA,,https://www.somewherenowherenyc.com/
"Somewhere Nowhere Rooftop","112 W 25th St Floor 38 & 39, New York, NY 10001, USA",Manhattan,NY,Manhattan,nightlife,ChIJRYx-LctZwokRUGvx8Rg1LQA,,https://www.somewherenowherenyc.com/
"Somewhere Nowhere Rooftop at Renaissance NY","112 W 25th St Floor 38 & 39, New York, NY 10001, USA",Manhattan,NY,Manhattan,dining,ChIJRYx-LctZwokRUGvx8Rg1LQA,,https://www.somewherenowherenyc.com/
"Soul Food","373 Malcolm X Blvd, New York, NY 10027, USA",Manhattan,NY,Manhattan,dining,ChIJnxjnEHP2wokR-Dgf5gfBf50,,http://www.jacobrestaurant.com/
"Soul N The Hole","1899 N Armistead Ave, Hampton, VA 23666, USA",Manhattan,NY,"Coliseum Central",dining,ChIJ0SEgI2iDuokRlF45xynVDCc,,https://m.facebook.com/bowmanssoulnthewall/?wtsid=rdr_0tsisSzHM8JPk3iGE
"Spicy Moon","328 E 6th St, New York, NY 10003, USA",Manhattan,NY,Manhattan,dining,ChIJ7x3Pe11ZwokRLpfe6va9dqs,,http://www.spicymoonnyc.com/
"Spicy Village","68 Forsyth St B, New York, NY 10002, USA",Manhattan,NY,Manhattan,dining,ChIJt8rEHyhawokR5iJZu_Em_g4,,https://spicy-village.com/
"Spicymoon Vegan Szechuan Cuisine","328 E 6th St, New York, NY 10003, USA",Manhattan,NY,Manhattan,dining,ChIJ7x3Pe11ZwokRLpfe6va9dqs,,http://www.spicymoonnyc.com/
Spritz,"Ripa di Porta Ticinese, 9, 20143 Milano MI, Italy",Manhattan,NY,,dining,ChIJXXdn_vjDhkcRCN4kkzxgRcM,,https://www.leggimenu.it/menu/spritznaviglimilano/prenotazione/
"Spyglass Rooftop","47 W 38th St 22nd Floor, New York, NY 10018, USA",Manhattan,NY,Manhattan,dining,ChIJG6SkQ6pZwokRJTptT727h1c,,http://www.spyglassnyc.com/
"Stout NYC","215 W 35th St, New York, NY 10001, USA",Manhattan,NY,Manhattan,dining,ChIJJ91wx65ZwokRnjW2e69Imic,,https://www.stoutnyc.com/
"Strip Steakhouse Speakeasy","11 E 12th St, New York, NY 10003, USA",Manhattan,NY,Manhattan,dining,ChIJvyGW09FZwokR-3erSgBVV7w,"(212) 838-9197",https://www.striphouse.com/location/striphouse-speakeasy/
"Stuffed Ice Cream","139 1st Ave, New York, NY 10003, USA",Manhattan,NY,Manhattan,dining,ChIJA_BbBp1ZwokRkRd6BFzX5uA,,https://www.stuffedicecreamnyc.com/
Sub-Mission,"7 E 17th St, New York, NY 10003, USA",Manhattan,NY,Manhattan,dining,ChIJMfj7JwBZwokRQZrZizQTNmw,"(212) 680-4067",https://www.sub-mission.nyc/
Sullaluna,"41 Carmine St, New York, NY 10014, USA",Manhattan,NY,Manhattan,dining,ChIJ_5hz2klZwokRHWSfBldfUdQ,,https://www.sullalunanyc.com/
"Sunday Morning Cinnamon Rolls","29 Avenue B, New York, NY 10009, USA",Manhattan,NY,Manhattan,dining,ChIJpZSQbABZwokROfI_dac-9w8,,http://sundaymorningnyc.com/
"Sushi & Bento by Mr Lim","Urban Hawker, 135 W 50th St, New York, NY 10020, USA",Manhattan,NY,Manhattan,dining,ChIJCUefbxtZwokRtNCJ5g6fKMs,,https://www.sushiandbentobymrlim.com/
"Sushi Suite 1001","32 E 32nd St Suite 1001, New York, NY 10016, USA",Manhattan,NY,Manhattan,dining,ChIJBb9HyiNZwokRRlVnNb-lvaM,,https://sushibybou.com/
"Sweet Cats","21 E 17th St, New York, NY 10003, USA",Manhattan,NY,,dining,ChIJQT44NBdZwokRM11r-GqyLtI,,https://sweetcatscafe.shop/
"Sweet Moment","106 Mott St Frnt P, New York, NY 10013, USA",Manhattan,NY,Manhattan,dining,ChIJ01nLKYhZwokR59aeGeGrmq0,,http://www.sweetmomentnyc.com/
"Sylvia’s Restaurant","328 Malcolm X Blvd, New York, NY 10027, USA",Manhattan,NY,Manhattan,dining,ChIJb8Xw0wz2wokRXhp1-HSLvkI,,http://www.sylviasrestaurant.com/
"Søul","2294 2nd Ave, New York, NY 10035, USA",Manhattan,NY,Manhattan,dining,ChIJwWtsav31wokRxEWigV3aUjM,,http://www.spahasoul.com/
"T Lounge NYC","134 9th Ave, New York, NY 10011, USA",Manhattan,NY,Manhattan,nightlife,ChIJAdqkmSxZwokR6Vn39rr6ORQ,,http://www.tlounge.nyc/
"TAN New York City","209 E 49th St, New York, NY 10017, USA",Manhattan,NY,Manhattan,dining,ChIJHawntCpZwokRIa38SMvp4wo,,https://www.tannewyork.com/
"TS Bar","134 9th Ave, New York, NY 10011, USA",Manhattan,NY,Manhattan,nightlife,ChIJ8Uoy1mJZwokR1fAV4GdaWaw,,http://www.tlounge.nyc/
"TWA Lounge","Queens, NY 11430, USA",Manhattan,NY,Queens,nightlife,ChIJU-zIqkdnwokRBn4uBSu90Sg,,https://www.twahotel.com/the-sunken-lounge
"Table For Two","54 Carmine St, New York, NY 10014, USA",Manhattan,NY,Manhattan,dining,ChIJValK9JJZwokRuWsMUxsoE-E,,https://www.markettablenyc.com/
Tadhana,"151 Allen St, New York, NY 10002, USA",Manhattan,NY,,dining,ChIJS1TKNwBZwokRi1Ha-phszJU,,http://www.tadhananyc.com/
"Taqueria El Chato","620 Manhattan Ave, Brooklyn, NY 11222, USA",Manhattan,NY,Greenpoint,dining,ChIJpx9oNwBZwokRadMPBkSKnvY,"",""
"Tarallucci e Vino","15 E 18th St, New York, NY 10003, USA",Manhattan,NY,Manhattan,dining,ChIJkZl4RqJZwokRh8_7vKnsdTI,,https://www.taralluccievino.net/union-square-location
"Taste of Seafood","2530 Frederick Douglass Blvd, New York, NY 10037, USA",Manhattan,NY,Manhattan,dining,ChIJF3aUyXH2wokRijDYM0IsEwE,,http://atasteofseafood.com/
"Tavern on the Green","Central Park, W 67th St, New York, NY 10023, USA",Manhattan,NY,Manhattan,dining,ChIJKy5pv_RYwokRBaqWbokKqOc,,http://tavernonthegreen.com/menu
"Temple Court inside Beekman Hotel","5 Beekman St, New York, NY 10038, USA",Manhattan,NY,Manhattan,dining,ChIJPQzEeBhawokR79Mo5NOT5Vw,,https://www.templecourtnyc.com/
"Ten 11","19 W 31st St, New York, NY 10001, USA",Manhattan,NY,Manhattan,nightlife,ChIJex3F7G9ZwokRrtkrtcXN5sQ,,https://www.ten11nomad.com/
"Thai Diner","186 Mott St, New York, NY 10012, USA",Manhattan,NY,Manhattan,dining,ChIJQyFr6-FZwokRr23JK7BC7_g,,http://www.thaidiner.com/
"The 40/40 Club","6 W 25th St, New York, NY 10010, USA",Manhattan,NY,Manhattan,nightlife,ChIJ-8qQJaRZwokROBJmbLfbWDg,,https://the4040club.com/
"The Argyle","326 7th Ave Lower Level, New York, NY 10001, USA",Manhattan,NY,Manhattan,nightlife,ChIJCcf7Nj1ZwokRLCcFrfMemaA,"(212) 537-6564",https://www.marketterestaurant.com/theargyle/
"The Atelier Jolie","57 Great Jones St, New York, NY 10012, USA",Manhattan,NY,Manhattan,dining,ChIJv2KfY_ZZwokRK8PeZMCg02g,,http://atelierjolie.com/
"The Baazar at The Ritz Carlton","35 W 28th St Second Floor, New York, NY 10001, USA",Manhattan,NY,Manhattan,dining,ChIJK1l3akxZwokR_kpaBwuT8rk,,https://www.thebazaar.com/location/new-york-city/
"The Bazaar by Jose Andres","35 W 28th St Second Floor, New York, NY 10001, USA",Manhattan,NY,Manhattan,dining,ChIJK1l3akxZwokR_kpaBwuT8rk,,https://www.thebazaar.com/location/new-york-city/
"The Boom Room","The Standard, High Line, 848 Washington St, New York, NY 10014, USA",Manhattan,NY,Manhattan,nightlife,ChIJBavmZ8BZwokRA3CH90NwoY0,,https://www.thestandardevents.com/high-line#boom
"The Box NYC","189 Chrystie St, New York, NY 10002, USA",Manhattan,NY,Manhattan,nightlife,ChIJfQYW1oVZwokRfb__yYPWTqQ,,http://www.theboxnyc.com/
"The Cabinet","649 E 9th St, New York, NY 10009, USA",Manhattan,NY,Manhattan,dining,ChIJkyeo3mpZwokRwZC5PT4r9LU,,http://www.thecabinetnyc.com/
"The Chai Spot","156 Mott St, New York, NY 10013, USA",Manhattan,NY,Manhattan,dining,ChIJpVtw5dJZwokRHcHZ3llvJMM,,https://www.thechaispot.com/
"The Chelsea House NYC","130 W 19th St, New York, NY 10011, USA",Manhattan,NY,Manhattan,dining,ChIJqf1PlbxZwokRrm2OhhCOKYg,,http://chelseahouse-nyc.com/
"The City Is Ours NYC","131 W 55th St, New York, NY 10019, USA",Manhattan,NY,Manhattan,nightlife,ChIJDSXLz_lYwokRqONmt9wNV9s,,https://www.nycitycenter.org/
"The Common","335 Madison Ave #6F-2, New York, NY 10017, USA",Manhattan,NY,Manhattan,dining,ChIJl78h7wFZwokR214MLFh3DSQ,,https://www.common.com/?utm_campaign=gmb&utm_source=google&utm_medium=search
"The Common Park Slope","548 4th Ave, Brooklyn, NY 11215, USA",Manhattan,NY,Gowanus,dining,ChIJR-zfafZbwokR3jOrzYj-8gU,,
"The Corner Store","475 W Broadway, New York, NY 10012, USA",Manhattan,NY,Manhattan,dining,ChIJMbcxxvJZwokRvp2omDp1nyw,,https://www.thecornerstoresoho.com/
"The Cronut Stand","189 Spring St, New York, NY 10012, USA",Manhattan,NY,Manhattan,dining,ChIJP0KOWoxZwokRmvPiQAIaH1A,,http://www.dominiqueanselny.com/
"The Django","The Roxy Hotel, Cellar Level, 2 6th Ave, New York, NY 10013, USA",Manhattan,NY,Manhattan,nightlife,ChIJ6wjtl4pZwokRC66KkQa9x9U,,http://www.thedjangonyc.com/
"The Fine Wine Experience NYC","720 Greenwich St, New York, NY 10014, USA",Manhattan,NY,Manhattan,dining,ChIJj9NkMK1ZwokR7UNboGA43CU,,http://crushwinexp.com/
"The Flatiron Room Murray Hill","9 E 37th St, New York, NY 10016, USA",Manhattan,NY,Manhattan,nightlife,ChIJHweSsgBZwokRloB86aLgrzE,,https://theflatironroom.com/
"The Fleur Room","105 W 28th St, New York, NY 10001, USA",Manhattan,NY,Manhattan,nightlife,ChIJ2S4en71ZwokRSWZ6udftCGQ,,https://moxychelsea.com/the-fleur-room/
"The Garden at The Standard, East Village","25 Cooper Sq, New York, NY 10003, USA",Manhattan,NY,Manhattan,dining,ChIJQyDv3spZwokRrrN2ugqm6Vs,,https://www.standardhotels.com/new-york/features/The-Garden-East-Village-Restaurant
"The Grid","686 Broadway, New York, NY 10012, USA",Manhattan,NY,Manhattan,dining,ChIJB6oErCtZwokRb93Ge4wsE1E,,http://www.greatjonesdistillingco.com/?utm_source=gmb&utm_medium=gmb&utm_campaign=gmb
"The Guesthouse Bistro & Bar","2945 Hempstead Tpke, Levittown, NY 11756, USA",Manhattan,NY,,lounge,ChIJZQQ1IZ9_wokRLzT90PSe91o,"(516) 396-0660",https://www.ghbistro.com/
"The Hairy Lemon","28 Avenue B, New York, NY 10009, USA",Manhattan,NY,Manhattan,dining,ChIJz-geeoJZwokR7IawjoknIfs,,http://www.hairylemonnyc.com/
"The Highlight Room","145 Bowery, New York, NY 10002, USA",Manhattan,NY,Manhattan,nightlife,ChIJyz_46yFZwokR8X62fDIyyUs,,https://taogroup.com/venues/the-highlight-room-new-york/
"The Laduree","398 W Broadway, New York, NY 10012, USA",Manhattan,NY,Manhattan,dining,ChIJM767a4xZwokRXyq8NCoE33I,,https://laduree.com/?utm_source=yext&utm_medium=referral&utm_campaign=GMB
"The Living Room","1567 Broadway, New York, NY 10036, USA",Manhattan,NY,Manhattan,nightlife,ChIJmQJIxlVYwokRouMAJGGtbX8,"(212) 930-7483",https://www.marriott.com/en-us/hotels/nycwh-w-new-york-times-square/dining/
"The Lost Draft","398 Broome St, New York, NY 10013, USA",Manhattan,NY,Manhattan,dining,ChIJHcFFXH9ZwokR_QKedPacLiQ,,http://thelostdraft.com/
"The Monkey Cup","1965 Adam Clayton Powell Jr Blvd, New York, NY 10026, USA",Manhattan,NY,Manhattan,dining,ChIJEVVgiCz3wokRjVxrVqLaxcw,,http://www.themonkeycup.com/
"The Nines","9 Great Jones St, New York, NY 10012, USA",Manhattan,NY,Manhattan,dining,ChIJCfLy3phZwokRYh582zJlIiA,,http://ninesnyc.com/
"The Plaza Hotel","768 5th Ave, New York, NY 10019, USA",Manhattan,NY,Manhattan,dining,ChIJYaVdffBYwokRnTOoCzCq9mE,,https://www.theplazany.com/?goto=fiche_hotel&code_hotel=A568&merchantid=seo-maps-US-A568&sourceid=aw-cen&utm_medium=seo+maps&utm_source=google+Maps&utm_campaign=seo+maps&y_source=1_MTIzNjE0MDYtNzE1LWxvY2F0aW9uLndlYnNpdGU=
"The Ready Rooftop","112 E 11th St, New York, NY 10003, USA",Manhattan,NY,Manhattan,dining,ChIJ-1HxQCdZwokRLHj8Dl1rVOo,,
"The Roof at Public Hotel","215 Chrystie St, New York, NY 10002, USA",Manhattan,NY,Manhattan,dining,ChIJW3GbtYVZwokRzNb56LoD2BQ,,https://www.publichotels.com/newyork/eat-and-drink/the-roof
"The Royal Palms Shuffleboard","44 W 30th St, New York, NY 10001, USA",Manhattan,NY,Manhattan,nightlife,ChIJn22SmFRZwokRM1Ao3bzzWBY,,https://electricshuffle.com/us/nyc
"The Tyger","1 Howard St, New York, NY 10013, USA",Manhattan,NY,Manhattan,dining,ChIJ2fEjn-RZwokRe9eppEiXc4E,,http://www.thetygernyc.com/
"The Vixen Of Soul Food","328 Malcolm X Blvd, New York, NY 10027, USA",Manhattan,NY,Manhattan,dining,ChIJb8Xw0wz2wokRXhp1-HSLvkI,,http://www.sylviasrestaurant.com/
"Three Peaks Lodge","825 Gresham Rd, New York, NY 10004, USA",Manhattan,NY,Manhattan,dining,ChIJ38ufYE1bwokRJJ7F_F6eb6k,"(917) 994-6167",https://collectiveretreats.com/governors-island/restaurants-bars/
"Time Out Market","55 Water St, Brooklyn, NY 11201, USA",Manhattan,NY,Dumbo,dining,ChIJ9aMCWaxbwokRZHJGmTBxFtQ,"(917) 810-4855",https://www.timeoutmarket.com/newyork/
"Time Out Market New York","55 Water St, Brooklyn, NY 11201, USA",Manhattan,NY,Dumbo,dining,ChIJ9aMCWaxbwokRZHJGmTBxFtQ,,https://www.timeoutmarket.com/newyork/
Tucci,"643 Broadway, New York, NY 10012, USA",Manhattan,NY,Manhattan,dining,ChIJwzDKMUBZwokRQBpnmyzOI5o,,https://www.tuccinyc.com/
"Twenty Three Grand","23 Grand St, New York, NY 10013, USA",Manhattan,NY,Manhattan,dining,ChIJNYq1o5NZwokRwA5gruCwaFo,,https://www.twentythreegrand.com/spaces
"Twin Tails","10 Columbus Cir 3rd Floor, New York, NY 10019, USA",Manhattan,NY,Manhattan,dining,ChIJbxASGTNZwokR9eIMYL28EQE,,https://www.twintailsnyc.com/
UNLISTED,"3 Freeman Alley 11th Floor, New York, NY 10002, USA",Manhattan,NY,Manhattan,nightlife,ChIJB07C8s1ZwokRu1WjZK2m5cw,,https://unlisted.nyc/
UNTITLED,"3 Freeman Alley, New York, NY 10002, USA",Manhattan,NY,Manhattan,dining,ChIJew4ouUxZwokRwtT3MyqzKsw,,https://untitledat3freeman.com/
"Unnamed Venue","4 W 43rd St, New York, NY 10036, USA",Manhattan,NY,Manhattan,dining,ChIJS_83IwBZwokRoRizvWHTXcM,,http://www.nyceventspaces.com/
"Urban Cove","33 Peck Slip, New York, NY 10038, USA",Manhattan,NY,Manhattan,dining,ChIJL9gZsjxawokRzkbd2UCvf9c,,https://www.urbancoveseaport.com/
"VIV Thai","717 9th Ave, New York, NY 10019, USA",Manhattan,NY,Manhattan,dining,ChIJJ4ARMFFYwokRRyJCDyI-fyM,,http://www.vivthainyc.com/
"Van Leeuwen","20 Hudson Yards Suite 203C, New York, NY 10001, USA",Manhattan,NY,Manhattan,dining,ChIJ6TpSo1pZwokRk1_rftbqXxY,,https://vanleeuwenicecream.com/scoop-shops/
"Vanderbilt Market","230 Park Ave, New York, NY 10169, USA",Manhattan,NY,Manhattan,dining,ChIJXSh7-f1YwokR5MTjegK5cGQ,,https://www.hfbrandsandmarkets.com/vanderbilt-market
"Verano NYC","350 11th Ave, New York, NY 10001, USA",Manhattan,NY,Manhattan,dining,ChIJ8cREwAhZwokRAgPZ9NSbepQ,,https://www.verano-nyc.com/
"Vert Frais","43-10 Crescent St, Long Island City, NY 11101, USA",Manhattan,NY,"Long Island City",dining,ChIJnelMReNZwokRXqa1GK4myCk,,https://vertfrais.squarespace.com/
"Vert Frais Japanese Eatery","43-10 Crescent St, Long Island City, NY 11101, USA",Manhattan,NY,"Long Island City",dining,ChIJnelMReNZwokRXqa1GK4myCk,,https://vertfrais.squarespace.com/
"Vinile Chophouse","31 W 17th St, New York, NY 10011, USA",Manhattan,NY,Manhattan,dining,ChIJJbuYzNBZwokRksdNLK8TgRM,,https://www.vinilechophouse.com/
"Vintage Green","303 Lexington Ave 16th Floor, New York, NY 10016, USA",Manhattan,NY,Manhattan,dining,ChIJFe-bxtFZwokRC2C8_1R3r2g,,https://vintagegreen.nyc/
"Vinyl Steakhouse","35 W 19th St, New York, NY 10011, USA",Manhattan,NY,Manhattan,dining,ChIJyVewyABZwokRv1qJTtiP2ws,,https://www.vinylsteakhouse.com/
"Virgin Hotels","1227 Broadway, New York, NY 10001, USA",Manhattan,NY,Manhattan,dining,ChIJ4zLglElZwokR7tWZPZGVsLY,,https://virginhotels.com/nyc/
"Wabi Nori","115 Essex St, New York, NY 10002, USA",Manhattan,NY,Manhattan,dining,ChIJSU8szcZZwokRurWGO4cm_3g,,https://wabinori.com/
Watermark,"78 South St Pier 15, New York, NY 10038, USA",Manhattan,NY,Manhattan,dining,ChIJ7ek7qdRbwokRt3sVsitU9r4,"(212) 742-8200",https://watermarkny.com/
Westlight,"111 N 12th St, Brooklyn, NY 11249, USA",Manhattan,NY,Greenpoint,nightlife,ChIJW0OO0UJZwokRaQpYvJ4sn0k,,
Westmoreland,"1 E 70th St, New York, NY 10021, USA",Manhattan,NY,Manhattan,dining,ChIJL1JmMQBZwokRB1wjEnxWd4E,,http://frick.org/visit/cafe
"Wonderland Bar","96 2nd Ave, New York, NY 10003, USA",Manhattan,NY,Manhattan,lounge,ChIJsctiAgBZwokRRPidYZS6VzQ,,http://wonderlandbarnyc.com/
"Wonderland Cocktail Bar","96 2nd Ave, New York, NY 10003, USA",Manhattan,NY,Manhattan,nightlife,ChIJsctiAgBZwokRRPidYZS6VzQ,,http://wonderlandbarnyc.com/
Wontonissimo,"56 Mott St, New York, NY 10013, USA",Manhattan,NY,Manhattan,dining,ChIJF3f2EQBbwokRr5Hj0JK2IgA,,http://www.wontonnoodleny.com/
"Woodland’s","572 Fulton St, Brooklyn, NY 11217, USA",Manhattan,NY,"Fort Greene",dining,ChIJI3zW0a5bwokRIJQ0LZGLYJ8,,https://www.woodland.nyc/
"Ye’s Apothecary","119 Orchard St, New York, NY 10002, USA",Manhattan,NY,,dining,ChIJ1_H0xoxZwokRiSYkMa5Mnqk,,http://yesapothecary.com/
Yingtao,"805 9th Ave, New York, NY 10019, USA",Manhattan,NY,,dining,ChIJkYkkoh1ZwokRE01ymVZhhpg,,https://yingtaonyc.com/
"Yum Yubu","230 Park Ave, New York, NY 10017, USA",Manhattan,NY,Manhattan,dining,ChIJsViI-a5ZwokRxFbTiQbWUso,,https://yumyubu.com/?utm_source=google
Zoi,"19 W 31st St, New York, NY 10001, USA",Manhattan,NY,Manhattan,dining,ChIJn_tR1OpZwokRXj3ZO5lvAJI,,https://www.zoinomad.com/
Zuma,"261 Madison Ave, New York, NY 10016, USA",Manhattan,NY,Manhattan,dining,ChIJjxZ92gBZwokRBs-63wLcBp8,,https://www.zumarestaurant.com/en/new-york?utm_source=InfoButtonClick&utm_medium=Home&utm_campaign=GoogleBusinessProfile
eatprettyues,"501 1/2 E 83rd St, New York, NY 10028, USA",Manhattan,NY,Manhattan,dining,ChIJUTcQekxZwokRUX1rPYkkQ1w,,http://eatpretty.getsauce.com/
industrykitchen,"70 South St, New York, NY 10005, USA",Manhattan,NY,Manhattan,dining,ChIJcaQCwD1awokRuJEpTiEWOtw,,https://industry-kitchen.com/
kobanony,"299 Bowery, New York, NY 10003, USA",Manhattan,NY,Manhattan,dining,ChIJmzhRz-ZZwokRDTcAyM8TSWo,,https://kobanony.com/
melaninmimosasbrunch,"1604 Broadway, New York, NY 10019, USA",Manhattan,NY,Manhattan,dining,ChIJsc2Mls1ZwokRp9D6mblCACE,,https://www.melaninmimosas.com/rsvp
nychookahlounge,"244 E 51st St, New York, NY 10022, USA",Manhattan,NY,Manhattan,nightlife,ChIJscwxAuNYwokRWWZ6fv31KFU,,http://www.karizmaloungenyc.com/
restaurant,"28 Liberty St 60th floor, New York, NY 10005, USA",Manhattan,NY,Manhattan,dining,ChIJoTXWl8dbwokRpKA2BJFVsGA,,https://www.manhattarestaurant.com/
speakeasy,"113 St Marks Pl, New York, NY 10009, USA",Manhattan,NY,Manhattan,nightlife,ChIJb67-ZZ1ZwokRRxBYr3GlFp0,,http://www.pdtnyc.com/
stagestarbackstage,"105 W 55th St, New York, NY 10019, USA",Manhattan,NY,Manhattan,nightlife,ChIJ-VYrgo1ZwokRP0Cg6qdNZ8o,"(212) 541-4650",https://thebackstagenyc.com/
tablefortwonyc,"54 Carmine St, New York, NY 10014, USA",Manhattan,NY,Manhattan,dining,ChIJValK9JJZwokRuWsMUxsoE-E,"(212) 255-2100",https://www.markettablenyc.com/
thecityisoursnyc,"455 12th Ave, New York, NY 10018, USA",Manhattan,NY,Manhattan,nightlife,ChIJfU1wXrFZwokR_MtjKYjWfOU,,http://www.citysightseeingnewyork.com/
unknown,"44 Monroe St, New York, NY 10002, USA",Manhattan,NY,,dining,ChIJh_twWS9awokR9nF518d0PeE,,
"unknown poké bowl restaurant","599 Lexington Ave, New York, NY 10022, USA",Manhattan,NY,Manhattan,dining,ChIJiyldum1ZwokRCEPWuUx8UW4,,https://pokebowlny.com/locations/upper-east-side/?utm_source=google&utm_medium=organic&utm_campaign=gbp&utm_content=website_link
"unknown restaurant","16 E 46th St, New York, NY 10017, USA",Manhattan,NY,Manhattan,dining,ChIJswKD6X9ZwokRzBuPAc0mo9E,,https://readingroomnyc.com/
"Garage Grill","25 Western Ave, Marlboro, NY 12542, USA",Marlboro,NY,"",dining,ChIJgzIaPQA73YkRSbnBUnA27Mw,"(845) 236-9542",
"Bacha Coffee","Dar el Bacha, Rte Sidi Abdelaziz, Marrakech 40000, Morocco",Marrakech,NY,"Médina",dining,ChIJ_XfHgqzvrw0RfD6oNnt7Zxo,,
"Comptoir Darna","Av. Echouhada, Marrakech 40000, Morocco",Marrakech,NY,,dining,ChIJ_cvwi_Xurw0RSj4B7glmbYY,,
"Newyork lounge","FFV8+C7H Uptown Lounge, Mekele, Ethiopia",Mekelle,NY,,nightlife,ChIJ_ysWdCv9ahYR_usdEDX1JFw,,
"Social Corner","243-24 Merrick Blvd, Rosedale, NY 11422, USA",Merrick,NY,Rosedale,nightlife,ChIJDd15AwxkwokR0FHXwBaW4Q4,,https://socialcornerrestaurant.com/
"7th Street Burger","524 Jericho Tpke, Mineola, NY 11501, USA",Mineola,NY,,dining,ChIJH7MDSqhjwokRMFXdVsj1Q24,"(877) 332-1832",https://locations.7thstreetburger.com/locations/ny/mineola/524-jericho-turnpike
"The Rex Burger and Lobster","132 W 43rd St, New York, NY 10036, USA",Mineola,NY,Manhattan,dining,ChIJd44fMFVYwokRqpXE6s9gnV4,,https://www.burgerandlobster.com/locations/new-york/bryant-park/?utm_source=google&utm_medium=local&utm_campaign=gmblisting
Wynwood,"2250 NW 2nd Ave, Miami, FL 33127, USA","Multiple Locations",NY,"Wynwood Art District",nightlife,ChIJRwghBLK22YgR_csunfj75Q8,,https://www.wynwood-marketplace.com/
"Café Boulud Baha Mar","Rosewood Baha Mar, 1 Baha Mar Blvd, Nassau, The Bahamas",Nassau,NY,,dining,ChIJ7yfe1GRjL4kRNfJWZmRzZnI,,https://www.rosewoodhotels.com/en/baha-mar/dining/cafe-boulud
"Grand Hyatt","1 Baha Mar Blvd, Nassau, The Bahamas",Nassau,NY,,dining,ChIJr46EJZ9jL4kRREJJKJBWrbU,"(844) 709-3850",https://www.hyatt.com/grand-hyatt/en-US/nasgh-grand-hyatt-baha-mar?src=corp_lclb_google_seo_nasgh&utm_source=google&utm_medium=organic&utm_campaign=lmr
"Marcus Baha Mar","1 Baha Mar Blvd, Nassau, The Bahamas",Nassau,NY,,dining,ChIJPZaxiFNjL4kREjCyz4oy8DY,,https://www.marcusbahamar.com/
"Marcus Cooks","1 Baha Mar Blvd, Nassau, The Bahamas",Nassau,NY,,dining,ChIJPZaxiFNjL4kREjCyz4oy8DY,"(242) 788-7333",https://www.marcusbahamar.com/
Rosewood,"One, One Baha Mar Blvd, Nassau, The Bahamas",Nassau,NY,,dining,ChIJO8cPOCJjL4kRHAWou9ZAoTI,"(242) 788-8500",https://www.rosewoodhotels.com/en/baha-mar?utm_source=google&utm_medium=seo&utm_campaign=google_my_business&utm_content=BHM
SLS,"1 Baha Mar Blvd, Nassau, The Bahamas",Nassau,NY,,dining,ChIJmSPGIiJjL4kR88iR82yTwSU,"(866) 225-4561",https://slshotels.com/baha-mar/?utm_source=google&utm_medium=organic&utm_campaign=gmb-website&utm_content=website_button
"Sapodilla Restaurant","W Bay St, Nassau, The Bahamas",Nassau,NY,,dining,ChIJFb1OA7djL4kR5WFpx4iz8O8,,https://www.sapodillabahamas.com/
Bittersweet,"7491 State Rte 55, Neversink, NY 12765, USA",Neversink,NY,,dining,ChIJcT13M-CV3IkRiFXBhD2JFjA,,https://hemlockneversink.com/
"Noma Social","1 Radisson Plaza, New Rochelle, NY 10801, USA","New Rochelle",NY,,dining,ChIJq-kxE46NwokRKOzDEHJfIxg,,https://www.wyndhamhotels.com/trademark/new-rochelle-new-york/hotel-noma-trademark-collection/overview
"G & H Deli","119 1st St, Newburgh, NY 12550, USA",Newburgh,NY,,dining,ChIJ-S62dycz3YkRNbeF3jk1ImU,,
KYU,"324 Lafayette St, New York, NY 10012, USA",NoHo,NY,Manhattan,dining,ChIJRUXf9uBZwokR9WS3NBhSjYk,,https://www.kyurestaurants.com/location/kyu-nyc/?utm_source=gmb
blackbarnrestaurant,"19 E 26th St, New York, NY 10010, USA",NoMAD,NY,Manhattan,dining,ChIJQZSnWKZZwokRXPNOv9-qWsY,,http://blackbarnrestaurant.com/
"A Guyanese-Chinese restaurant","1299B Grand Ave, Baldwin, NY 11510, USA","North Baldwin",NY,,dining,ChIJYVDfa2l9wokRdlkBXq81-7c,"(516) 600-9328",https://www.palmislandny.com/
"Guyanese-Chinese restaurant","1299B Grand Ave, Baldwin, NY 11510, USA","North Baldwin",NY,,dining,ChIJYVDfa2l9wokRdlkBXq81-7c,,https://www.palmislandny.com/
Allard,"41 Rue Saint-André des Arts, 75006 Paris, France",Paris,NY,,dining,ChIJfdZi-d5x5kcR2Ez_J64oZWY,,
"Bar Les Ambassadeurs","10 Rue Boissy d'Anglas, 75008 Paris, France",Paris,NY,,dining,ChIJ9-s9Jj5u5kcR7oJHm5aqgrA,,
"Brasserie Flottes","2 Rue Cambon, 75001 Paris, France",Paris,NY,,dining,ChIJDeI4Jx9v5kcRItEpEe0E6jo,,
"Breizh Cafe","109 Rue Vieille du Temple, 75003 Paris, France",Paris,NY,,dining,ChIJly1xVgFu5kcRoruGNAxdAyY,,
"Cafe Carette","4 Pl. du Trocadéro et du 11 Novembre, 75016 Paris, France",Paris,NY,,dining,ChIJXQvlQftv5kcROZUkVMlEAdo,,
"Cafe Laperouse","2 Pl. de la Concorde, 75001 Paris, France",Paris,NY,,dining,ChIJy0uxFbFv5kcRY5pz2Ruz8aM,,
"Cafe de l’Homme","17 Pl. du Trocadéro et du 11 Novembre, 75016 Paris, France",Paris,NY,,dining,ChIJlSwHnvxv5kcR2JG3yHEsjG4,,
Carette,"4 Pl. du Trocadéro et du 11 Novembre, 75016 Paris, France",Paris,NY,,dining,ChIJXQvlQftv5kcROZUkVMlEAdo,,
"Chez Janou","2 Rue Roger Verlomme, 75003 Paris, France",Paris,NY,,dining,ChIJaXXlBgBu5kcRzeSQ0Um9YSg,,
"Cinq Mars","51 Rue de Verneuil, 75007 Paris, France",Paris,NY,,dining,ChIJdd-9Oyhu5kcRyYfBOFrZK4M,,
Derriere,"69 Rue des Gravilliers, 75003 Paris, France",Paris,NY,,dining,ChIJM9X48Rpu5kcRPU4IwcxRjZk,,
"La Renommee","95 Rue Saint-Honoré, 75001 Paris, France",Paris,NY,,dining,ChIJrZPhsAlv5kcRSvvLZGCbXuw,,
"Laduree Carrousel du Lourve","Carrousel du Louvre, 99 Rue de Rivoli Emplacement M11, 75001 Paris, France",Paris,NY,,dining,ChIJWSrQksBv5kcRF9jfxn1cSMI,,
"Le Procope","13 Rue de l'Ancienne Comédie, 75006 Paris, France",Paris,NY,,dining,ChIJdQn7zN5x5kcRhKnVo8EDJS0,,
"Le Tout","8 Quai du Louvre, 75001 Paris, France",Paris,NY,,dining,ChIJxYJUC2lv5kcRlhdpWba_aGU,,
"Le Voltaire","27 Quai Voltaire, 75007 Paris, France",Paris,NY,,dining,ChIJp_uMAClu5kcRHez65e7i1pE,,
"Les Jules Verne","Avenue Gustave Eiffel 2ème, Tour Eiffel, Av. Anatole France, 75007 Paris, France",Paris,NY,,dining,ChIJl_7p8uFv5kcRj5ZGEf31ILM,,
"L’Avant Comptoir de la Terre","3 Carr de l'Odéon, 75006 Paris, France",Paris,NY,,dining,ChIJVYwTsI9x5kcRhNf7e9kza_0,,
"Marius et Janette","4 Av. George V, 75008 Paris, France",Paris,NY,,dining,ChIJqXlcDd1v5kcRzOp2UKIkads,,
"Robert et Louise","64 Rue Vieille du Temple, 75003 Paris, France",Paris,NY,,dining,ChIJtyDGugNu5kcRTUlQclhsBbs,,
Stohrer,,Paris,NY,,dining,ChIJdz7rPhhu5kcRq862GQcM148,,
"Stella's","321 9th St, Brooklyn, NY 11215, USA","Park Slope",NY,"Park Slope",dining,ChIJ7_2iXnhbwokRxWtxV2vpzf8,,http://stellascaribbean.com/
"Norsdale Phoenicia","6300 NY-28, Phoenicia, NY 12464, USA",Phoenicia,NY,,dining,ChIJdRIDPSRW3IkR2XAIzdv9qAM,,http://norsdale.com/
"Dirty Taco and Tequila","10 Matinecock Ave, Port Washington, NY 11050, USA","Port Washington",NY,,dining,ChIJbTYubPWPwokRzuWKTYPPG64,"(516) 944-7900",https://www.dirtytacoandtequila.com/
"Atlantic Bakery","116-20 Atlantic Ave, South Richmond Hill, NY 11419, USA",Queens,NY,"South Richmond Hill",dining,ChIJEXdXfFNnwokRmGnTv9hrKAM,,http://atlanticbakery.net/
"Blend lounge","127-07 Atlantic Ave, Richmond Hill, NY 11419, USA",Queens,NY,"Richmond Hill",nightlife,ChIJY2XnubVgwokRmaYnDwWsXm0,,http://blendloungeny.com/
"Caribbean Soul NYC","234-04 Merrick Blvd, Rosedale, NY 11422, USA",Queens,NY,Rosedale,dining,ChIJJwFYXw9kwokRlIIomuKFEb8,,http://caribbeansoulnyc.com/
"Cascade Jerk","119-02 Sutphin Blvd, Jamaica, NY 11434, USA",Queens,NY,Jamaica,dining,ChIJbUV1nddmwokRYppG3jykSYE,,
"Chew the Fat","146-14 Rockaway Blvd, South Ozone Park, NY 11436, USA",Queens,NY,"South Ozone Park",dining,ChIJJelVzd5mwokRIyMDUb0oVII,,https://www.chewthefatnyc.com/menu
"Cream Ridgewood","59-09 71st Ave, Ridgewood, NY 11385, USA",Queens,NY,Ridgewood,dining,ChIJxdiXIn9dwokRbQRLN0aPS2U,,http://creamridgewood.com/
"Delicious Soul Food","114-64 Merrick Blvd, Jamaica, NY 11434, USA",Queens,NY,Jamaica,dining,ChIJ_yuRjkNhwokRl3_jD4IiWqY,,
"Epic Lounge","122-01 Rockaway Blvd, South Ozone Park, NY 11420, USA",Queens,NY,"South Ozone Park",nightlife,ChIJwYma1KxnwokRmKhvbVD69ys,,http://epiclounge.org/
"Impulse Lounge","129-04 Liberty Ave, South Richmond Hill, NY 11419, USA",Queens,NY,"South Richmond Hill",nightlife,ChIJ65Ek-ENnwokRv6qMa9PQYkw,,https://instagram.com/impulseloungenyc
"Little Guyana Restaurant and Lounge","111-05 Liberty Ave, Jamaica, NY 11419, USA",Queens,NY,Jamaica,dining|nightlife|lounge,ChIJLQMcIJdnwokRUCVkusRXzFQ,,
Mayahuel,"32-07 34th Ave, Queens, NY 11106, USA",Queens,NY,Astoria,dining,ChIJX3m3RoJfwokRKHEFUN8sMQI,,http://mayahuelastoria.com/
"Mon Amour Café","36-01 35th Ave, Astoria, NY 11106, USA",Queens,NY,Astoria,dining,ChIJpXWmFQBfwokRcp0SFLHwH6Y,"",https://www.instagram.com/monamourcoffeewine/
"Q102 Pool Hall","102-14 Jamaica Ave, Jamaica, NY 11418, USA",Queens,NY,Jamaica,nightlife,ChIJJ15Vl_RdwokRDcb1I5bqRlA,,
"Queens Juici Patties","113-17 Sutphin Blvd, Jamaica, NY 11435, USA",Queens,NY,Jamaica,dining,ChIJya9CKrVnwokR2YYHhcDrcKg,"(347) 233-2076",https://juicipattiesusa.com/
"Queens Night Market","47-01 111th St, Corona, NY 11368, USA",Queens,NY,Corona,dining,ChIJ50BH9tpfwokREN2-D3gMVnc,,http://queensnightmarket.com/
"Rollin' Heroes","54-20 Broadway, Woodside, NY 11377, USA",Queens,NY,Woodside,dining,ChIJMcsfXeZfwokRfDqxWg0kHho,,https://rollinheros.getsauce.com/?utm_source=GMB&utm_medium=Website+Button&utm_id=rollinheros
"Smash House Queens","69-44 Main St, Kew Gardens Hills, NY 11367, USA",Queens,NY,"Kew Gardens Hills",dining,ChIJ2djqmG9hwokRlFGSzmnHNsA,,https://www.smashhouseburgers.com/
"Soul City","114-64 Merrick Blvd, Jamaica, NY 11434, USA",Queens,NY,Jamaica,dining,ChIJ_yuRjkNhwokRl3_jD4IiWqY,,
"Soul City Taste Test","114-64 Merrick Blvd, Jamaica, NY 11434, USA",Queens,NY,,dining,ChIJ___v7AwKkEcRNg9CMyQPYAA,,
"The Attic","136-93 37th Ave, Flushing, NY 11354, USA",Queens,NY,Flushing,nightlife,ChIJR_kDyaZhwokR7UgQE1Hfup4,,http://www.theattic136.com/
"The Chickin Box","201-03 Murdock Ave, St. Albans, NY 11412, USA",Queens,NY,"St. Albans",dining,ChIJvxIwnlNhwokRaRj9bp5jwXM,"(347) 626-7001",https://www.thechickinbox.com/
"The Green Grump Christmas Pop Up Bar","45-06 Pearson Street Rooftop, Long Island City, NY 11101, USA",Queens,NY,"Long Island City",nightlife,ChIJA18F3yhZwokRO2GCqMAG4k0,,https://skybarlic.com/
"The Rooftop","11-01 43rd Ave, Long Island City, NY 11101, USA",Queens,NY,"Long Island City",dining,ChIJjQjGfpJZwokRRMofQubPDec,,https://www.lostinparadiserooftop.com/
"Toledo Cafe","77FP+QVP, Al Zaim Ghandi, El Manakh, Port Said Governorate 8563140, Egypt",Queens,NY,,dining,ChIJYxmt7D6d-RQR15wdk0zzgeg,"",""
"True Flavors Roti Shop","140-16 Rockaway Blvd, South Ozone Park, NY 11436, USA",Queens,NY,"South Ozone Park",dining,ChIJL5oucqhnwokRy4ycep4aZeY,,https://caribbeanrestaurantqueens.com/
"Underground Lounge","104-09 123rd St, South Richmond Hill, NY 11419, USA",Queens,NY,"South Richmond Hill",nightlife,ChIJ5WvtiElnwokRSbTJpgWtWa8,,https://m.facebook.com/queens.undergroundlounge/
"WTF Sushi","47-15 Northern Blvd, Long Island City, NY 11101, USA",Queens,NY,"Long Island City",dining,ChIJ2T-JYq1fwokRuNLL5kX7G9I,,
"Tootsies Everything Waffle","473 Quinby Plaza Way, Quinby, SC 29506, USA",Quinby,NY,"",dining,ChIJr8dijJhnVYgRqITBKkDxagw,"(843) 702-0074",http://tootsieseverything.com/
Dasheene,"Rabot Estate Soufriere Post Office Jalousle, Jalousle, St Lucia","Saint Lucia",NY,,dining,ChIJX873RmGJQIwR58MbUxVxTkk,,https://www.ladera.com/?utm_source=local-directories&utm_medium=organic&utm_campaign=travelclick-localconnect
"Chai Qahwah Lounge","1310 Middle Country Rd unit 3a, Selden, NY 11784, USA",Selden,NY,,lounge,ChIJMxNk-s5H6IkRNUchmHnNFoE,,https://chaiqahwahlounge.com/
"the Apartment","St James Residences, 11 Brewer St, London W1F 0RQ, UK",SoHo,NY,,nightlife,ChIJE3wSntMEdkgRWJ2H_n5ZQC8,,
"the otter soho","58 Thompson St, New York, NY 10012, USA",SoHo,NY,Manhattan,dining,ChIJl5_OCABZwokRkvjEfEkyuZo,,https://www.theotter.nyc/
"Harpers Southampton","286 Bridge Rd, Lower Swanwick, Southampton SO31 7EB, UK",Southampton,NY,,dining,ChIJFQXhRypudEgR6hAIyzvp0nc,,https://harperssteakhouse.co.uk/southampton/
"Angelina's Kitchen","280 Marsh Ave, Staten Island, NY 10314, USA","Staten Island",NY,"New Springville",dining,ChIJBcy5u4ZLwokRRl0zqhF1xlg,"(718) 698-2000",http://angelinaskitchennyc.com/
"Ariemma's Italian Deli","1791 Hylan Blvd, Staten Island, NY 10305, USA","Staten Island",NY,"Midland Beach",dining,ChIJ38qaNsROwokRhk-ihZWdYZE,,http://www.ariemmasitaliandeli.com/
"Honey Fried Chicken","2242 Hylan Blvd, Staten Island, NY 10306, USA","Staten Island",NY,"Midland Beach",dining,ChIJmw9XDERPwokRRhkCGNw1_IA,,https://cngfriedchicken.com/?utm_source=google
"Lee's Tavern","60 Hancock St, Staten Island, NY 10305, USA","Staten Island",NY,"Dongan Hills",dining,ChIJe7mbW8FOwokRgiTPZZmsnec,,https://leestavernnyc.com/
"Piece of Cake NYC","177 New Dorp Ln, Staten Island, NY 10306, USA","Staten Island",NY,"New Dorp",dining,ChIJBVI4_1JJwokRq1NHfBpzVTg,,https://www.pieceacakesi.com/
"Shaw-nae’s House","379 Van Duzer St, Staten Island, NY 10304, USA","Staten Island",NY,"Stapleton Heights",dining,ChIJZ5_CZk5PwokR0BV6d5x9DLU,,https://www.shawnaeshouse.com/
"Shawna's House","379 Van Duzer St, Staten Island, NY 10304, USA","Staten Island",NY,"Stapleton Heights",dining,ChIJZ5_CZk5PwokR0BV6d5x9DLU,,https://www.shawnaeshouse.com/
"Shawnae's House","379 Van Duzer St, Staten Island, NY 10304, USA","Staten Island",NY,"Stapleton Heights",dining,ChIJZ5_CZk5PwokR0BV6d5x9DLU,,https://www.shawnaeshouse.com/
"Søul Mac","1407 Richmond Ave, Staten Island, NY 10314, USA","Staten Island",NY,"Bulls Head",dining,ChIJE1LdtE9MwokRNHHD9shs56s,,https://www.eatphomac.com/
"Rise N Shine","500 Westcott St, Syracuse, NY 13210, USA",Syracuse,NY,Eastside,dining,ChIJpXbrHrHz2YkR5HLFAu_pIr0,,http://www.risenshinediner.com/
"Colima Taqueria","608 E 187th St, Bronx, NY 10458, USA","The Bronx",NY,"Little Italy",dining,ChIJlxxWZpL1wokRG65nNL_mfoQ,,https://instagram.com/colimataqueria?igshid=YmMyMTA2M2Y=
"Flamez Cuisine","3728 Bronxwood Ave, Bronx, NY 10469, USA","The Bronx",NY,Williamsbridge,dining,ChIJD1dL_3bzwokR7WkEmP2m1QU,,
Flourish,"4035 Laconia Ave, Bronx, NY 10466, USA","The Bronx",NY,"East Bronx",dining,ChIJu6ZmKaPzwokR8XRmvL0NCWw,,
"Travesias NYC","3834 E Tremont Ave, Bronx, NY 10465, USA","The Bronx",NY,"East Bronx",dining,ChIJB52uuD2LwokRNwneWmZBND8,,https://www.travesiasny.com/
dripsnyc,"684 E 241st St, Bronx, NY 10470, USA","The Bronx",NY,"East Bronx",dining,ChIJ15sUaMHzwokRjLSPxsMekxo,,http://www.dripsnyc.com/
"Le Chalet","8 E 50th St, New York, NY 10022, USA","Upstate New York",NY,Manhattan,dining,ChIJ9c4gIYRZwokRA_1DcjFkQLA,,https://www.lavenuesaks.com/
"Legacy Bar & Grill","4421 Broadway, New York, NY 10040, USA","Washington Heights",NY,Manhattan,lounge,ChIJ6XRlRlz1wokRvn_HOs6Kzvg,,https://legacybargrill.scvr.co/home
bluonthehudson,"1200 Harbor Blvd, Weehawken Township, NJ 07086, USA","Weehawken Township",NY,"",dining,ChIJ35sVdsxZwokRqWhUeLog3dw,"(201) 636-1200",https://bluonthehudson.com/?utm_source=google&utm_medium=organic&utm_campaign=gbp
"The Shed","685 Merrick Ave, Westbury, NY 11590, USA",Westbury,NY,,dining,ChIJd3GTHeWHwokRZv1iIPErE98,,https://www.intheshed.com/
"Hear & There","109 S 6th St, Brooklyn, NY 11249, USA",Williamsburg,NY,Southside,dining,ChIJ7QZhoXxbwokR9594XbHZmF8,,https://hearandthereny.com/
"Lilli Star","353 Bedford Ave, Brooklyn, NY 11211, USA",Williamsburg,NY,Williamsburg,dining,ChIJQZdCa5VbwokRjh5DcPByUIs,,http://www.lillistarbk.com/
Limosneros,"366 Union Ave, Brooklyn, NY 11211, USA",Williamsburg,NY,Williamsburg,dining,ChIJ_dLR-YtZwokRphksDoBlwI0,,https://limosnerosbk.com/
"Mac Shack","320 Malcolm X Blvd, Brooklyn, NY 11233, USA",Williamsburg,NY,"Stuyvesant Heights",dining,ChIJ95IkNYJdwokRZsIS0ysbub0,,http://www.macshackny.com/
"Sushi On Me","742 Driggs Ave, Brooklyn, NY 11211, USA",Williamsburg,NY,Williamsburg,dining,ChIJe6L-B9VZwokRpvMcrFa0hM0,,https://www.instagram.com/sushionmenyc/
"The Cellar 42","426 S 5th St, Brooklyn, NY 11211, USA",Williamsburg,NY,Southside,dining,ChIJHYGHtKtbwokR0l9Mtbsy2ks,,https://42hotel.com/site/assets/files/1043/forty-two-hotel-brooklyn-amenities_0001.pdf
made21_barlounge,"96 Wythe Ave, Brooklyn, NY 11249, USA",Williamsburg,NY,Williamsburg,nightlife,ChIJTTA1fVJZwokRx0DvBquVwO4,,https://arlohotels.com/williamsburg/eat-and-drink/water-tower/
"Volpe Ristorante at The Fox Hollow","7725 Jericho Tpke, Woodbury, NY 11797, USA",Woodbury,NY,"",dining,ChIJU0gkDheCwokRabcCEfmySFk,"(516) 802-7501",http://www.volperestaurant.com/
"Fire steak en vis restaurant","Meylandtlaan 121, 3550 Heusden-Zolder, Belgium",Zolder-Boekt,NY,Zolder,dining,ChIJXyywtP0kwUcRX4cwgD1mDVA,,http://www.steakhousefire.be/
"Baldor Specialty Foods","155 Food Center Dr, Bronx, NY 10474, USA",city,NY,"Hunts Point",dining,ChIJh24ZUAX1wokRpRyCeKjCfG8,,https://www.baldorfood.com/
"Tang by Mr. Sun","1442 3rd Ave, New York, NY 10028, USA",city,NY,Manhattan,dining,ChIJBbw5N5lZwokRNPlNOvCQFaw,,https://www.instagram.com/tangbymr.sun/
Koi,"Rudolf-Harbig-Straße 6a, 50129 Bergheim, Germany","city name (from caption)",NY,"Hüchelhoven",dining,ChIJLXgN85VJv0cRjblVDQDludw,,https://colonia-koi.de/
"Hibachi Omakase","220-11 Linden Blvd, Cambria Heights, NY 11411, USA","Tri-State area","NY or NJ","Cambria Heights",dining,ChIJV7PIN49jwokRJvNcc5Sfnj8,,https://www.hibachiomakase.com/
"Steady Hand Cafe","710 Main St, Bradley Beach, NJ 07720, USA",city,"NY or NJ",,dining,ChIJIR5rjGAnwokRSFliaEh8HLU,,https://www.steadyhandcollective.com/
Lekkaburger,"250 W 47th St, New York, NY 10036, USA","city name (from caption)","NY or NJ (from caption)",,dining,ChIJy5GbOlRYwokR0Nb62lBJzm8,,https://www.dilli-dilli.com/
"Chano's Cantina","35-55 31st St, Astoria, NY 11106",Astoria,"New York",Astoria,dining,ChIJQ16ZBGhfwokRzRQDi_0v6hY,"(917) 832-7261",http://chanoscantina.com/
"Christos Steak House","41-08 23rd Ave, Astoria, NY 11105",Astoria,"New York",Astoria,dining,ChIJz2taOGlfwokRk4xoDPMRWbQ,"(718) 777-8400",http://www.christossteakhouse.com/
"La Vecina","30-66 Steinway St, Astoria, NY 11103",Astoria,"New York",Astoria,dining,ChIJ89r45T5fwokR5f2XdUI3-kE,"(718) 433-9399",https://www.lavecinaastoria.com/
"Truth Restaurant Astoria","27-35 21st St, Astoria, NY 11102",Astoria,"New York",Astoria,dining,ChIJx9TFWhBfwokRjqfzfLhojJo,"(347) 527-2199",https://www.truthastoria.com/
"Zikrayat Restaurant & Lounge","24-17 Steinway St, Astoria, NY 11103",Astoria,"New York",Astoria,lounge,ChIJtZ9GuFxfwokRfwtGVlhXr2E,"(718) 945-7928",http://www.zikrayatrestaurant.com/menu/
Beatstro,"135 Alexander Ave, Bronx, NY 10454",Bronx,"New York","Port Morris",dining,ChIJbwExnN31wokRZZ9XeXdpYXg,"(718) 489-9397",https://www.beatstro.com/
"Rosa's At Park","2568 Park Ave 1st Floor, Bronx, NY 10451",Bronx,"New York","West Bronx",dining,ChIJgfSTonj1wokRA3vK2Lzo04Q,"(929) 502-3700",http://rosaatpark.com/
"Vistamar Restaurant & Lounge","565 City Island Ave, Bronx, NY 10464",Bronx,"New York","City Island",lounge,ChIJW7aDKX2MwokR12TIBtjJsos,"(718) 709-0888",https://www.vistamarcityisland.com/
"Amber Steak House","119 Nassau Ave, Brooklyn, NY 11222",Brooklyn,"New York",Greenpoint,dining,ChIJAXRH6kVZwokRgV_sanKaFCg,"(718) 389-3757",http://ambersteak.house/
"Bee's Knees & Honey Lounge","65 N 7th St, Brooklyn, NY 11249",Brooklyn,"New York",Williamsburg,lounge,ChIJ__96vgVZwokRgkcY1cmk_VM,"(929) 531-9781",http://www.beeskneesbk.com/
"Blend Williamsburg","291 Kent Ave, Brooklyn, NY 11249, United States",Brooklyn,"New York",Williamsburg,dining,ChIJk62gNytZwokRSLZc8yzal0M,"+1 718-302-2200",https://www.blendwilliamsburg.com/
"Casa Ora","148 Meserole St, Brooklyn, NY 11206",Brooklyn,"New York",Williamsburg,dining,ChIJqRe1FMpbwokRQqWHvCtpSO8,"(718) 223-3116",https://www.casaoranyc.com/
"El Zason","491 Atlantic Ave, Brooklyn, NY 11217",Brooklyn,"New York","Boerum Hill",dining,ChIJX0ngNbRbwokR2sNkLsVtQMY,"(718) 683-2217",http://elzasonbrooklyn.com/
"Flava II Restaurant & Lounge","8920 Avenue D, Brooklyn, NY 11236",Brooklyn,"New York",Canarsie,lounge,ChIJvwCx9r9cwokRE0MYvyLxZpI,"(718) 975-8512",http://flava2lounge.com/
"Jajaja Mexicana","119 Kent Ave, Brooklyn, NY 11249",Brooklyn,"New York",Williamsburg,dining,ChIJgV3yD_lZwokRPTi6aPfX2yo,"(860) 479-2872",https://www.jajajamexicana.com/
"Juliette Restaurant","135 N 5th St, Brooklyn, NY 11249",Brooklyn,"New York",Williamsburg,dining,ChIJmzYoB15ZwokROjsEj7yZM_k,"(718) 388-9222",https://juliettebk.com/?utm_source=google
"LILLI RESTAURANT","1344 Utica Ave, Brooklyn, NY 11203",Brooklyn,"New York","East Flatbush",dining,ChIJU4xg2bNdwokR6PnQa_O3Sx4,"(347) 455-0107",https://lillirestaurant.com/
"La Nonna Ristorante & Bar - Williamsburg, Brooklyn","184 Kent Ave, Brooklyn, NY 11249, United States",Brooklyn,"New York",Williamsburg,dining,ChIJ-RvD9UJZwokRKA4cSlC_vtE,"+1 718-302-1100",http://www.lanonnabk.com/
"Rule of Thirds","171 Banker St, Brooklyn, NY 11222",Brooklyn,"New York",Greenpoint,dining,ChIJaQRXYuRZwokRHjAN5MkBizY,"(347) 334-6684",http://thirdsbk.com/
Sereneco,"113 Franklin St, Brooklyn, NY 11222",Brooklyn,"New York",Greenpoint,dining,ChIJH_-tMGlZwokRqIqHR22D-zU,"(929) 295-0152",http://sereneconyc.com/
"Sungold Restaurant Brooklyn NY (Arlo Williamsburg)","96 Wythe Ave, Brooklyn, NY 11249, United States",Brooklyn,"New York",Williamsburg,dining,ChIJ7foAEE1ZwokRuCUXXm3WxGs,"+1 718-408-7251",https://www.sungoldbk.com/
"Westville Williamsburg","658 Driggs Ave, Brooklyn, NY 11211",Brooklyn,"New York",Williamsburg,dining,ChIJm9GtTY5ZwokRFnOhaQn81JM,"(347) 305-0403",https://westvillenyc.com/locations/westville-williamsburg/
"Win Son","159 Graham Ave, Brooklyn, NY 11206",Brooklyn,"New York",Williamsburg,dining,ChIJ4-bYSvxbwokRPhLlLQFzOEo,"(347) 457-6010",https://winsonbrooklyn.com/
"de Mole","2 Hope St, Brooklyn, NY 11211",Brooklyn,"New York",Williamsburg,dining,ChIJD5YEVx1ZwokRKGJx4gpjwOM,"(347) 721-3399",http://demolehopest.com/
"Fogo de Chão Brazilian Steakhouse","92-50 59th Ave, Elmhurst, NY 11373",Elmhurst,"New York",Elmhurst,dining,ChIJrdwHMBVfwokR2vrJsy8aTOo,"(929) 379-4333",https://fogodechao.com/location/queens/
"Gyu-Kaku Japanese BBQ","40-52 Main St floor 2, Flushing, NY 11354",Flushing,"New York",Flushing,dining,ChIJGU71_hFgwokR5sr2hL0toaA,"(347) 542-3653",http://www.gyu-kaku.com/flushing
"Nick's Bistro","104-20 Metropolitan Ave, Flushing, NY 11375",Flushing,"New York",Flushing,dining,ChIJVeH-jBtewokR9ZsFO83CeQs,"(718) 544-6425",http://nicksbistro.com/
"PRIME Mēt Steakhouse","12th Floor, 133-36 37th Ave, Flushing, NY 11354",Flushing,"New York",Flushing,dining,ChIJKfcRG71hwokRh8dlnlDyeik,"(718) 898-6666",http://primemetny.com/
"PRIME Mēt Steakhouse","12th Floor, 133-36 37th Ave, Flushing, NY 11354",Flushing,"New York",Flushing,dining,ChIJKfcRG71hwokRh8dlnlDyeik,"(718) 898-6666",http://primemetny.com/
Mojo,"70-20 Austin St, Forest Hills, NY 11375","Forest Hills","New York","Forest Hills",dining,ChIJU9mONlhfwokR_qYQtaXhhFE,"(718) 261-6162",http://www.mojolatin.com/
"Salvaje Social Club NYC","79-11 Northern Blvd, Jackson Heights, NY 11372","Jackson Heights","New York","Jackson Heights",nightlife,ChIJfyYinx1fwokRvPBNz8PIQmY,"(929) 991-7799",https://www.salvajesocialclub.com/
"Blend on the Water","45-40 Center Blvd, Long Island City, NY 11109","Long Island City","New York","Long Island City",dining,ChIJaQR-pCFZwokRNMloynEQPgA,"(718) 606-9851",http://www.blendonthewater.com/
"Citrico Cafe","32-90 36th St, Long Island City, NY 11106","Long Island City","New York","Long Island City",dining,ChIJHzGdlhdfwokRoTES4nbDfM8,"(718) 255-1705",http://www.citricocafe.com/
"Dai Hachi Sushi in Long Island City","46-18 Vernon Blvd, Long Island City, NY 11101","Long Island City","New York","Long Island City",dining,ChIJE5GZsSZZwokROeICD1qRrGg,"(718) 255-6260",https://daihachinyc.com/
Maiella,"46-10 Center Blvd, Long Island City, NY 11109","Long Island City","New York","Long Island City",dining,ChIJd00MRyJZwokRU-lmTi8kC2I,"(718) 606-1770",https://www.maiellalic.com/
"Soothr LIC","25-20 43rd Ave, Long Island City, NY 11101","Long Island City","New York","Long Island City",dining,ChIJ4RKaDwBZwokRKQRpjlpmObQ,"(929) 554-9955",http://www.soothrlic.com/
"Vista Sky Lounge","27-05 39th Ave, Long Island City, NY 11101","Long Island City","New York","Long Island City",lounge,ChIJAemDtCxfwokRrfHv58ZtcxA,"(347) 536-3640",http://www.vistalic.com/
"Vista Sky Lounge","27-05 39th Ave, Long Island City, NY 11101","Long Island City","New York","Long Island City",lounge,ChIJAemDtCxfwokRrfHv58ZtcxA,"(347) 536-3640",http://www.vistalic.com/
Sinigual,"640 3rd Ave, Manhattan, NY 10017",Manhattan,"New York",Manhattan,dining,ChIJfzIvuANZwokRqytv5KEVvyM,"(212) 286-0250",https://www.sinigualrestaurants.com/
Sinigual,"640 3rd Ave, Manhattan, NY 10017",Manhattan,"New York",Manhattan,dining,ChIJfzIvuANZwokRqytv5KEVvyM,"(212) 286-0250",https://www.sinigualrestaurants.com/
"Altair Restaurant NYC","351 W 38th St, New York, NY 10018","New York","New York",Manhattan,dining,ChIJIRWJmBVZwokRZA5hGN68TgA,"(929) 561-6131",https://www.altairnyc.com/
"Aretsky's Patroon","160 E 46th St, New York, NY 10017","New York","New York",Manhattan,dining,ChIJIbOznQJZwokROAh8nmOjx-k,"(212) 883-7373",https://patroon.com/
"Ascent Lounge","10 Columbus Cir 4th Floor, New York, NY 10019","New York","New York",Manhattan,lounge,ChIJQWE0GfZYwokRWew6C2N5mS8,"(212) 823-9770",https://ascentloungenyc.com/
"Añejo","668 10th Ave, New York, NY 10036","New York","New York",Manhattan,dining,ChIJUWd2llFYwokR7LA8HroSFMk,"(212) 920-4770",https://www.anejonyc.com/
"Añejo Tribeca","301 Church St, New York, NY 10013","New York","New York",Manhattan,dining,ChIJf4XPj4pZwokRjFYw3YKWv7Q,"(212) 920-6270",http://anejotribeca.com/
BG,"754 5th Ave Seventh Floor, New York, NY 10019","New York","New York",Manhattan,dining,ChIJvRLkgvpYwokRaTM1OpEzTIY,"(212) 872-8977",https://www.bergdorfgoodman.com/c/bg-our-restaurants-cat652611
Barawine,"200 Malcolm X Blvd, New York, NY 10027","New York","New York",Manhattan,lounge,ChIJ_WGAABL2wokRNthCl_PuyFc,"(646) 756-4154",https://www.barawine.com/
Benihana,"47 W 56th St, New York, NY 10019, United States","New York","New York",Manhattan,dining,ChIJxbWTG_pYwokRPgtFVKi-Cuc,"+1 646-650-2076",https://www.benihana.com/
"Black Iron Burger Theater District | Hamburger restaurant Bar","250 W 54th St, New York, NY 10019","New York","New York",Manhattan,dining,ChIJsQ4NaLBZwokRhZu2rVnbykw,"(212) 447-1106",http://www.blackironburger.com/
"Broadway Lounge","1535 Broadway, New York, NY 10036","New York","New York",Manhattan,lounge,ChIJcQYXUlRYwokR0hDmOzz_A8c,"(212) 704-8834",https://www.broadwaylounge.nyc/?scid=feed67b0-9a2f-4de1-8df6-114544116108
"Cafe Ginori at Bergdorf Goodman","The Beauty Level, 754 5th Ave, New York, NY 10019","New York","New York",Manhattan,dining,ChIJvXHFgPpYwokRYwAt3GvfFek,"(212) 872-8708",https://www.bergdorfgoodman.com/c/bg-cafe-ginori-cat794169
"Cafe d’Alsace","1703 2nd Ave, New York, NY 10128","New York","New York",Manhattan,dining,ChIJ4Q06IbtYwokRcV8iHlJky_M,"(212) 722-5133",https://cafedalsace.com/
"Caliente Cab Co.","61 7th Ave S, New York, NY 10014","New York","New York",Manhattan,dining,ChIJ39BEdZNZwokRwjlY27mF_V8,"(212) 243-8517",http://www.calientecabco.com/
"Casa Carmen Flatiron","5 W 21st St, New York, NY 10010","New York","New York",Manhattan,dining,ChIJ035_p9FZwokRJxefU3hsVzo,"(917) 540-5600",https://www.casacarmennyc.com/
"Casa Cruz Upper East Side Restaurant","36 E 61st St, New York, NY 10065","New York","New York",Manhattan,dining,ChIJ48VsHFNZwokRgSjsT_HiU0U,"(212) 970-8983",https://www.casacruz.nyc/
"Castell Rooftop Lounge","AC Hotel, 260 W 40th St Floor 21, New York, NY 10018","New York","New York",Manhattan,lounge,ChIJj93R-8RZwokRQzBZQ1QDoLA,"(929) 284-3742",https://www.castellnyc.com/
"Catch n' Chop","1600 3rd Ave, New York, NY 10128","New York","New York",Manhattan,dining,ChIJS3ZLdQBZwokR7MsOXMJHi9Q,"(646) 707-0103",https://catchnchop.com/
"Chele's","2280 Frederick Douglass Blvd, New York, NY 10027","New York","New York",Manhattan,dining,ChIJZ49Idx_3wokRqAk5Qo0tlAs,"(212) 691-4512",http://chelesnyc.com/
Cibar,"56 Irving Pl, New York, NY 10003","New York","New York",Manhattan,lounge,ChIJFQa-2KFZwokRIzCec-AEGt0,"(212) 460-5656",http://cibarnyc.com/
"Cilantro West","485 Columbus Ave, New York, NY 10024","New York","New York",Manhattan,dining,ChIJB2ZeE4VYwokRuSydT6lEsUE,"(212) 712-9090",https://www.cilantrowest.getsauce.com/?utm_source=google&utm_medium=listing&utm_campaign=places
"Community Food & Juice","2893 Broadway, New York, NY 10025","New York","New York",Manhattan,dining,ChIJnSR09Dv2wokRz_B9gF6v96c,"(212) 665-2800",https://www.communityfoodandjuice.com/
Contour,"50 Central Park S, New York, NY 10019","New York","New York",Manhattan,dining,ChIJt2_EwPBYwokRNtD4eLtsbNY,"(212) 521-6125",https://www.ritzcarlton.com/en/hotels/nyccp-the-ritz-carlton-new-york-central-park/dining/
"Crave Fishbar Upper West Side | Raw Bar & Seafood restaurant","428 Amsterdam Ave, New York, NY 10024","New York","New York",Manhattan,dining,ChIJqztVA4ZYwokRiLK8Lzh7_sk,"(646) 494-2750",https://cravefishbar.com/
"Célon Bar & Lounge","40 W 40th St, New York, NY 10001","New York","New York",Manhattan,lounge,ChIJs6oaiKpZwokRU5bL9u9CpP8,"(212) 642-2257",http://bryantparkhotel.com/eat-plus-drink/celon-lounge/
"Dos Caminos","675 Hudson St, New York, NY 10014","New York","New York",Manhattan,dining,ChIJGy8Umr9ZwokRVas9YjRxMfo,"(212) 699-2400",https://www.doscaminos.com/location/dos-caminos-meatpacking/
"Dos Caminos","480 Lexington Ave, New York, NY 10167","New York","New York",Manhattan,dining,ChIJa-TVwLZZwokRmS6lmOgg0p4,"(332) 233-7205",https://www.doscaminos.com/location/dos-caminos-lexington/
"Dos Caminos","1567 Broadway, New York, NY 10036","New York","New York",Manhattan,dining,ChIJlUTKy1VYwokREq7LLltPsGU,"(212) 918-1330",https://www.doscaminos.com/location/dos-caminos-times-square/
Elea,"217 W 85th St, New York, NY 10024, United States","New York","New York",Manhattan,dining,ChIJk84XGIRYwokRGrW8KFlR2_g,"+1 212-369-9800",http://www.eleanyc.com/
"Frida Midtown","214 E 52nd St, New York, NY 10022","New York","New York",Manhattan,dining,ChIJaReBnQtZwokRT89c7EuNq3s,"(212) 688-5200",http://fridamidtown.com/
"Harlem Tavern","2153 Frederick Douglass Blvd, New York, NY 10026","New York","New York",Manhattan,lounge,ChIJZ-Drlhb2wokREuV4YeyyZcc,"(212) 866-4500",http://harlemtavern.com/
"Havana Central Times Square","151 W 46th St, New York, NY 10036","New York","New York",Manhattan,dining,ChIJy0KKmVVYwokRyab_FcJzFA0,"(212) 398-7440",https://www.havanacentral.com/
"Havana Heights","4083 Broadway, New York, NY 10032","New York","New York",Manhattan,dining,ChIJv5KsAJD3wokRMcTPBAgk-lI,"(646) 590-9734",https://www.havanaheightsnyc.com/menu
"Haven Rooftop","132 W 47th St, New York, NY 10036, United States","New York","New York",Manhattan,lounge,ChIJo9WBiVVYwokRqlIG384NkJY,"+1 212-466-9000",http://www.havenrooftop.com/
"Hoexter's","174 E 82nd St, New York, NY 10028","New York","New York",Manhattan,dining,ChIJJWByn_BZwokR9IC-3PtPPuk,"(212) 288-1777",http://www.hoexters.com/
"IL Carino Restaurant","1710 2nd Ave, New York, NY 10128, United States","New York","New York",Manhattan,dining,ChIJiTxP17pYwokR0Gj0Wrd5cOg,"+1 646-882-0487",https://www.ilcarinorestaurantnyc.com/
"Jajaja Mexicana","63 Carmine St, New York, NY 10014","New York","New York",Manhattan,dining,ChIJh-s4YNNZwokRKuwXrP5FHqY,"(917) 262-0184",https://www.jajajamexicana.com/
Javelina,"1395 2nd Ave, New York, NY 10021","New York","New York",Manhattan,dining,ChIJX4ABN8BYwokRS_k-a5IuzyE,"(917) 261-7011",http://www.javelinatexmex.com/
"JoJo by Jean-Georges","160 E 64th St, New York, NY 10065","New York","New York",Manhattan,dining,ChIJI9k11O5YwokRJXZKb8r3CoQ,"(212) 223-5656",https://www.jojorestaurantnyc.com/
Kahlo,"525 W 29th St, New York, NY 10001","New York","New York",Manhattan,dining,ChIJyQrN22VbwokRkPPkgVB6K-I,"(212) 256-0083",https://www.kahlonyc.com/?utm_source=GBL&utm_medium=GBL&utm_campaign=CustomAudience&utm_term=GBL&utm_content=GBL
"Koi New York","40 W 40th St, New York, NY 10018","New York","New York",Manhattan,dining,ChIJz7hChqpZwokRSdJ1jl4b8sA,"(212) 921-3330",https://koirestaurant.com/
"Korali Estiatorio","1662 3rd Ave, New York, NY 10128","New York","New York",Manhattan,dining,ChIJmeM9TKRYwokRP8kkSingkIA,"(646) 964-5470",http://www.nyckorali.com/
"La Palapa","77 St Marks Pl, New York, NY 10003","New York","New York",Manhattan,dining,ChIJv-yiA51ZwokRfkf4YagKlPs,"(212) 777-2537",https://www.lapalapa.com/
"La Pecora Bianca Midtown","950 2nd Ave, New York, NY 10022","New York","New York",Manhattan,dining,ChIJWZbmVuJYwokRp2ASZt0ZtgU,"(212) 899-9996",https://www.lapecorabianca.com/
"Le Monde","2885 Broadway, New York, NY 10025","New York","New York",Manhattan,dining,ChIJqRJTizv2wokRwg_FF-6pYuU,"(212) 531-3939",https://lemondenyc.com/
"Lex Restaurant","1370 Lexington Ave, New York, NY 10128","New York","New York",Manhattan,dining,ChIJRS-PgqRYwokRg6Ej6VCpx2o,"(212) 860-5903",http://lexrestaurant.com/
"Lido Harlem Restaurant","2168 Frederick Douglass Blvd, New York, NY 10026, United States","New York","New York",Manhattan,dining,ChIJ2yTMoxb2wokRixfwCY3ltok,"+1 646-490-8575",http://lidoharlem.com/
"Magic Hour Rooftop Bar & Lounge","485 7th Ave 18th floor, New York, NY 10018","New York","New York",Manhattan,lounge,ChIJl5pBc6xZwokRZrnK_FqSNJI,"(212) 268-0188",http://moxytimessquare.com/dining/magic-hour-rooftop-bar-lounge/
"Maison Harlem","341 St Nicholas Ave, New York, NY 10027","New York","New York",Manhattan,dining,ChIJd3H89mz2wokRdk5JHB3Aino,"(212) 222-9224",https://www.maisonharlem.com/
"Mamasita Bar & Grill","818 10th Ave, New York, NY 10019","New York","New York",Manhattan,dining,ChIJiyYJI1pYwokRHGXTSWM7Efc,"(212) 315-9444",https://mamasitanyc.com/
Mamasushi,"3569 Broadway, New York, NY 10031","New York","New York",Manhattan,dining,ChIJXxNP-mL2wokRStZTuUKsOao,"(646) 682-7879",http://www.mamasushi.com/harlem
"Mamazul Mexican Grill","1155 Broadway, New York, NY 10001","New York","New York",Manhattan,dining,ChIJafe8xpxZwokRMi8VezCpLWs,"(212) 500-6988",https://www.mamazulnyc.com/
"Marlow Bistro","1018 Amsterdam Ave, New York, NY 10025","New York","New York",Manhattan,dining,ChIJtSHevTz2wokR1jY59paKMww,"(212) 662-9020",https://www.marlowbistro.com/
"Marlow East","1022 Lexington Ave, New York, NY 10021","New York","New York",Manhattan,dining,ChIJpWkZzBhZwokRJvwaWAdy69E,"(646) 767-0123",https://www.marloweast.com/
Maya,"1191 1st Ave, New York, NY 10065","New York","New York",Manhattan,dining,ChIJ474qnsJYwokRnrZMyvOb5XI,"(212) 585-1818",http://www.eatmaya.com/
"Mexiterranean Grill","1365 1st Ave, New York, NY 10021","New York","New York",Manhattan,dining,ChIJO-K7_39ZwokROvz-ULpMp34,"(646) 609-6400",http://mexi-terranean.com/
"Mykonian House","25 E 83rd St, New York, NY 10028","New York","New York",Manhattan,dining,ChIJbSUFI39ZwokRtXh8hFTAcoM,"(212) 901-5333",https://www.mykonianhouse.com/
"Móle Mexican Bar & Grill - West Village","57 Jane St #5131, New York, NY 10014","New York","New York",Manhattan,dining,ChIJyYGhXpVZwokRw7DwKq3QcJA,"(212) 206-7559",http://www.molenyc.com/
Nizuc,"485 10th Ave, New York, NY 10018","New York","New York",Manhattan,dining,ChIJdTl3DDJZwokRgmKkvuDO4Gg,"(212) 784-1000",https://nizucnyc.com/
"Nobu Downtown","195 Broadway, New York, NY 10007, United States","New York","New York",Manhattan,dining,ChIJZc-EthlawokRIRUvwpkpltI,"+1 212-219-0500",https://www.noburestaurants.com/downtown/home/?utm_source=google&utm_medium=Yext
"Nobu Fifty Seven","40 W 57th St, New York, NY 10019","New York","New York",Manhattan,dining,ChIJPX5iCfpYwokRACnACAf2pJw,"(212) 757-3000",https://www.noburestaurants.com/fifty-seven/home/?utm_source=google&utm_medium=Yext
Oso,"1618 Amsterdam Ave, New York, NY 10031","New York","New York",Manhattan,dining,ChIJuYwVAmX2wokRTnBiQLDD6us,"(646) 858-3139",http://www.osoharlem.com/
"Patrick's on the Hill","1627-1635 Amsterdam Ave, New York, NY 10031","New York","New York",Manhattan,dining,ChIJfUS56KH3wokRO-TqEypfUUw,"(646) 682-7243",https://www.patricksonthehill.com/
"Pil Pil","265 E 78th St, New York, NY 10075","New York","New York",Manhattan,lounge,ChIJh-ZRBb9YwokRSMkUC8lETk4,"(855) 681-6614",http://pilpilnyc.com/
"Pink Taco","7 Times Sq, New York, NY 10036","New York","New York",Manhattan,dining,ChIJz_FvxaxZwokRArGOxX89Z0I,"(212) 315-8226",https://www.pinktaco.com/locations/new-york-city
"Playa Betty’s","320 Amsterdam Ave, New York, NY 10023","New York","New York",Manhattan,dining,ChIJK5VpoYlYwokRzzsrtQ0hmOM,"(212) 712-0777",https://www.playabettys.com/
"RT60 Rooftop Bar & Lounge","159 W 48th St, New York, NY 10036","New York","New York",Manhattan,lounge,ChIJfdxm5rxZwokRxNw9OPRsQbU,"(212) 970-1200",https://hotel.hardrock.com/new-york/rt60-rooftop-bar.aspx?utm_campaign=hri%20%7C%20hotel%20%7C%20new-york%20%7C%20websitelisting&utm_medium=referral&utm_source=gmb
"Red Rooster Harlem","310 Lenox Ave, New York, NY 10027","New York","New York",Manhattan,dining,ChIJFcYLJw32wokRnP5A9xO9JqM,"(212) 792-9001",https://www.redroosterharlem.com/
"Rosa Mexicano","9 E 18th St, New York, NY 10003","New York","New York",Manhattan,dining,ChIJb7W-WqJZwokRhJujP6urKAI,"(212) 533-3350",http://rosamexicano.com/?utm_source=extnet&utm_medium=Yext
"Rosa Mexicano","251 E 52nd St, New York, NY 10022","New York","New York",Manhattan,dining,ChIJ15PRH9NZwokR8YQ5jXKuLTs,"(212) 753-7407",http://rosamexicano.com/?utm_source=extnet&utm_medium=Yext
"Rosehill Rooftop","125 E 27th St, New York, NY 10016","New York","New York",Manhattan,lounge,ChIJu3EagKdZwokRpkWbgGp-HT0,"(212) 204-5222",https://www.rosehillrooftop.com/
"Row House","2128 Frederick Douglass Blvd, New York, NY 10026","New York","New York",Manhattan,dining,ChIJCWY85Rb2wokRWwG7PhPCE8U,"(212) 256-0019",https://rowhouseharlem.com/
"San Babila NYC","1355 2nd Ave, New York, NY 10021","New York","New York",Manhattan,dining,ChIJdSd3Vs9ZwokRXI_0i4WFPz8,"(646) 448-4120",https://sanbabilanyc.com/
"Smith & Wollensky","797 3rd Ave, New York, NY 10022","New York","New York",Manhattan,dining,ChIJx-DDf4NZwokRtd57pIePpvI,"(212) 753-1530",https://www.smithandwollenskynyc.com/
Sofrito,"679 Riverside Dr, New York, NY 10031","New York","New York",Manhattan,dining,ChIJL-dbDGH2wokRbtpptLNxlo0,"(212) 754-5999",http://sofritony.com/
"TAO Uptown","42 E 58th St, New York, NY 10022","New York","New York",Manhattan,dining,ChIJh3qVsvpYwokRVtJoHuKeQ3M,"(212) 888-2288",https://taorestaurant.com/
"The Alderman","150A W 48th St, New York, NY 10036","New York","New York",Manhattan,dining,ChIJFfDd9lVYwokRHprgDkRnHh4,"(929) 566-5280",http://aldermannyc.com/
"The Fox Harlem","2224 Frederick Douglass Blvd, New York, NY 10026","New York","New York",Manhattan,lounge,ChIJZQ6FpBb2wokRwnkohLB7_zc,"(212) 500-6175",https://www.thefoxharlem.com/
"The Mermaid Inn Upper West Side","335 Columbus Ave, New York, NY 10023","New York","New York",Manhattan,dining,ChIJd7KhRQBZwokR7dweqs5pnec,"(332) 322-6236",https://www.themermaidnyc.com/
"The Shell Seafood Kitchen & Bar","635 Amsterdam Ave, New York, NY 10025","New York","New York",Manhattan,dining,ChIJEZBYF4ZZwokRBhwHBZnsoqI,"(646) 669-7628",https://theshellrestaurant.com/
"The Skylark - Rooftop Bar","200 W 39th St, New York, NY 10018","New York","New York",Manhattan,lounge,ChIJtcPJYqtZwokRiiFBAJz8krQ,"(212) 257-4577",https://theskylarknyc.com/
Tinos,"1748 1st Ave, New York, NY 10128","New York","New York",Manhattan,dining,ChIJAx204q9YwokRdfgKIOB5oAQ,"(646) 370-6067",https://www.tinosnyc.com/
Toloache,"251 W 50th St, New York, NY 10019","New York","New York",Manhattan,dining,ChIJF1z8WVZYwokRcHYOJm2rIXA,"(212) 581-1818",https://www.toloachenyc.com/
Toloache,"166 E 82nd St, New York, NY 10028","New York","New York",Manhattan,dining,ChIJPcgi0r1YwokRqYsA0cxFcOE,"(212) 861-4505",http://toloachenyc.com/
"Toro Loco","15 Stone St, New York, NY 10004, United States","New York","New York",Manhattan,dining,ChIJo0TTCBRawokRQvOtU2qXlTE,"+1 917-262-0444",https://www.toroloconyc.com/
"Up Thai","1411 2nd Ave, New York, NY 10021","New York","New York",Manhattan,dining,ChIJfQ5BQMBYwokR7CxrwWOFFjw,"(212) 256-1199",http://www.upthainyc.com/
"Vinatería","2211 Frederick Douglass Blvd, New York, NY 10026, United States","New York","New York",Manhattan,dining,ChIJJSi1DBT2wokRGHCDOA6nQ2U,"+1 212-662-8462",https://www.vinaterianyc.com/
Boske,"28-43 Steinway St, Queens, NY 11103",Queens,"New York",Astoria,dining,ChIJZZ4qkj9fwokRfdwQClHRceg,"(929) 498-1627",https://www.boskeastoria.com/
"ZAAB ZAAB","76-04 Woodside Ave, Queens, NY 11373",Queens,"New York",Elmhurst,dining,ChIJSR84V9NfwokRqv7h7RV5z9k,"(631) 526-1664",https://zaabzaabnyc.com/
"Cantina Valencia Tex-Mex & Tequila Bar","1674 Richmond Rd, Staten Island, NY 10304","Staten Island","New York","Midland Beach",dining,ChIJdyLF_ldPwokRhqVzPv2-4n4,"(929) 314-5363",https://www.cantinavalencia.com/
"Laila Restaurant And Lounge","45 Page Ave, Staten Island, NY 10309","Staten Island","New York",Charleston,lounge,ChIJC8_ABDG1w4kRzefkwksjFRY,"(718) 984-0006",https://www.lailarestaurant.com/
"Sofia's Taqueria","977 Bay St, Staten Island, NY 10305","Staten Island","New York",Rosebank,dining,ChIJ___rIK5PwokRnUkJY9mt0as,"(929) 308-2324",http://sofiastaquerianyc.com/
"Kelsey’s Ac","1545 Pacific Ave, Atlantic City, NJ 08401, USA",Columbus,OH,,dining,ChIJIRFhgUDuwIkRayrowhqvwkU,,http://www.kelseysac.com/
"The Golden Skillet","444 Dabney Dr, Henderson, NC 27536, USA",Ajax,ON,,dining,ChIJ0ZWasGe8rYkRxZlpdOOQI44,,https://www.goldenskilletnc.com/
"Juicy Birds","721 Pape Ave, Toronto, ON M4K 3S7, Canada",Greektown,ON,"Old Toronto",dining,ChIJKb3oZr3N1IkRjQLcY0E3Q3c,,https://juicybirdsgreektown.bycalibre.ca/
"Mad Bird","154 Queen St S Suite 108, Mississauga, ON L5M 2P4, Canada",Mississauga,ON,Streetsville,dining,ChIJVxi3-9ZBK4gRz-EfBSAm0nA,,https://www.madbird.ca/
"Ana’s Hotspot","5928 Finch Ave E, Scarborough, ON M1B 6B3, Canada",Toronto,ON,,dining,ChIJlQxE9rXX1IkRhkGxuQACAI0,,https://anashotspot.ca/
"Crossing Vineyards","1853 Wrightstown Rd, Newtown, PA 18940, USA","Bucks County",PA,,dining,ChIJd5opGAP-w4kRrHnJkNMwdps,,http://www.crossingvineyards.com/
"Nektar Wine Bar","8 W Mechanic St, New Hope, PA 18938, USA","Bucks County",PA,,lounge,ChIJA7GRWU__w4kRd4kqNsShu3k,,http://www.nektarnewhope.com/
"Conway Social Club","28 E King St, Lancaster, PA 17602, USA",Lancaster,PA,,lounge,ChIJeW4FeAIlxokRK0FAtUj_asE,,https://conwaysocialclub.com/
"Spring House Beer","209 Hazel St, Lancaster, PA 17603, USA",Lancaster,PA,,dining,ChIJ3ZHz_fokxokRtNFs6ZO5jVo,,http://www.springhousebeer.com/
"Cocina Mexicana","121 S 13th St, Philadelphia, PA 19107, USA",Philadelphia,PA,Gayborhood,dining,ChIJ6_UiaC_GxokRxRLbUmfNszM,,https://elvezrestaurant.com/?utm_source=GoogleBusinessProfile&utm_medium=Website&utm_campaign=MapLabs
"Fallin Off The Bone","Aramingo Ave, Philadelphia, PA 19134, USA",Philadelphia,PA,,dining,ChIJpYXl50e3xokRT2VvQXa038A,,https://order.online/business/fallin-off-the-bone-restaurant-12667120
"Prime Fusion Afro Grill and Lounge","2425 Grays Ferry Ave, Philadelphia, PA 19146, USA",Philadelphia,PA,"Graduate Hospital",lounge,ChIJC7yZu3fHxokR_ecw7bDEx4U,,https://primefusionlounge.com/
"Yardley Ice House","77 S Main St, Yardley, PA 19067, USA",Yardley,PA,,dining,ChIJK7qYIVdWwYkRQ50dxBaHenU,,http://www.yardleyicehouse.com/
Teppanya,"SM Clark, Manuel A. Roxas Hwy, Clark Freeport, Angeles, 2009 Pampanga, Philippines",Clark,PH,"Clark Freeport",dining,ChIJkSijV4ftljMRhslSMmo2xfM,,http://www.facebook.com/TEPPANYAPH
"787 Coffee","1669 PR-25, San Juan, 00909, Puerto Rico","Puerto Rico",PR,,dining,ChIJweP3JTRvA4wR6BfuFjjQiI8,,http://www.787coffee.com/
"El Rincon Tapatio","127 Jefferson Blvd, Dallas, TX 75208, USA",Dallas,TX,"Oak Cliff",dining,ChIJZ90c2pGZToYRxIcjTltUKN0,,
"Hattie B’s","3827 Lemmon Ave, Dallas, TX 75219, USA",Dallas,TX,"Oak Lawn",dining,ChIJL7HuMLuZToYRSJkIwyZCeIo,,
"SEASIDE LOUNGEHTX","702 W Dallas St, Houston, TX 77019, USA",Houston,TX,"Fourth Ward",nightlife,ChIJD6YRKbO_QIYRANSYmhAWqzw,,
"Nico’s Restaurant","1458 W North Temple St, Salt Lake City, UT 84116, USA",Utah,UT,,dining,ChIJPVz2XWb0UocRNYkyo8DNNQY,,https://nicos-restaurant.square.site/
"O Lounge","2070 Chain Bridge Rd, Vienna, VA 22182, USA","Tyson's Corner",VA,,lounge,ChIJ-RQttvlKtokRt57igsV8R8U,,http://www.the-o-lounge.com/
gbluxurycupcakes,"25 The Broadway, Cheam, Sutton SM3 8BH, UK",n/a,n/a,,dining,ChIJkdFULJ4JdkgRM60CtH_D6zs,,http://www.byanna.co.uk/
the5vesoul,"Carrer de Ferran, 2, Ciutat Vella, 08002 Barcelona, Spain",Barcelona,none,"Ciutat Vella",dining,ChIJz6U6sNmjpBIRNKnLN53LLhU,,
"Tony's Tacos","1550 IL-15 Ste B, Belleville, IL 62221, USA",Belleville,"not specified","",dining,ChIJoXR54tSt2IcR98iE9NiI6UA,"(618) 509-6828",https://www.facebook.com/tonys.tacos.18
"Living Room Sushi Steak","192 Avenue U, Brooklyn, NY 11223, USA",Brooklyn,"not specified",Gravesend,dining,ChIJg2bexsZFwokRI8BYJIzraQw,"(718) 996-8900",https://www.musthavemenus.com/oo/places/livingroomsushisteakhouse-brooklyn-ny
"Solo Scoop Creamery","2123 Caton Ave, Brooklyn, NY 11226, USA",Brooklyn,"not specified",Flatbush,dining,ChIJM1yQ3gVbwokR0_RCbYcrzIc,,https://www.soloscoopcreamery.com/
"Topaze Restaurant","1875 Utica Ave, Brooklyn, NY 11234, USA",Brooklyn,"not specified",Flatlands,dining,ChIJmYZAA1NDwokR5bgih37nJsQ,"(718) 444-7070",https://topazebrooklyn.com/
Wawa,"Friedberger Landstraße 116, 60316 Frankfurt am Main, Germany","Frankfurt am Main","not specified","Innenstadt III",dining,ChIJWbihfsUPvUcRNaQPM6rlpig,"069 40895857",
Wonder,"Grindelallee 73, 20146 Hamburg, Germany",Hamburg,"not specified","Eimsbüttel",dining,ChIJY11BaH6PsUcREbweubwtnNg,"040 41355129",https://senseofwonder.online/
"Gooeyond Inside","163 Chrystie St, New York, NY 10002, USA",Manhattan,"not specified",Manhattan,dining,ChIJl4LClE5ZwokRGEquWnUAyl8,,http://gooeyontheinside.com/
"Paletas Morelia","1435 1st Ave, New York, NY 10021, USA",Manhattan,"not specified",Manhattan,dining,ChIJBU_JUjZZwokRmHRAlpnlQS0,"(646) 678-5932",https://www.paletasmorelia.com/location/upper-east-side-ny
"Red Lobster","Five Times Square, W 41st St, New York, NY 10036, USA",Manhattan,"not specified",Manhattan,dining,ChIJc4euylRYwokRnweuR3UzKYI,"(212) 730-6706",https://www.redlobster.com/seafood-restaurants/locations/ny/new-york/5-times-square-nyc5
"Topokki Witch","330 7th Ave, New York, NY 10001, USA",Manhattan,"not specified",Manhattan,dining,ChIJY7ItT_hZwokR2Tr9YN6fwqw,"(646) 449-0388",https://witchtopokkinyc.com/
apastabar,"330 W Broadway, New York, NY 10013, USA",Manhattan,"not specified",Manhattan,dining,ChIJcwRwc4tZwokR2sPvWN0r3h8,"(646) 762-4056",http://www.apastabar.com/
bee.lounge,"77 E 7th St, New York, NY 10003, USA",Manhattan,"not specified",Manhattan,nightlife,ChIJ21WpG0BZwokRIonDbEPlMGk,"(917) 214-0589",http://www.bloungenyc.com/
"coremg Movay Brunch","98 Rivington St, New York, NY 10002, USA",Manhattan,"not specified",Manhattan,dining,ChIJrTR7fKpZwokRmolJ7vTnHbo,,https://cactuswren.nyc/
selfup,"16 Beaver St, New York, NY 10004, USA",Manhattan,"not specified",Manhattan,dining,ChIJYRKHyCdbwokRjoNxBZ2DHv4,"(646) 513-5713",https://new-york.selfup.com/
"Zen lounge","117-15 101st Ave, South Richmond Hill, NY 11419, USA",Queens,"not specified","South Richmond Hill",nightlife,ChIJ8yrTV1JnwokRRpNTDrFoGU4,"(718) 441-9500",https://zenloungenyc.com/
latino_bites,"84-15 Northern Blvd, Jackson Heights, NY 11372, USA",Queens,"not specified","Jackson Heights",dining,ChIJy7vO9aNfwokRrifnaAR22-s,"(718) 424-4853",https://latinobites.com/
"333 Lounge","333 Flatbush Ave, Brooklyn, NY 11217, USA",Brooklyn,unknown,"Prospect Heights",nightlife,ChIJd_sQk6hbwokRKO3HEoe_Dv8,"(718) 399-8008",http://333lounge.com/
"Lakou Cafe","195 Utica Ave, Brooklyn, NY 11213, USA",Brooklyn,unknown,"Crown Heights",dining,ChIJAQBvmX5cwokRA71iUETQAZ8,"(347) 295-0566",https://www.lakoucafe.com/
"The Suite Restaurant","704 Nostrand Ave, Brooklyn, NY 11216, USA",Brooklyn,unknown,"Crown Heights",dining,ChIJP7Wm5opbwokRNLzEos55vHI,,https://www.suite704bk.com/
"8 Bit Bites","77 2nd Ave, New York, NY 10003, USA",Manhattan,unknown,Manhattan,dining,ChIJEzFiaLxZwokRbeta3UHsxlo,"(646) 398-8385",https://www.8bitbitesbk.com/
"Chinese Restaurant","103 Bowery, New York, NY 10002, USA",Manhattan,unknown,Manhattan,dining,ChIJg0ZHaSRZwokRHymWtw9gKJk,"(212) 775-8998",https://jiangnanny.com/
Pho,"647 9th Ave, New York, NY 10036, USA",Manhattan,unknown,Manhattan,dining,ChIJQZko0FNYwokRjhh4z0ilUMw,"(212) 245-8880",https://www.obaony.com/
thekitsby,"393 Broadway 5th floor, New York, NY 10013, USA",Manhattan,unknown,Manhattan,dining,ChIJC6CQTgBZwokRfyb_l3QqEQM,,https://www.kitsby.com/collections/class
"Madre and Son","37 Commerce St, Newark, NJ 07102, USA",Newark,unknown,"Central Ward",dining,ChIJjTrsiJRTwokRxVVqKSD45yY,"(973) 733-0013",https://madreson.top/
"Tropical Jerk","Liberty Ave, Jamaica, NY 11433, USA",Queens,unknown,Jamaica,dining,ChIJO28w2CZhwokRBDKoeNRQM1M,"(718) 480-1700",https://tropical-jerk.com/
"Red Hot Mammas","108 Regent St, Royal Leamington Spa, Leamington Spa CV32 4NR, UK","Royal Leamington Spa",unknown,"",dining,ChIJbdnJfuo1d0gRuC0QEQQaO-s,"01926 336444",https://www.redhotmamma.co.uk/leamington
