id,name,city,neighborhood,category,viberyte_score,google_rating,yelp_rating,vibe_tags,music_genres,certification_reasoning
1981,"Piazza di Roma",Aberdeen,Strathmore,dining,7,4.7,4.1,"Italian-inspired,event-friendly,romantic,garden-dining,cocktail-focused,upscale-casual,celebration-ready,limoncello-themed,intimate,trendy","Italian classics,soft contemporary","Piazza di Roma offers a solid upscale Italian dining experience with excellent event capabilities and consistently praised food quality, but the venue's attempt to balance multiple styles (formal interior with playful elements) creates a somewhat diluted identity. The strong reviews and beautiful presentation elevate it above average, though it lacks the distinctive character needed for premium scoring."
1851,"Limoncello at Piazza di Roma","Aberdeen Township",Strathmore,dining,7,4.8,4.1,"family-friendly,cozy,romantic,garden-setting,authentic,intimate,welcoming,traditional,charming","","Limoncello offers a charming Italian dining experience with strong Google ratings and memorable outdoor garden seating that creates an authentic atmosphere. While the venue has appeal for special occasions and family dining, it leans more toward a neighborhood gem rather than a premium destination."
220,"Agenda Astoria",Astoria,Astoria,nightlife,7,4.5,3.7,"trendy,modern,vibrant,energetic,social,stylish,casual-upscale,party-friendly,Instagram-worthy,diverse,lively,contemporary","DJ sets,upbeat electronic,Latin beats","Agenda Astoria shows strong potential with its modern upscale interior, professional cocktail presentation, and solid Google rating, creating a trendy atmosphere that's elevated above typical casual dining. However, some images reveal inconsistent presentation quality and a more laid-back feel that prevents it from reaching premium status."
1672,"Kam Rai Thai",Astoria,Astoria,dining,7,4.9,4.6,"cozy,modern,trendy,neighborhood-gem,authentic,welcoming,intimate,casual-upscale,craft-cocktails,local-favorite","ambient,soft-contemporary","Kam Rai Thai offers a solid dining experience with excellent ratings, strong cocktails, and authentic Thai cuisine in a cozy modern setting. While the food and service are consistently praised, the ambiance scores suggest it's a good neighborhood spot rather than a destination with truly special or unique vibes."
1673,Macoletta,Astoria,"Long Island City",dining,7,4.9,4.4,"neighborhood gem,authentic Italian,cozy outdoor dining,family-friendly,casual dining,brick facade charm,community favorite,welcoming atmosphere,traditional Italian","Italian classics,soft background music","Macoletta delivers authentic Italian cuisine with exceptional dishes like their renowned tiramisu and octopus carpaccio, backed by outstanding Google reviews and friendly service. While the food quality and neighborhood charm are strong, the venue lacks the distinctive atmosphere or upscale ambiance needed to reach premium status."
765,"The best hookah place",Astoria,Astoria,nightlife,7,4.8,4.1,"trendy,hookah lounge,neon lights,nightlife,social,relaxed,modern,casual dining,drinks,happy hour","lounge,contemporary","The venue shows strong potential with modern neon lighting and trendy decor in some areas, plus excellent service reviews, but inconsistent interior quality and mediocre food hold it back from premium status. The 4.8 Google rating with great vibes and hookah experience still makes it a solid choice for its category."
697,vida.nyc,Astoria,Astoria,dining,7,4.1,2.7,"trendy,upscale,neon-lit,modern,intimate,celebratory,vibrant,atmospheric,date-night,Instagram-worthy","Latin,Contemporary","While the venue has an impressive upscale interior design with neon lighting and trendy atmosphere, operational issues like flies around food, lack of basic amenities (no tissue in bathroom), and the significant disparity between Yelp (2.7) and Google (4.1) ratings suggest inconsistent execution. The high-quality food presentation and unique celebratory vibe with sparkler candles elevate it to a solid 7, but the service inconsistencies prevent it from reaching premium status."
1812,"The Balcony","Atlantic City",,nightlife,7,4.3,2.1,"upscale,trendy,nightlife,lounge,outdoor,cabaret,entertainment,modern,scenic,relaxed,social,Atlantic City","Cabaret,Lounge","The Balcony offers a solid upscale lounge experience with impressive outdoor space and cabaret entertainment, earning high marks for ambiance and presentation in the photo analysis. However, the stark rating disparity between Yelp (2.1) and Google (4.3) suggests inconsistent experiences, and the venue's limited food offerings position it more as a drinks-focused entertainment spot rather than a comprehensive dining destination."
348,"El Xiringuito de la Barceloneta",Barcelona,"Sant Martí",dining,7,4.2,4.0,"beachfront,casual,authentic,relaxed,seafood-focused,Spanish,outdoor-dining,family-friendly,tourist-friendly,accessible,lively","Spanish acoustic,Mediterranean ambient","El Xiringuito offers a solid beachfront dining experience with good ratings and authentic Spanish cuisine, but lacks the premium uniqueness or upscale atmosphere that would elevate it to an 8+. The casual beach setting and standard paella offerings make it a reliable choice rather than a standout destination."
347,"La Boqueria Market",Barcelona,"Ciutat Vella",dining,7,4.5,4.5,"bustling,authentic,vibrant,traditional,touristy,cultural,sensory-rich,historic,crowded,colorful,artisanal,local","ambient market sounds","La Boqueria delivers an authentic, bustling market experience with excellent product quality and cultural significance, earning strong ratings across platforms. While it's a tourist hotspot with premium prices, it offers a unique sensory experience that goes beyond typical dining venues."
349,"Quimet y Quimet",Barcelona,"Sants-Montjuïc",dining,7,4.6,4.6,"authentic,cozy,local favorite,standing bar,traditional,rustic,intimate,bustling,genuine,charming","","This authentic Barcelona tapas institution offers a unique standing-only experience with exceptional canned conservas and creative montaditos that create memorable flavors. While the rustic interior and casual format aren't trendy, the genuine local atmosphere, passionate staff, and distinctive dining concept make it a special destination worth visiting."
301,"Offgrid's Cafe",Bayside,Bayside,dining,7,4.8,0.0,"cozy,minimalist,neighborhood,Asian-fusion,specialty-coffee,local-favorite,casual-hangout,modern,clean,community","ambient,chill","This cozy neighborhood coffee shop excels with unique Asian-inspired drinks like pandan and ube lattes, earning strong local loyalty despite limited reviews. While the space is clean and well-designed with good service, it lacks the trendy atmosphere or premium experience needed for a higher score."
1360,"The Roundhouse",Beacon,,dining,7,4.1,3.1,"scenic_views,waterfall_setting,modern_decor,upscale_casual,date_night,natural_light,cozy_atmosphere,event_venue,brunch_spot,relaxed_dining,instagram_worthy","ambient,jazz","The Roundhouse offers a sophisticated dining experience with stunning waterfall views, modern decor, and upscale presentation that elevates it above typical casual dining. While the service can be inconsistent and some areas feel more basic, the premium location, beautiful interior design, and scenic ambiance create a memorable experience worth seeking out."
1996,"Pink Cabana",Belmar,,dining,7,5.0,0.0,"beachy,casual,colorful,relaxed,outdoor,playful,comfortable,celebratory,Instagram-worthy,family-friendly,seasonal","beach/chill vibes","Pink Cabana offers a unique beach setup service with comfortable amenities and strong customer satisfaction, creating a charming casual beach experience. While the concept is appealing and execution seems solid based on reviews, it's limited by being an outdoor beach service rather than a permanent dining establishment."
2180,Dandelion,"Big Indian",,dining,7,4.3,3.3,"cozy,warm,inviting,natural,refined-casual,relaxing,scenic,welcoming,pet-friendly,hotel-restaurant,wooden-aesthetic,nature-views","ambient,acoustic","Dandelion delivers a consistently pleasant experience with warm wooden aesthetics, professional service, and well-prepared food in a beautiful natural setting. While the cuisine is solid and satisfying rather than exceptional, the combination of inviting atmosphere, attentive staff, and scenic views creates a reliably good dining experience that stands above average."
716,"Boogie Down Food Hall",Bronx,"Hunts Point",dining,7,4.7,3.6,"Urban,Trendy,Quirky,Welcoming,Friendly,Relaxed,Memorable,Creative,Lively,Community-Focused","Hip-hop,R&B,Urban contemporary","The venue delivers a solid trendy urban experience with strong customer service and a quirky, welcoming atmosphere that creates memorable visits. While the food hall setting and casual price point prevent it from reaching premium status, the consistently positive reviews and unique vibe make it a worthwhile destination."
1869,"Calabria Pork Store",Bronx,"Little Italy",dining,7,4.7,4.6,"authentic,traditional,old-school,Italian,artisanal,family-run,neighborhood-gem,specialty-shop,historic,butcher-shop,cured-meats","","Calabria Pork Store offers an authentic, old-world Italian butcher shop experience with exceptional quality meats and traditional atmosphere that creates a memorable visit. While it's a specialty shop rather than a restaurant, its unique character, outstanding reviews, and artisanal products make it a noteworthy destination for Italian food enthusiasts."
1870,"Roberto's Restaurant",Bronx,"Little Italy",dining,7,4.6,4.0,"old-school,classic,cozy,traditional,inviting,neighborhood-gem,intimate,family-friendly,authentic,established,warm","","Roberto's delivers solid old-school Italian charm with professional service and quality dishes like veal ossobuco and pork chops, earning strong ratings across platforms. While the ambiance is cozy and inviting, it lacks the unique or trendy elements that would elevate it to premium status."
595,"Taco Tuesday",Bronx,Fieldston,dining,7,4.8,4.3,"trendy,modern,cozy,upscale-casual,lively,social,brunch-spot,wing-night,cocktail-friendly,neighborhood-favorite,welcoming","Hip-hop,R&B,brunch vibes","Taco Tuesday offers a solid trendy atmosphere with good food quality and strong customer satisfaction, evidenced by high ratings and enthusiastic reviews about wings, brunch, and drinks. However, it lacks the premium uniqueness or truly special elements that would elevate it to an 8+ score."
1893,"4am Bar Lounge",Brooklyn,Gravesend,nightlife,7,4.3,2.9,"trendy,modern,upscale,sleek,cocktail-focused,intimate,late-night,Brooklyn,mixology,hospitality-driven,relaxed,positive","lounge,ambient","The venue shows strong visual appeal with trendy modern decor and excellent service quality, but the significant discrepancy between Yelp (2.9) and Google (4.3) ratings suggests inconsistent experiences that prevent it from reaching premium status. While the ambiance and presentation are impressive, the mixed review pattern indicates reliability issues."
742,"Brooklyn Chicken and Waffles",Brooklyn,Williamsburg,dining,7,4.4,3.9,"trendy,cozy,casual,comfort food,modern,rustic charm,inviting,chill,memorable,easy-going","hip-hop,r&b","Brooklyn Chicken and Waffles offers a solid trendy dining experience with good food quality and a cozy atmosphere, earning strong Google reviews and appealing presentation. However, it falls into the ""good but not special"" category as a casual comfort food spot without the premium uniqueness needed for a higher score."
572,"CZEN Restaurant",Brooklyn,Flatlands,dining,7,4.5,3.9,"trendy,vibrant,vacation-spot,upscale-casual,colorful,creative,modern,brunch-scene,music-friendly,social,Instagram-worthy,fusion","soca,DJ sets","CZEN offers a vibrant Caribbean-Asian fusion experience with excellent ambiance and food presentation, but significant service issues including long wait times and understaffing prevent it from reaching premium status. The strong Google rating and unique vacation-spot vibe keep it solidly in the good category despite operational challenges."
1106,"Charm Bar",Brooklyn,"Park Slope",lounge,7,4.7,3.8,"trendy,cozy,artistic,nostalgic,upscale-casual,intimate,stylish,warm,inviting,social,cultural,Brooklyn-chic","reggae,classic Caribbean","Charm Bar offers a stylish Caribbean-New American dining experience with excellent ambiance and standout dishes like rasta pasta, though service inconsistencies and food temperature issues prevent it from reaching premium status. The venue successfully balances upscale presentation with a welcoming, nostalgic vibe that keeps guests engaged."
2224,"Cheese Plate Queen",Brooklyn,"Park Slope",dining,7,4.8,4.4,"gourmet,artisanal,boutique,cozy,curated,foodie-friendly,sampling-encouraged,neighborhood-gem,clean,professional","","This is a well-curated specialty cheese shop with high-quality products and excellent presentation, but it's fundamentally a retail gourmet food store rather than a dining destination. While it offers premium products and a clean, inviting atmosphere, it lacks the experiential dining elements that would elevate it to premium vibe territory."
1485,"Cloudy Donuts",Brooklyn,"Brooklyn Heights",dining,7,4.4,3.9,"Modern,Trendy,Inviting,Family-Friendly,Artisanal,Cozy,Relaxed,Weekend-Vibes,Neighborhood-Spot","Indie Pop,Ambient","Cloudy Donuts delivers a solid modern donut shop experience with trendy aesthetics and quality products that customers clearly love, earning strong reviews and repeat visits. However, it's ultimately still a casual donut shop without the premium positioning or unique experiential elements that would elevate it to the 8+ tier."
1574,Coda,Brooklyn,Williamsburg,dining,7,4.1,3.4,"modern,trendy,poolside,williamsburg,boutique,design-forward,young crowd,party scene,coworking,brooklyn-chic","electronic,house","Coda offers a solid modern hotel experience with notable amenities like a stylish pool area and good location in Williamsburg, but the mixed reviews (3.4 Yelp vs 4.1 Google) and mentions of basic interior elements prevent it from reaching premium status. While the venue has trendy aspects, it lacks the distinctive character or luxury touches that would elevate it to an 8+ score."
102,"Cupcakes After Dark",Brooklyn,Southside,dining,7,4.2,4.6,"cozy,rustic,welcoming,community,charming,approachable,trendy,homestyle,sweet,friendly","soft background music","This bakery offers a charming rustic atmosphere with professionally presented sweets and exceptional customer service, creating a welcoming community vibe. While it's a solid neighborhood gem with strong reviews, it lacks the premium or unique elements that would elevate it to an 8+ score."
1399,"Dekalb Market Hall",Brooklyn,"Downtown Brooklyn",dining,7,4.6,4.2,"trendy,vibrant,bustling,casual,lively,diverse,family-friendly,market-style,eclectic,social",ambient/background,"DeKalb Market Hall offers a vibrant, trendy food court experience with diverse dining options and strong ratings, making it a solid choice for casual group dining. However, as a food hall/market setting, it lacks the refinement and upscale atmosphere needed for special occasions or date nights."
1790,"Djon Djon",Brooklyn,"Prospect Lefferts Gardens",dining,7,4.4,4.5,"Casual fine dining,family-friendly,authentic,cozy,trendy,outdoor dining,culturally rich,welcoming,intimate,neighborhood gem","Caribbean,Haitian traditional","Djon Djon offers a solid dining experience with excellent, organically-prepared Haitian cuisine and attentive service that can accommodate large groups. While the food quality and presentation are impressive, the overall atmosphere reads as ""casual fine dining"" rather than truly premium or unique."
345,"Dreams of Sugar",Brooklyn,Bedford-Stuyvesant,dining,7,4.6,4.7,"trendy,colorful,Instagram-worthy,cozy,neighborhood,modern,playful,sweet,boutique,small-batch,artisanal","indie pop,acoustic","Dreams of Sugar offers a trendy, Instagram-worthy bakery experience with strong visual appeal and solid ratings, but mixed reviews on taste quality and the limited seating (6 people) prevent it from reaching premium status. The modern aesthetic and neighborhood charm make it good but not exceptionally special."
1752,"Elite Williamsburg",Brooklyn,Williamsburg,dining,7,4.1,3.8,"trendy,lively,multi-level,party-atmosphere,Instagram-worthy,energetic,social,vibrant,rooftop,club-vibes,celebratory","Hip-hop,danceable beats,party music","Elite Williamsburg offers a strong multi-level entertainment experience with good food, attentive service, and a lively atmosphere that transitions from brunch spot to nightclub. While the food is solid and the concept is engaging, the extremely loud music and mixed photo quality prevent it from reaching premium tier status."
2059,"Forma Pasta Factory",Brooklyn,Greenpoint,dining,7,4.6,4.6,"trendy,casual,modern,affordable,instagram-worthy,fast-casual,fresh,young-crowd,brooklyn-vibes,comfort-food,social-media-famous",background/ambient,"While Forma Pasta Factory has excellent ratings and quality house-made pasta at affordable prices, it operates as a casual, self-service spot that lacks the premium ambiance and upscale experience of higher-scoring venues. The trendy, modern interior and strong social media presence elevate it above basic casual dining, but the fast-casual service model and $12 plates keep it firmly in the ""good but not special"" category."
1409,"Fornino Pizza",Brooklyn,Greenpoint,dining,7,4.6,4.1,"casual,cozy,neighborhood,wood-fired,laid-back,family-friendly,comfortable,unpretentious,local-favorite,backyard-dining","","Fornino offers solid wood-fired pizza with strong reviews and a comfortable neighborhood atmosphere, but lacks the distinctive character or upscale elements that would elevate it to premium status. The casual charm and quality food make it a reliable choice, though the dated interior and standard pizza concept keep it from being truly special."
1086,"KFRI Event",Brooklyn,"Brooklyn Navy Yard",nightlife,7,4.9,0.0,"elegant,celebratory,versatile,sophisticated,modern,chic,formal-casual,spacious,transformative,multi-level,intimate,stylish","varies by event","This is a versatile event venue with strong Google reviews and sophisticated presentation, but lacks the premium amenities or unique character that would elevate it to an 8+. The two-level layout and transformative capabilities make it a solid choice for private events, though it appears more functional than extraordinary."
61,"Lazy Sundaes",Brooklyn,Dumbo,dining,7,4.6,4.4,"modern,trendy,bright,inviting,fresh,relaxed,casual,Instagram-worthy,clean,youthful,laid-back","pop,indie,chill","Lazy Sundaes offers a solid modern bubble tea experience with good ratings and appealing presentation, but lacks the premium uniqueness or upscale atmosphere needed for a higher score. It's a well-executed casual dessert spot that delivers quality but doesn't stand out as particularly special or destination-worthy."
291,"Le Chai",Brooklyn,Flatlands,dining,7,4.1,3.7,"upscale,modern,intimate,spacious,warm lighting,stylish,cozy,trendy,cocktail-focused,date night,group dining","lounge,ambient","Le Chai delivers on ambiance and interior design with its stunning, upscale atmosphere, but the inconsistent food quality holds it back from premium status. While the space is beautifully designed and the service is attentive, the mixed reviews about disappointing entrees prevent it from reaching the 8+ tier."
1577,"Osteria Brooklyn",Brooklyn,"Clinton Hill",dining,7,4.6,4.4,"cozy,neighborhood,family-friendly,traditional,welcoming,intimate,classic,unpretentious","","Osteria Brooklyn delivers solid Italian fare with strong ratings and good presentation, but lacks the distinctive character or premium elements that would elevate it to the next tier. The cozy atmosphere and reliable execution make it a good neighborhood spot, though the mixed feedback on some dishes and standard Italian offerings keep it from being truly special."
14,"Prime 623",Brooklyn,"East Flatbush",dining,7,4.5,3.9,"trendy,welcoming,themed,modern,casual-upscale,social,festive,neighborhood,relaxed,atmospheric","Caribbean,hip-hop,reggae","Prime 623 delivers a solid experience with modern aesthetics, themed experiences, and consistently good food that creates memorable moments. While it has strong fundamentals and welcoming service, it falls into the ""good but not special"" category without the premium uniqueness needed for higher scoring."
1153,"Red Hook Winery",Brooklyn,"Red Hook",dining,7,4.5,4.3,"Waterfront,Industrial-chic,Rustic,Wine-focused,Relaxed,Scenic,Brooklyn-cool,Date-friendly,Trendy,Local","Ambient,Jazz","Red Hook Winery offers a solid experience with good ratings, scenic waterfront location, and quality wine tastings, but lacks the premium uniqueness or exceptional ambiance that would elevate it to an 8+. The rustic-industrial charm is appealing but not particularly distinctive in today's market."
1866,"Shaka Club",Brooklyn,"Prospect Heights",nightlife,7,4.8,4.9,"Tiki,retro,eclectic,neighborhood gem,craft cocktails,laid-back,community-focused,quirky,intimate,locals favorite,authentic","Tiki lounge,tropical","Shaka Club earns strong marks for its excellent reviews (4.8-4.9 stars) and loyal customer base spanning multiple years, indicating consistent quality and community appeal. While the interior and ambiance photos suggest a more casual/eclectic setting rather than premium upscale, the unique tiki concept, craft cocktail focus, and passionate ownership create a distinctive experience worth seeking out."
1633,Smorgasburg,Brooklyn,Williamsburg,dining,7,4.5,4.3,"Outdoor,Seasonal,Cultural,Festive,Waterfront,Family-Friendly,Diverse,Casual,Weekend Market,Tourist Attraction,Instagram-Worthy","Live DJ,Cultural Music","Smorgasburg offers a unique seasonal food market experience with diverse global cuisines, stunning Manhattan skyline views, and festive atmosphere that creates memorable moments. While the outdoor setup is basic and prices are high, the cultural diversity, special events like Diwali Mela, and vibrant weekend energy elevate it above typical food courts."
618,Tabu,Brooklyn,Williamsburg,dining,7,4.6,3.7,"trendy,upscale-casual,modern,artistic,greenery,sophisticated,contemporary,Instagram-worthy,Mexico-inspired","Latin,contemporary","While the venue has impressive visual appeal with upscale ambiance and artistic presentation, the mixed reviews highlighting slow service, limited menu, and food quality issues prevent it from reaching premium status. The strong aesthetic elements and trendy atmosphere keep it in the ""good but not special"" tier."
336,"Taste of Heaven",Brooklyn,"East Williamsburg",dining,7,4.7,4.7,"family-owned,authentic,homestyle,casual-dining,takeout-focused,neighborhood-gem,comfort-food,community-oriented,no-frills,heart-warming","","Despite the basic interior and casual presentation, this authentic soul food spot delivers exceptional quality with consistently outstanding food that earns passionate customer loyalty. The family-operated business creates a warm, welcoming atmosphere where the heart and soul put into every dish elevates the overall experience beyond its modest physical setting."
236,"The Acoustik Garden Lounge",Brooklyn,Bedford-Stuyvesant,nightlife,7,4.4,4.8,"trendy,spacious,colorful-lighting,music-focused,unpretentious,cozy,inviting,afrobeat-vibes,dj-driven,casual-dining","Afrobeat,DJ sets","The Acoustik Garden Lounge offers a solid trendy experience with good vibes, Afrobeat music, and spacious layout, earning praise for atmosphere and DJ quality. However, the straightforward food presentation and casual setup prevent it from reaching premium status, landing it in the ""good but not special"" category."
549,"The Love Lounge",Brooklyn,Bushwick,nightlife,7,4.6,4.0,"Live Music,Industrial,Spacious,Multi-Level,Performance Venue,Social,Trendy,Intimate,Concert Vibes,Bar Scene,Entertainment,Brooklyn Cool","Live Performances,Indie,Alternative,Rock","The Love Lounge offers a solid experience with its spacious industrial design, live music stage, and multi-level layout that creates an engaging atmosphere. While it has good vibes and unique features like the wrap-around bar and performance space, it lacks the premium polish and upscale refinement needed for a higher score."
340,"The Simpson",Brooklyn,"Fort Greene",dining,7,4.6,3.8,"trendy,lively,authentic,social,upbeat,birthday-friendly,modern,casual-dining,vibrant,welcoming","reggae,caribbean,upbeat","The Simpson offers a solid Caribbean dining experience with authentic flavors and attentive service, plus the owner's hands-on approach creates a welcoming atmosphere. However, some dishes lack flavor complexity and the food quality is inconsistent across menu items, preventing it from reaching premium status."
1168,"The Simpson Restaurant & Bar",Brooklyn,"Fort Greene",lounge,7,4.6,3.8,"lively,trendy,authentic,modern,sophisticated,vibrant,welcoming,celebratory,island-inspired,social","reggae,dancehall,caribbean","The Simpson Restaurant & Bar delivers authentic Jamaican cuisine with professional presentation and attentive service in a lively, trendy atmosphere. While the food quality receives mixed reviews with some dishes lacking flavor depth, the overall experience is elevated by hands-on ownership, good vibes, and solid ambiance."
261,"Viva Toro",Brooklyn,"East Williamsburg",dining,7,4.1,3.5,"trendy,lively,latin,party,mechanical bull,danceable,nightlife,brunch spot,cocktail focused,clean,welcoming,festive","Latin,house,dance,hip hop","Viva Toro offers a solid trendy experience with good food presentation, lively atmosphere, and unique features like a mechanical bull that transforms from restaurant to party venue. However, the mixed reviews on portions and drink strength, combined with moderate ratings, prevent it from reaching premium status."
997,atti.nyc,Brooklyn,"Downtown Brooklyn",dining,7,4.3,0.0,"upscale,modern,trendy,intimate,stylish,professional,korean,bbq,date-night,group-friendly","ambient,contemporary","ATTI offers a solid upscale Korean BBQ experience with excellent food quality and ambiance, but inconsistent service and high prices ($74pp) prevent it from reaching premium status. The polarizing reviews and service complaints keep it from being truly special despite the stylish atmosphere."
1472,theboozery,Brooklyn,"Crown Heights",dining,7,4.8,0.0,"trendy,modern,neon-lit,compact,Instagram-worthy,unique flavors,boozy options,sweet treats,neighborhood spot,artisanal,creative,Brooklyn cool","indie pop,chill electronic","This trendy ice cream shop has strong visual appeal with modern neon lighting and sleek design, plus solid Google reviews praising unique boozy flavors. However, it's ultimately still an ice cream shop with limited seating and pre-packaged boozy options, which caps its vibe potential despite the stylish presentation."
932,"il Vecchio Cafe",Caldwell,,dining,7,4.3,3.8,"upscale,trendy,modern,inviting,lively,professional,memorable,dog-friendly,music,atmospheric,polished",background/ambient,"Il Vecchio Cafe offers a solid upscale ambiance with excellent food presentation and a trendy vibe, backed by good Google ratings and professional atmosphere. However, mixed reviews about food quality consistency and the moderate price point prevent it from reaching premium territory."
983,Kheese,Camden,"Chalk Farm",dining,7,4.7,0.0,"neighborhood gem,authentic,nostalgic,laid-back,welcoming,old-school,local hangout,unpretentious,friendly,famous spot,comfort food,blue-collar","","This is a legendary neighborhood spot with authentic charm and outstanding food that attracts both locals and food pilgrims, elevated by its Anthony Bourdain connection and consistently excellent cheesesteaks. While the ambiance is modest, the genuine character and quality make it a worthy destination for those seeking authentic local culture."
195,"Kings Men LLC",Camden,,dining,7,4.7,4.6,"Professional,Practical,Outdoor-Focused,Reliable,Hardscaping,Modern-Design,Well-Maintained,Functional",None,"Kings Men LLC demonstrates solid professionalism with strong review scores (4.6-4.7 stars) and delivers quality landscaping work that exceeds expectations, though some follow-up service issues prevent it from reaching premium status. The outdoor spaces shown have attractive, well-maintained aesthetics that create an upscale impression, particularly the garden entrance and patio areas."
1578,"Krack & Kheese",Camden,"Chalk Farm",dining,7,4.7,0.0,"authentic,legendary,neighborhood,unpretentious,bourdain-famous,welcoming,old-school,dive-bar,local-favorite,historic,blue-collar","classic rock","Despite the basic interior and casual atmosphere, this legendary cheesesteak spot gains significant points for its cultural significance (Anthony Bourdain feature), exceptional food quality, and authentic neighborhood charm. The strong Google reviews and unique experience of eating at a Parts Unknown location elevate it above typical casual dining."
601,Tuscana,"Cherry Hill",Greentree,dining,7,4.3,3.5,"cozy,romantic,garden dining,rustic,welcoming,family-friendly,intimate,outdoor seating,waterfall ambiance","soft background,Italian classics","Tuscana offers a solid Italian dining experience with charming outdoor garden features, quality food presentation, and attentive service that elevates it above average. While the restaurant has appeal with its waterfall garden and well-executed dishes, the interior lacks the modern sophistication needed for premium scoring."
405,"Bubamara Cafe",Clifton,"Botany Village",dining,7,4.5,4.5,"cozy,rustic,authentic,cultural,trendy,inviting,unique,backyard-seating,floral-decor,ethnic,neighborhood-gem","folk,balkan,acoustic","Bubamara Cafe offers a unique Balkan dining experience with strong ratings and a cozy, rustic atmosphere that stands out from typical brunch spots. While the food quality receives mixed reviews and presentation lacks refinement, the distinctive cultural vibe, beautiful decor, and authentic atmosphere create a memorable experience worth visiting."
840,"Cafe Bubamara",Clifton,"Botany Village",dining,7,4.5,4.5,"cozy,cultural,authentic,eclectic,vibrant,colorful,unique,charming,relaxed,friendly","Balkan folk","Cafe Bubamara offers a unique Balkan cultural experience with authentic decor and atmosphere that transports diners, plus strong 4.5-star ratings across platforms. However, the food quality receives mixed feedback with reviews noting it's ""ok overall"" and ""not the best,"" which prevents it from reaching premium status."
870,"Damascus Cafe",Clifton,,dining,7,4.7,4.3,"cozy,authentic,cultural,traditional,warm,inviting,relaxed,community-focused,family-friendly,intimate,homestyle,welcoming","Traditional Middle Eastern,Oud music (Friday nights)","Damascus Cafe offers a warm, authentic atmosphere with cultural elements like live Oud music nights and excellent service that creates a memorable experience. While it's a cozy neighborhood spot rather than upscale, the combination of traditional Middle Eastern ambiance, quality presentation, and strong community vibe makes it a solid choice."
911,"La Bonita",Clifton,"Botany Village",dining,7,4.5,5.0,"lively,vibrant,colorful,artistic,dance-friendly,social,energetic,Latin,casual-upscale,music-focused,birthday-spot,weekend-vibes","Latin,salsa,reggaeton","La Bonita offers a lively Latin atmosphere with good food and strong reviews, making it a solid nightlife destination in Clifton. While it has vibrant energy and quality Colombian/Peruvian cuisine, it lacks the premium upscale elements needed for a higher score."
369,Yasmeen,Clifton,,dining,7,4.4,4.0,"Family-owned,upscale-casual,event-friendly,romantic,waterfall-ambiance,hookah-lounge,traditional-modern,group-dining,date-night,celebration-spot,outdoor-dining,cultural","Middle Eastern,ambient","Yasmeen offers a solid upscale Mediterranean dining experience with excellent event hosting capabilities and beautiful ambiance including outdoor space with waterfall. However, inconsistent service quality and mixed food reviews prevent it from reaching premium status, though the overall package remains appealing for special occasions."
773,"Pluto Lounge","Crown Heights","Prospect Lefferts Gardens",nightlife,7,4.2,4.2,"trendy,late-night,colorful,modern,lounge,chill,date-friendly,glow-in-the-dark,relaxed,music,games,420-friendly","DJ,mixed genres","Pluto Lounge offers a solid trendy lounge experience with good food presentation and late-night vibes, but the limited review sample and moderate ambiance scores prevent it from reaching premium status. The unique glow-in-the-dark setting and exceptional food ratings from reviewers show promise, though it needs more consistency to be truly special."
884,"Bostwick's Chowder House","East Hampton",,dining,7,4.5,4.0,"casual-dining,waterfront,local-hotspot,fresh-seafood,laid-back,outdoor-seating,no-reservations,bustling,authentic,paper-plates,umbrella-tables","","Bostwick's delivers consistently excellent fresh seafood with attentive service in a charming casual atmosphere that captures the authentic Hamptons dining experience. While the disposable plates and informal presentation prevent it from being premium, the quality food, lovely staff, and genuine local hot spot appeal make it a solid choice worth visiting."
538,"Life After Restaurant & Lounge",Edgewater,,dining|nightlife|lounge,7,4.3,4.3,"trendy,stylish,modern,R&B soul,lounge,birthday-friendly,group-friendly,intimate,upscale-casual,relaxed,music-focused","R&B,Soul","Life After presents a solid upscale-casual experience with good ratings, stylish ambiance, and attentive service, but the food quality seems standard rather than exceptional. The venue succeeds as a trendy lounge with great vibes and music, though at $45 per person for brunch, it falls into the ""good but not special"" category."
1769,"Clo Coffee",Edison,,dining,7,4.6,4.7,"Modern,Trendy,Calming,Date-Friendly,Professional,Cozy,Sleek,Welcoming,Relaxed,Specialty Coffee,European-Style,Quality-Focused","Background Ambient,Chill","Clo Coffee delivers excellent ratings and quality coffee with a modern, trendy atmosphere that's perfect for dates or unwinding. While it has strong fundamentals and professional presentation, it remains more of a refined coffee shop than a truly premium destination."
1773,"H Mart",Edison,,dining,7,4.4,4.2,"Asian specialty,family-friendly,bustling,organized,modern,clean,diverse selection,food court,one-stop shopping,cultural experience,spacious,well-maintained",Ambient/background,"H Mart Edison offers a premium Asian grocery experience with excellent variety, fresh produce, and modern facilities that elevate it above typical supermarkets. While it's still fundamentally a grocery store, the upscale presentation, food court, and specialty shopping experience create a destination worth visiting."
1772,"Kura Sushi",Edison,,dining,7,3.8,3.5,"Interactive,Family-Friendly,Tech-Forward,Playful,Modern,Casual,Gamified,Novel,Clean,Dynamic","Ambient Electronic,J-Pop","Kura Sushi offers a unique and entertaining dining experience with its conveyor belt system, robot waiters, and gamified prize system that creates memorable moments beyond just the food. While the concept is innovative and engaging, the casual atmosphere and moderate pricing prevent it from reaching premium status."
536,"PIER 73 BAR & LOUNGE",Elizabeth,Elizabethport,dining,7,4.5,2.0,"trendy,modern,upbeat,stylish,bar-focused,brunch spot,lounge atmosphere,mixed crowd,nightlife,weekend destination","Hip-hop,Contemporary","Pier 73 offers a solid trendy atmosphere with good food quality and appealing presentation, but the mixed reviews regarding pricing structure and service inconsistencies prevent it from reaching premium status. The venue shows promise with its modern bar area and quality cocktails, though operational issues like cover charges and seating limitations detract from the overall experience."
435,CALEDERA,Englewood,,dining,7,4.3,0.0,"trendy,modern,hookah lounge,nightlife,birthday celebrations,group dining,DJ entertainment,stylish decor,comfortable seating,multi-level venue,weekend hotspot,party atmosphere","DJ sets,dance music","Caledera offers a modern, trendy atmosphere with professional food presentation, hookah service, DJ entertainment, and upscale amenities like valet parking. However, service issues and mixed food feedback prevent it from reaching premium status."
406,"CALEDERA at Vida Garden",Englewood,,dining,7,4.3,0.0,"trendy,modern,vibrant,social,hookah lounge,DJ nights,colorful,stylish,upscale-casual,birthday-friendly,nightlife,multi-level","DJ sets,electronic,party music","CALDERA offers a visually impressive modern atmosphere with strong presentation and trendy vibes, enhanced by hookah service and DJ entertainment that creates an upscale social dining experience. However, inconsistent service issues (forgotten cutlery, understaffing) and mixed food reviews prevent it from reaching premium status, though the overall package remains solid for the price point."
664,"Ruocco's Restaurant",Fairfield,,dining,7,4.7,4.1,"elegant,traditional,comfortable,welcoming,family-friendly,romantic,intimate,floral-decorated,tent-dining,upscale-casual","soft background,jazz","Ruocco's offers solid Italian dining with excellent food quality (particularly praised gnocchi with braised short ribs) and good service in a pleasant, clean atmosphere. While it provides a reliable upscale dining experience, the venue feels somewhat traditional and could benefit from modern updates to elevate its overall vibe."
1787,"Tall Oaks Brew",Farmingdale,"",dining,7,4.5,4.8,"Family-Friendly,Rustic,Farmhouse,Relaxed,Welcoming,Outdoor,Event-Friendly,Cozy,Rural,Brewery,Community,Laid-Back",None,"Tall Oaks Brew offers a charming farmhouse atmosphere with excellent reviews highlighting its family-friendly environment and event hosting capabilities. While it provides a pleasant and well-maintained experience, it lacks the upscale or trendy elements that would elevate it to premium status."
1954,"Ganhoo BBQ",Flushing,Flushing,dining,7,4.9,4.5,"cozy,upscale-casual,group-friendly,interactive-dining,traditional,wood-accents,comfortable,trendy,social,grill-experience","ambient,contemporary","Ganhoo BBQ delivers a solid upscale barbecue experience with excellent food quality, generous portions, and attentive service that creates a memorable dining experience. While the concept is well-executed and the reviews are outstanding, it's fundamentally still a barbecue restaurant without the premium ambiance or unique factor that would push it into the 8+ range."
139,"Mighty Quinn's BBQ","Forest Hills","Forest Hills",dining,7,4.3,3.5,"casual,trendy,modern,cozy,family-friendly,laid-back,stylish,approachable,neighborhood spot,comfort food,rustic-chic","contemporary pop,indie rock","Mighty Quinn's BBQ delivers a modern, trendy barbecue experience with solid food presentation and a stylish casual atmosphere that appeals to a broad audience. While it's a well-executed concept with good reviews and contemporary design, it operates in a familiar casual dining space without particularly unique or premium elements that would elevate it to exceptional status."
1076,"El Asadero","Fort Lee",,dining,7,4.3,3.5,"Traditional,Festive,Hacienda-inspired,Warm,Stylish,Authentic,Family-friendly,Colorful,Inviting,Trendy,Themed","Mariachi,Latin,Regional Mexican","El Asadero successfully combines authentic Mexican cuisine with modern ambiance and strong presentation, earning solid ratings across multiple platforms. While it offers a memorable dining experience with beautiful hacienda-inspired decor, it falls into the ""good but not special"" category rather than reaching premium status."
387,"Otter Fine Sushi & Beyond","Fort Lee",,dining,7,4.3,3.9,"Modern,Clean,Trendy,Interactive,Fresh,Professional,Welcoming,Casual-Upscale,Contemporary,Efficient","Ambient Japanese,Contemporary Instrumental","This is a solid modern sushi spot with fresh fish, attentive service, and professional presentation, earning strong Google reviews that highlight quality and consistency. While it offers a pleasant dining experience with unique conveyor belt service and BYOB policy, it lacks the premium ambiance or distinctive character needed for a higher score."
396,Aarzu,Freehold,,dining,7,4.5,4.5,"upscale,trendy,modern,creative,contemporary,innovative,polished,sophisticated,date-night,group-friendly","contemporary,ambient","Aarzu offers a modern upscale Indian dining experience with excellent appetizers and creative presentation, but falls short on main courses which are frequently bland and overpriced. While the ambiance and service create a premium atmosphere, the inconsistent food quality and steep pricing prevent it from reaching top-tier status."
241,"Maria Station Cafe","Gloucester City",,dining,7,4.7,5.0,"Hidden gem,cozy,charming,welcoming,sophisticated,intimate,neighborhood favorite,authentic,unpretentious,family-friendly,romantic potential","Latin,acoustic,ambient","Maria Station Cafe delivers exceptional food quality and service with consistently glowing reviews praising the amazing cuisine and welcoming atmosphere. While the exterior shows some age and the interior is pleasant but not extraordinary, the professional food presentation and ""hidden gem"" reputation elevate it above average."
1312,"Little Street Lounge",Harlem,Manhattan,lounge,7,4.1,2.9,"intimate,modern,trendy,cocktail-focused,harlem-local,creative-drinks,date-night,cozy,upscale-casual,neighborhood-gem","jazz,neo-soul","Little Street Lounge offers a modern, chic atmosphere with excellent bartender service and creative cocktails, earning praise for ambiance and presentation. However, the mixed reviews (2.9 Yelp vs 4.1 Google), higher prices, and lack of weekend crowds suggest inconsistency that keeps it from premium status."
611,Panda,Harlem,Manhattan,dining,7,3.7,3.4,"upscale,trendy,modern,chill,intimate,date-night,birthday-friendly,cocktail-focused,Instagram-worthy","lounge,R&B","While the venue has strong visual appeal with upscale ambiance and professional presentation, the middling review scores (3.4-3.7 stars) and mixed feedback about exterior appearance hold it back from premium status. The high price point ($300 for two people) and trendy atmosphere keep it solidly in the good-but-not-exceptional category."
2045,"Soul Food Restaurant",Harlem,Manhattan,dining,7,4.3,3.8,"authentic,historic,comforting,local-favorite,traditional,welcoming,nostalgic,family-friendly,cultural,unpretentious","Gospel,R&B,Jazz","This is a legendary Harlem institution with authentic soul food, generous portions, and genuine hospitality that creates a memorable comfort dining experience. While the ambiance is casual and homey rather than trendy, the historical significance, consistently praised food quality, and strong local reputation elevate it above typical comfort food spots."
1102,"Soul Food in Harlem",Harlem,Manhattan,dining,7,4.3,3.9,"Historic,Authentic,Comfort Food,Harlem Institution,Cozy,Welcoming,Traditional,Homestyle,Generous Portions,Classic,Neighborhood Gem,Family-Friendly","Gospel,R&B,Jazz","This is a legendary Harlem soul food institution with strong ratings (4.3 Google, 3.9 Yelp) and authentic comfort food that delivers on flavor and generous portions. While the interior is basic and presentation is homestyle rather than refined, the historical significance, genuine atmosphere, and consistently praised food quality make it a solid ""good but not special"" experience."
426,"The Best SoulFood In Harlem",Harlem,Manhattan,dining,7,4.3,3.6,"authentic,historic,cozy,homey,comfort-focused,family-friendly,traditional,neighborhood-gem,no-frills,welcoming,legendary","Gospel,R&B,Soul","This legendary Harlem soul food institution delivers exceptional comfort food with authentic flavors and generous portions, earning strong reviews for its famous fried chicken, ribs, and cornbread. While the ambiance is homey rather than upscale, the historical significance, consistent quality, and genuine service create a memorable dining experience worth seeking out."
1467,"Jives Cafe",Howell,,dining,7,4.5,4.0,"cozy,welcoming,trendy,modern,warm,neighborhood,relaxed,friendly,inviting,local-favorite","jazz,live acoustic","Jives Cafe offers a cozy, welcoming atmosphere with live entertainment and quality food/drinks that customers describe as ""Michelin star level,"" earning strong reviews across platforms. While it's a solid neighborhood spot with good vibes and personal service, it lacks the premium uniqueness or upscale polish needed for a higher score."
2008,Mangia,Jackson,,dining,7,4.3,3.6,"trendy,relaxed,welcoming,family-friendly,modern,elegant,inviting,comfortable,professional,neighborhood-gem","contemporary,soft-rock","Mangia offers a charming modern interior with elegant lighting and professional food presentation, creating a trendy yet relaxed atmosphere that's elevated above typical casual dining. The exceptional service quality and welcoming staff experience, combined with solid Google ratings, push it into the good-but-not-special category rather than premium territory."
1184,"Bora Bora",Jamaica,Jamaica,dining,7,4.6,4.3,"trendy,modern,casual,colorful,fresh,health-conscious,convenient,cozy,clean,vibrant,Instagram-worthy,neighborhood","upbeat pop,chill electronic","Bora Bora offers a trendy, modern smoothie bar experience with excellent ratings (4.6 Google stars) and thoughtful design elements that elevate it above typical juice bars. While it maintains a casual, accessible vibe, the contemporary interior, convenient ordering system, and unique offerings like Dubai strawberries create a memorable experience that stands out from chain alternatives."
2007,"Gabriella's","Jersey City",,dining,7,4.5,4.0,"upscale-casual,trendy,romantic,business-friendly,date-night,family-friendly,intimate,classic,sophisticated,neighborhood-gem","jazz,contemporary,ambient","Gabriella's delivers solid upscale Italian dining with professional presentation and good ratings, but mixed reviews suggest inconsistent execution and service issues that prevent it from reaching premium status. The venue offers a nice dining experience with quality steaks and Italian dishes, though it lacks the cutting-edge ambiance or exceptional consistency needed for a higher score."
377,"Hudson & Co. Bar & Grill","Jersey City","Downtown Jersey City",lounge,7,4.2,3.8,"waterfront,scenic views,trendy food,casual dining,outdoor seating,brick oven,cocktail bar,comfortable,inviting,understated","background acoustic,light rock","Hudson & Co. offers a solid dining experience with excellent outdoor waterfront views and professionally presented food, but the indoor atmosphere and decor are somewhat basic and understated. While the venue has strong points like scenic dining and quality food presentation, it lacks the premium uniqueness or standout ambiance that would elevate it to a higher tier."
43,Malatown,"Jersey City","Downtown Jersey City",dining,7,4.9,5.0,"Modern,Trendy,Clean,Interactive Dining,Customizable,Fresh Ingredients,Spicy,Communal,Cozy,Contemporary,Authentic",Ambient/Background,"Malatown offers a modern, trendy hot pot experience with excellent food quality and service, earning strong Google reviews and presenting a clean, upscale casual atmosphere. While the concept is solid and execution appears strong, it's still a relatively new spot with limited review volume on Yelp, and the food presentation leans casual despite the nice interior."
2046,"Tavern A Veranda","Jersey City",,dining,7,4.4,4.1,"Waterfront,Romantic,Date Night,Cozy,Trendy,Modern,Scenic Views,Special Occasion,Upscale-Casual","Live Music (select nights)","Taverna Veranda offers a solid upscale-casual dining experience with waterfront views, consistently good food, and professional service that makes it suitable for special occasions. While the restaurant has strong fundamentals and appealing presentation, it lacks the truly distinctive or premium elements that would elevate it to an 8+ score."
980,"The Ashford","Jersey City","Downtown Jersey City",nightlife,7,4.0,3.4,"trendy,modern,colorful-lighting,rooftop,bustling,lively,relaxed,social,birthday-friendly,date-spot,group-hangout,DJ-music","DJ mix (old and new hits)","The Ashford delivers a solid trendy experience with good cocktails, decent food specials, and a rooftop setting, but the mixed reviews (3.4 Yelp vs 4.0 Google) and moderate price point suggest it's good without being exceptional. The venue offers reliable vibes and atmosphere but lacks the premium polish or standout qualities needed for a higher score."
1768,"Chocolate Dip",LES,Manhattan,dining,7,4.6,4.0,"trendy,colorful,modern,sweet-focused,instagrammable,casual-dining,dessert-bar,late-night,vibrant,social","Pop,upbeat contemporary","Chocolate Dip offers a trendy dessert experience with strong visual presentation and modern decor, earning solid ratings across platforms. However, mixed reviews about the interior quality and the niche dessert-focused concept prevent it from reaching premium status."
1053,"Pin𝐤 𝐋𝕖๕Ỗภ𝓪𝓭𝓮 Lounge",London,,nightlife,7,4.5,0.0,"trendy,colorful,instagram-worthy,modern,chic,vibrant-lighting,cozy,spacious,pink-aesthetic,social,lively,upbeat","DJ sets,upbeat electronic","Pink Lemonade offers a modern, Instagram-worthy atmosphere with quality food and mocktails, earning strong Google reviews for its ambiance and presentation. However, mixed feedback about pricing practices and the confusing entrance/service approach prevents it from reaching premium status."
1834,nightmareonbeechst,"Long Beach","Queensway Bay",dining,7,4.8,0.0,"Halloween-themed,interactive,immersive,community-run,seasonal,thrilling,group-friendly,personalized,amateur-charming,family-operated,theatrical","Horror/ambient soundscapes","This is a well-executed seasonal haunted house attraction with strong community ties (run by first responders) and impressive execution despite being assembled quickly. The personalized group experience, talented actors, quality animatronics, and interactive entertainment while waiting elevate it above typical haunted attractions, though the relatively short duration and basic mall setting prevent it from reaching premium status."
1039,"Harmony Vineyards","Long Island",,dining,7,4.0,3.7,"Relaxed,Scenic,Vineyard,Outdoor,Wine Tasting,Casual,Inviting,Picturesque,Laid-back,Nature,Peaceful","Jazz,Blues","Harmony Vineyards offers a beautiful outdoor vineyard setting with scenic views and quality wine flights, creating a relaxed and inviting atmosphere perfect for casual visits. While the interior feels dated and the presentation could be improved, the overall experience is enhanced by the picturesque location and reasonable pricing at $37 per person."
1159,"Juniper at the Vanderbilt","Long Island",,dining,7,4.0,4.0,"upscale,contemporary,cozy,poolside-patio,vacation-vibes,romantic,date-night,family-friendly,conversation-friendly,relaxed,modern","soft background music","Juniper at the Vanderbilt offers a solid upscale dining experience with professional presentation, strong cocktails, and quality food in a contemporary setting with vacation-like patio vibes. However, service inconsistencies, execution issues (overcooked steak, dense waffles), and the lack of a truly distinctive or trendy atmosphere prevent it from reaching premium status."
624,jadeeatery,"Long Island","Forest Hills",dining,7,4.3,3.4,"trendy,modern,upscale-casual,vibrant,stylish,contemporary,sleek,atmospheric,social,dinner-focused,cocktail-friendly","lounge,contemporary,ambient","Strong visual appeal with upscale ambiance and modern design, plus solid Google ratings, but the significant gap between Yelp (3.4) and Google (4.3) ratings suggests inconsistent experiences. While the venue has premium aesthetics and good presentation, the mixed review patterns and moderate pricing keep it from reaching premium tier."
185,Kakes,"Long Island City","Long Island City",dining,7,4.7,4.3,"Cannabis-friendly,trendy,creative cocktails,dessert-focused,chill,welcoming,contemporary,unique experience,lively,Instagram-worthy,alternative,nightlife","Hip-hop,electronic,chill","Kakes offers a unique cannabis-friendly lounge experience with creative drink presentations and a lively atmosphere that sets it apart from typical venues. While the regular food is average, the infused offerings, solid service, and distinctive vibe make it a memorable destination worth visiting."
225,"Record Room","Long Island City","Long Island City",nightlife,7,4.2,4.2,"Speakeasy,Intimate,Trendy,Low-key,Cozy,Modern,Underground,Mature Crowd,Music-focused","House,Electronic,DJ Sets","Record Room offers a solid speakeasy experience with good drinks, excellent music/DJs, and an intimate atmosphere that attracts a mature crowd (30-40s). While the venue delivers on ambiance and presentation, the interior lacks distinctive character and the high drink prices ($22+ cocktails) don't fully justify the overall experience compared to premium establishments."
1913,extrabutter,"Long Island City","Long Island City",dining,7,4.1,3.2,"trendy,modern,streetwear,sneakerhead,boutique,clean,stylish,contemporary,upscale-casual","hip-hop,electronic,ambient","This trendy sneaker and streetwear boutique offers a modern, clean aesthetic with attentive staff and quality products, earning solid Google reviews. However, the lower Yelp rating and limited review volume suggest it hasn't fully established itself as a premium destination."
395,"La Lupa",Manalapan,,dining,7,4.6,4.1,"cozy,family-style,warm,lively,comfortable,approachable,intimate,neighborhood gem,casual elegance,welcoming","","La Lupa offers solid food quality and excellent service with passionate staff, but the ambiance and interior are fairly standard without standout design elements. The restaurant has a warm, approachable atmosphere that's comfortable and well-executed, though it lacks the unique or trendy factor needed for a higher score."
1944,"Ralph’s Coffee",Manhasset,,dining,7,4.2,4.1,"upscale-casual,sophisticated,modern,refined,trendy,polished,boutique,stylish,premium,Instagram-worthy,sleek,contemporary","ambient,soft jazz,contemporary instrumental","Ralph's Coffee offers a polished, upscale coffee experience with sophisticated interior design and premium presentation that elevates it above typical cafes. While the venue has strong visual appeal and quality offerings, inconsistent service policies and mixed outdoor seating prevent it from reaching premium tier status."
1849,1803,Manhattan,Manhattan,dining,7,4.5,4.2,"trendy,chic,relaxed,modern,inviting,professional,upscale-casual,Manhattan,stylish,contemporary,comfortable,accessible","jazz,blues,contemporary","Strong ratings (4.2-4.5 stars) and professional food presentation indicate solid quality, but reviews reveal inconsistent execution with underseasoned dishes and disappointing signature items like oysters. The chic modern atmosphere and trendy vibe elevate it above average, though it falls short of premium distinction due to culinary shortcomings."
1276,"1803 NYC",Manhattan,Manhattan,dining,7,4.5,4.2,"trendy,modern,upscale-casual,outdoor dining,Manhattan hotspot,seafood-focused,New Orleans-inspired,chic,professional,contemporary","jazz,blues","1803 NYC offers a trendy Cajun/Creole experience with strong ratings and professional presentation, but reviews indicate inconsistent execution with underseasoned dishes and disappointing signature items like oysters. The upscale ambiance and modern outdoor setup elevate it above average, though food quality issues prevent it from reaching premium status."
229,"420 Bar Lounge",Manhattan,Manhattan,lounge,7,4.5,3.2,"trendy,energetic,social,modern,celebratory,uptown,nightlife,brunch-friendly,lively,festive","upbeat pop,electronic","420 Bar Lounge offers a solid trendy atmosphere with good food presentation and energetic vibes, but the mixed review ratings (3.2 Yelp vs 4.5 Google) and standard modern interior prevent it from reaching premium status. The venue delivers on nightlife energy and brunch quality but lacks the unique or upscale elements needed for a higher score."
1080,"A Hidden Gem",Manhattan,Manhattan,nightlife,7,4.1,4.4,"modern,elegant,intimate,versatile,upscale-casual,trendy,clean,functional,accommodating,midtown,chandelier-lit,spacious","wireless surround sound system","While the venue offers a clean, modern space with elegant chandeliers and good functionality for events, it lacks the premium uniqueness and standout character expected for higher scores. The limited review base and basic presentation elements prevent it from reaching premium status despite positive feedback."
1115,"A.R.T Nomad",Manhattan,Manhattan,dining,7,4.1,3.7,"trendy,rooftop,Manhattan,stylish,modern,vibrant,sunset views,colorful,Instagram-worthy,upscale-casual,social,tourist-friendly","lounge,ambient electronic","A.R.T Nomad offers a stylish Manhattan rooftop experience with strong visual appeal and decent ratings, but reviews highlight mediocre drinks and inconsistent service that prevent it from reaching premium status. The trendy atmosphere and good location keep it solidly in the ""good but not special"" category."
29,"Ainsworth NYC",Manhattan,Manhattan,dining,7,3.9,3.0,"trendy,instagrammable,rooftop,modern,lively,upscale-casual,social,photogenic,manhattan,nightlife,brunch-spot,skyline-views","upbeat,contemporary hits","Ainsworth NYC delivers a visually stunning, Instagram-worthy atmosphere with excellent cocktails and an attractive rooftop, making it a solid choice for those prioritizing ambiance and social media appeal. However, inconsistent service, operational issues, and mixed food quality reviews prevent it from reaching premium status despite its upscale presentation."
2160,Ambra,Manhattan,Manhattan,dining,7,4.3,4.2,"authentic,traditional,romantic,intimate,welcoming,cozy,neighborhood gem,classic,elegant,family-friendly","soft jazz","Ambra delivers solid authentic Italian cuisine with excellent service and thoughtful presentation touches, but operates more as a well-executed neighborhood Italian restaurant than a destination dining experience. The traditional decor and consistent execution make it reliable and charming, though it lacks the distinctive atmosphere or innovative elements that would elevate it to premium status."
280,"Angelina’s",Manhattan,Manhattan,dining,7,4.5,3.3,"cozy,neighborhood,bakery,casual,friendly,modern,organized,fresh,approachable,local,sweet,comfortable","soft jazz,acoustic,ambient","Despite mixed Yelp ratings, Angelina's shows strong Google reviews and appealing bakery displays that create a modern, welcoming atmosphere. The fresh pastries, organized presentation, and positive customer experiences indicate a solid neighborhood spot that exceeds expectations."
1338,AnnTremet,Manhattan,Manhattan,dining,7,4.4,4.3,"charming,colorful,professional,trendy,inviting,classic,bakery,custom-focused,family-friendly,celebration-ready","soft instrumental,ambient,none","AnnTremet offers excellent custom cake services with beautiful presentation and solid ratings, making it a reliable choice for special occasions. However, the basic interior design and some service inconsistencies (like missing candles and presentation not matching website) prevent it from reaching premium status."
1124,"Apotheke Nomad",Manhattan,Manhattan,dining,7,4.2,3.6,"Speakeasy,Modern,Sophisticated,Trendy,Rooftop,Manhattan Views,Date Night,Cocktail-Focused,Hidden Entrance,Professional Crowd,Instagram-Worthy,Mixology","Ambient/Background (inconsistent)","While the venue has excellent presentation, modern interior design, and innovative cocktails with a rooftop view, the consistently poor service and staff training issues significantly detract from the overall experience. The mixed reviews highlighting service problems and lack of proper ambiance (poor music/sound) prevent this from reaching premium status despite its visual appeal."
859,"Arca Restaurant",Manhattan,Manhattan,dining,7,4.5,3.7,"Historic,Romantic,Date Night,Family-Friendly,Trendy,Spacious,Well-Lit,Comfortable,Stylish,Church Conversion","Background Contemporary","Arca offers a solid dining experience with beautiful historic architecture (converted church with stained glass), good food quality, and attentive service that creates a pleasant upscale-casual atmosphere. While the venue has nice ambiance and presentation, it lacks the truly unique or premium elements that would elevate it to the 8+ tier."
2187,"Arlo Nomad Rooftop",Manhattan,Manhattan,dining,7,4.1,3.8,"rooftop,trendy,manhattan,sunset,city-views,stylish,modern,upscale-casual,social,instagram-worthy,outdoor,skyline","lounge,ambient,contemporary","While the rooftop setting and trendy atmosphere create a solid upscale vibe, the mediocre drink quality, poor presentation, and mixed service experience prevent it from reaching premium status. The venue has good bones with its Manhattan rooftop location and stylish ambiance, but execution falls short of the 8+ tier."
2149,Artesano,Manhattan,,dining,7,4.6,0.0,"upscale,trendy,modern,stylish,cozy,intimate,clubby,loud,date-night,Instagram-worthy","DJ sets,electronic,upbeat","While Artesano delivers on ambiance and presentation with strong photo analysis scores and upscale modern design, the mixed reviews reveal execution issues particularly with service consistency and some dishes falling short of expectations. The venue has potential but shows signs of inexperience that prevent it from reaching premium status."
1521,"Artisano Peruvian Cuisine",Manhattan,Manhattan,dining,7,4.6,0.0,"upscale,trendy,modern,lush,stylish,cozy,clubby,loud,Instagram-worthy,date night,energetic","electronic,DJ sets,dance","While the restaurant offers stunning visuals, upscale ambiance, and excellent appetizers, the execution falters with inconsistent entrees, poor service timing, and an overly loud clubby atmosphere that disrupts the dining experience. The mixed reviews highlight both the venue's potential and its current operational shortcomings."
34,"Aunt Jake's",Manhattan,Manhattan,dining,7,4.5,4.4,"Interactive,Educational,Cozy,Homey,Date Night,Birthday Spot,Hands-On,Intimate,Neighborhood Gem,Experience-Driven,Wine Friendly","Italian,Acoustic,Ambient","Aunt Jake's offers a unique and engaging pasta-making experience combined with quality Italian dining, creating memorable occasions that go beyond typical restaurant visits. While the ambiance is somewhat basic, the interactive element and consistently excellent reviews for both food and experience elevate it above standard dining spots."
1984,"Avant Garden",Manhattan,Manhattan,dining,7,4.6,4.4,"cozy,trendy,stylish,modern,vintage-inspired,polished,intimate,cocktail-focused,plant-based,Manhattan,date-friendly,sophisticated","ambient electronic,indie pop","Avant Garden offers a solid trendy dining experience with strong ratings, excellent cocktails, and professional food presentation in a cozy-stylish setting. However, the mixed food reviews and lack of truly standout unique elements keep it from reaching premium status."
2143,"Azul On The Rooftop",Manhattan,Manhattan,dining,7,4.0,3.2,"rooftop,city_views,trendy,chic,modern,upscale,artsy,stylish,cocktail_focused,instagram_worthy","lounge,ambient","While the venue boasts excellent ambiance with stunning Manhattan views and chic decor, service issues and pricing inconsistencies (especially around happy hour) detract from the overall experience. The strong visual appeal and unique rooftop setting elevate it above average, but operational shortcomings prevent it from reaching premium status."
169,"Baby Grand",Manhattan,Manhattan,nightlife,7,4.9,4.3,"Karaoke,Retro,Welcoming,LGBTQ+ Friendly,Broadway,Performance,Social,Intimate,Nightlife,Fun,Community","Karaoke,Broadway,Pop","Baby Grand offers a solid karaoke experience with consistently positive reviews praising the welcoming atmosphere, skilled staff, and fun entertainment including Broadway performers. While it has great vibes and strong ratings, the slightly dated interior and standard karaoke bar setup prevent it from reaching premium status."
62,"Baby Grand LES",Manhattan,Manhattan,nightlife,7,4.9,4.4,"karaoke,welcoming,trendy,cozy,entertaining,social,broadway-style,intimate,friendly,lively","karaoke,broadway","Baby Grand LES delivers a solid karaoke experience with excellent ratings and enthusiastic reviews highlighting the welcoming atmosphere and quality entertainment. While the venue creates a fun, engaging environment with good service, the slightly dated interior elements and cozy scale prevent it from reaching premium territory."
219,Backstage,Manhattan,Manhattan,nightlife,7,4.8,3.3,"speakeasy,intimate,cozy,vintage,low-lit,classic,hidden,underground,cocktail-focused,authentic,neighborhood,relaxed",jazz,"This speakeasy offers a solid experience with its hidden entrance through a market, intimate atmosphere, and quality cocktails, earning strong Google reviews. However, the mixed review scores, casual food presentation in baskets, and somewhat dated interior prevent it from reaching premium territory."
380,"Bar Après",Manhattan,Manhattan,nightlife,7,4.7,3.9,"cozy,classic,lively,trendy,social,authentic,polished,bustling,inviting,eclectic","Irish traditional","Bar Après delivers a solid experience with its cozy Irish pub atmosphere, quality cocktails, and authentic fare, earning strong Google reviews that highlight excellent service and ambiance. While the venue offers a polished and inviting environment with good food and drinks, it falls into the ""good but not special"" category without the premium uniqueness needed for a higher score."
173,"Bar Calico",Manhattan,Manhattan,lounge,7,4.5,3.8,"intimate,cozy,speakeasy,upscale,trendy,warm lighting,hotel bar,tequila-focused,dim,tucked away,professional",ambient/lounge,"Bar Calico offers a solid upscale hotel bar experience with professional presentation and decent cocktails, but the exclusively tequila-based menu and mixed guest reactions prevent it from reaching premium status. While it has good ambiance and service, it lacks the uniqueness and consistent wow factor needed for higher scores."
2121,"Bar Primi",Manhattan,Manhattan,lounge,7,4.4,3.8,"trendy,casual-dining,neighborhood-spot,pasta-focused,indoor-outdoor,manhattan,bowery,date-friendly,group-dining",background-music,"Bar Primi offers solid Italian cuisine with strong food quality and generally good service, but the mixed reviews highlight inconsistent hospitality that prevents it from reaching premium status. While the ambiance and presentation are appealing, the service issues and moderate price point place it in the good-but-not-special category."
2062,"Beetle House",Manhattan,Manhattan,nightlife,7,4.0,3.6,"themed,theatrical,quirky,entertaining,gothic,whimsical,interactive,immersive,trendy,Instagram-worthy,performative,unique","theatrical,ambient","Beetle House offers a highly unique Tim Burton-themed dining experience with entertaining performances and well-presented food, creating a memorable and Instagram-worthy atmosphere. While the concept is distinctive and the execution appears solid, the moderate review scores (3.6-4 stars) and mixed feedback on portion sizes prevent it from reaching premium territory."
1584,"Bello and Angelo",Manhattan,Manhattan,dining,7,4.8,4.1,"modern,trendy,quality-focused,fresh ingredients,casual dining,wine bar,cocktail bar,Manhattan,neighborhood spot,pizza-centric,relaxed,contemporary","contemporary pop,light jazz","While the venue shows strong presentation quality and decent ratings, the significant disparity between Google (4.8) and Yelp (4.1) ratings suggests inconsistent experiences, and the interior scoring only 6/10 indicates it lacks the premium atmosphere expected for higher scores. The focus on quality pizza and modern vibe places it solidly in the ""good but not special"" category."
1484,"Blend Lounge NYC",Manhattan,"Richmond Hill",nightlife,7,4.0,4.4,"Modern,Trendy,Social,Birthday-Friendly,Groups,Manhattan,Hookah Lounge,Night Out,Celebratory,Ambient Lighting","Hip-hop,Electronic,Middle Eastern","Blend Lounge shows strong potential with modern design elements and upscale lighting in some areas, but inconsistent presentation across spaces prevents it from reaching premium status. The solid ratings and Manhattan location support its viability, though service issues mentioned in reviews suggest room for improvement."
1290,"Bogey's",Manhattan,"",dining,7,4.6,3.6,"outdoor-dining,event-friendly,family-friendly,brunch-spot,romantic,seasonal-themes,wedding-venue,relaxed,upscale-casual,trendy,intimate","","Bogey's delivers a solid experience with its appealing outdoor ambiance, theme nights, and strong reputation for events like weddings and brunches, backed by consistently positive reviews. While the food presentation and indoor space are more basic, the overall package of atmosphere, service quality, and versatility for different occasions elevates it above average."
2127,"Butler Bakery",Manhattan,Manhattan,dining,7,4.6,4.3,"trendy,modern,clean,stylish,cozy,Instagram-worthy,health-conscious,artisanal,welcoming,neighborhood","indie pop,acoustic,ambient","Butler Bakery offers a solid trendy breakfast/brunch experience with modern aesthetics and quality food presentation, earning strong Google reviews for items like yogurt bowls and avocado toast. However, it's ultimately a bakery/cafe concept that, while well-executed, doesn't reach premium or truly unique territory."
2105,"Butterdose Cafe",Manhattan,Manhattan,dining,7,4.7,4.2,"cozy,trendy,artisanal,welcoming,instagram-worthy,specialty-focused,neighborhood-gem,dessert-lovers,warm-atmosphere,modern-casual,boutique-style","ambient,light pop","Butterdose Cafe offers beautifully presented specialty puffs with excellent service and a warm atmosphere, earning strong Google reviews and catering to dietary restrictions. While the interior is modest, the focus on artisanal pastries and trendy presentation creates a memorable experience for dessert enthusiasts."
1933,Cadence,Manhattan,Manhattan,dining,7,4.4,4.2,"trendy,cozy,neighborhood,plant-based,innovative,welcoming,eclectic,candlelit,music-focused,inclusive,creative,community","curated playlists,eclectic","Cadence offers exceptional vegan soul food with outstanding service and thoughtful details like playlist curation and allergy accommodation, earning strong reviews for both food quality and hospitality. While the restaurant has a stylish atmosphere and unique concept, the sidewalk seating and bike shop noise suggest a more neighborhood-focused rather than premium dining experience."
1508,"Candle Cafe",Manhattan,Manhattan,dining,7,4.7,4.6,"Cozy,Modern,Clean,Health-Conscious,Plant-Based,Welcoming,Professional,Relaxed,Upscale-Casual,Instagram-Worthy","Ambient,Light Jazz","Candle Cafe delivers excellent vegan cuisine with professional service and a clean, modern atmosphere that elevates casual dining. While the food and service are exceptional based on reviews, the overall vibe remains more upscale-casual than truly premium."
1008,"Capital One Café - 59th & Lex",Manhattan,Manhattan,dining,7,4.1,4.2,"Modern,Professional,Spacious,Banking-Café Hybrid,Contemporary,Clean,Convenient,Corporate,Study-Friendly,Weekend Hangout,High Ceilings,Multiple Seating Areas",Background/Ambient,"Capital One Café offers a polished, modern banking-café hybrid experience with good ratings and premium amenities like half-price drinks for cardholders. While it's well-executed and convenient, it's ultimately a corporate chain concept that lacks the unique character or culinary excellence of truly exceptional venues."
660,"Carnegie Deli",Manhattan,Manhattan,dining,7,4.5,4.8,"casual-dining,family-friendly,tourist-friendly,comfort-food,generous-portions,efficient-service,neighborhood-spot,breakfast-focused,vegetarian-options,park-adjacent,queue-worthy,satisfying",background/ambient,"Carnegie Deli delivers solid comfort food with generous portions and efficient service in a prime Manhattan location, earning strong reviews for their breakfast items and accommodating both vegetarians and meat-eaters. While the food quality and service are consistently praised, the overall experience feels more like a reliable neighborhood spot rather than a destination with unique character or premium ambiance."
98,"Champagne Problems",Manhattan,Manhattan,nightlife,7,3.4,3.2,"whimsical,trendy,eclectic,Instagram-worthy,themed,intimate,creative,artistic,modern,playful","Pop,Taylor Swift","While the venue offers exceptional ambiance and whimsical decor that creates a memorable experience, the lower review ratings (3.2-3.4 stars) and mixed feedback on pricing prevent it from reaching premium status. The unique Taylor Swift theme and striking presentation earn it a solid good rating despite not being universally acclaimed."
2030,"Cheeky Sandwiches",Manhattan,Manhattan,dining,7,4.6,4.1,"hidden-gem,casual,authentic,neighborhood-favorite,laid-back,quirky,local-spot,unpretentious,cozy,artistic,hole-in-the-wall",Background/ambient,"Despite the unassuming exterior and casual atmosphere, this hidden gem delivers exceptional food quality that creates a memorable experience worth seeking out. The combination of outstanding sandwiches, friendly service, and authentic neighborhood charm elevates it above typical casual dining."
46,"Chelsea Market",Manhattan,Manhattan,dining,7,4.6,4.3,"#industrial #historic #eclectic #bustling #touristy #foodhall #artisanal #authentic #diverse #familyfriendly #iconic","Ambient/background music","Chelsea Market offers a unique industrial-chic atmosphere in a historic Nabisco factory with diverse dining and shopping options, making it a memorable NYC destination. While it's a solid tourist attraction with good variety, it's more of a food hall than a premium dining experience."
1685,"City Vineyard",Manhattan,Manhattan,dining,7,4.3,4.0,"waterfront,scenic views,rooftop dining,relaxed upscale,group-friendly,dog-friendly,rustic charm,natural light,multi-level,spacious,date night","ambient,light jazz","City Vineyard offers a beautiful waterfront setting with stunning views and solid Mediterranean cuisine, making it a reliable choice for special occasions and group gatherings. While the venue has charm and good service, it lacks the premium polish or unique character that would elevate it to truly exceptional status."
1372,Cobblefish,Manhattan,Manhattan,dining,7,4.5,4.2,"waterfront,outdoor dining,casual chic,pier setting,string lights,umbrella seating,relaxed,trendy,social,scenic views,summer vibes","live music events,salsa nights","Cobblefish offers a solid waterfront dining experience with good ratings and a trendy outdoor setting, but inconsistent service and basic food preparation issues (shell in lobster roll) prevent it from reaching premium status. The casual pier location and mixed service experiences place it in the good-but-not-special category."
2039,"Cuts and Slices",Manhattan,Manhattan,dining,7,4.5,4.3,"Caribbean fusion,inventive flavors,casual dining,local favorite,creative menu,warm staff,music-focused,neighborhood gem,unique concept,laid-back,specialty slices","Early 2000s remixes,hip-hop","Despite the basic interior design, this pizza joint earns points for its unique Caribbean fusion concept, strong reviews praising inventive flavors, and the staff's warm hospitality creating an enjoyable dining experience. The creative oxtail and curry pizza offerings combined with the fun early 2000s music atmosphere elevate it above standard pizza places."
622,"Datz Deli",Manhattan,Manhattan,dining,7,4.7,4.2,"#viral #familyowned #trendy #authentic #guyanese #fusion #patties #smallspace #colorful #homestyle #cultural #innovative","Caribbean,Hip-Hop","Datz Deli has achieved viral fame and cult following for their innovative Guyanese fusion patties, with strong family ownership and authentic cultural roots that create a genuinely trendy experience. While the space is small and casual, the unique concept, strong reviews (4.7 Google), and influencer-worthy food offerings elevate it above typical delis."
1425,"Django Jazz",Manhattan,Manhattan,nightlife,7,4.1,3.7,"intimate,artistic,cozy,trendy,dimly-lit,vintage,sophisticated,romantic,upscale-casual,performance-focused","jazz,blues,live music","Django Jazz offers a solid jazz experience with good cocktails and intimate atmosphere, but falls short of premium status due to business-oriented approach and short performance duration. The venue delivers on ambiance and presentation but lacks the exceptional quality needed for higher scoring."
2284,"Drink Up",Manhattan,Manhattan,nightlife,7,4.5,4.2,"Underground,Cozy,Historic,Intimate,Date Night,Trendy,Classic,Nostalgic,Warm Lighting,Cocktail Focused","Jazz,Acoustic","Drink Up offers a solid cocktail experience with good ratings, historical charm, and quality drinks in a cozy underground setting. While it has appealing elements like anniversary menus and interesting seasoning options, the limited food offerings and small portions for the price prevent it from reaching premium status."
2191,"Drink Up in NYC",Manhattan,Manhattan,nightlife,7,4.5,4.2,"underground,vintage,cozy,intimate,trendy,historic,creative cocktails,date night,anniversary,reservation recommended,small plates,craft drinks","none specified","This underground cocktail bar offers a solid experience with creative drinks, cozy atmosphere, and interesting history, but the vintage decor feels more quirky than premium. The limited food options (just popcorn and small charcuterie) and mixed interior quality prevent it from reaching upscale status."
2210,"Ebi-ayo Supper",Manhattan,Manhattan,dining,7,5.0,3.9,"intimate,cozy,event-friendly,elegant,spacious,professional-service,group-dining,reunion-spot,private-dining,welcoming,accommodating,personalized","curated/live performances","This venue excels as an event space with excellent hospitality and service, making it ideal for private gatherings and special occasions. However, the limited reviews and unclear regular dining operations prevent it from reaching premium status."
1001,"Ebi-ayo Supper Club",Manhattan,Manhattan,lounge,7,5.0,3.9,"upscale,elegant,intimate,event-friendly,professional,warm,trendy,spacious,artistic,sophisticated","jazz,ambient","Ebi-ayo Supper Club offers a solid upscale dining experience with excellent presentation and professional service, as evidenced by the elegant food plating and glowing event hosting reviews. However, the mixed Google/Yelp ratings (5★ vs 3.9★) and somewhat dated exterior suggest inconsistency that prevents it from reaching premium territory."
1407,"El Rio Grande",Manhattan,Manhattan,dining,7,4.2,3.4,"vibrant,festive,colorful,lively,trendy,welcoming,casual-upscale,Latin-inspired,social,relaxed","Latin,upbeat ambient","El Rio Grande offers a solid dining experience with strong cocktails, fresh food, and a vibrant Latin atmosphere that creates a fun, welcoming environment. While the venue has good ambiance and presentation, it falls into the ""good but not special"" category - enjoyable but lacks the premium uniqueness needed for a higher score."
175,"Euphoria Brunch",Manhattan,,dining,7,4.7,4.6,"cozy,welcoming,trendy,relaxed,modern,health-conscious,inclusive,community-focused,laid-back,clean","indie,acoustic,chill","Euphoria Brunch delivers a solid vegan brunch experience with excellent ratings (4.6-4.7 stars) and consistently praised food quality, particularly their matcha and homemade pastries. While the atmosphere is cozy and welcoming with good presentation, it lacks the premium uniqueness or upscale elements that would elevate it to an 8+ score."
2022,FIELDTRIP,Manhattan,Manhattan,dining,7,4.5,3.8,"trendy,modern,bright,cozy,welcoming,healthy,fresh,clean,neighborhood,fusion,casual-upscale,Harlem","Caribbean,reggae,afrobeat","FieldTrip offers a solid neighborhood dining experience with healthy, well-prepared Caribbean-fusion cuisine in a clean, welcoming environment that attracts positive customer feedback. While the food quality and service are consistently good, the venue lacks the premium atmosphere or unique elements that would elevate it to an exceptional destination."
2040,"Fig 19",Manhattan,Manhattan,nightlife,7,4.4,4.1,"Speakeasy,Art Gallery,Modern,Trendy,Intimate,Relaxed,Social,Date Spot,Upscale Casual","DJ Sets,70s/80s,Karaoke-Style Sing-Alongs","Fig 19 offers a solid speakeasy experience with good cocktails and trendy atmosphere, but the inconsistent music programming (switching from sophisticated vibes to karaoke-style sing-alongs) and relatively basic interior elements prevent it from reaching premium status. The venue has potential but lacks the refinement and consistency expected at higher levels."
1670,"Flippers Pancakes",Manhattan,Manhattan,dining,7,4.3,3.9,"trendy,modern,casual,bright,clean,Instagram-worthy,cozy,welcoming,popular,bustling,relaxed","soft background music","Flippers Pancakes offers a solid experience with excellent soufflé pancakes and modern presentation, earning strong ratings across platforms. However, it's ultimately a pancake-focused casual dining spot that, while trendy and well-executed, lacks the premium uniqueness or upscale atmosphere needed for a higher score."
58,Fornino,Manhattan,Greenpoint,dining,7,4.6,4.1,"neighborhood-favorite,wood-fired,rustic-modern,laid-back,cozy,backyard-dining,local-staple,brick-decor,plant-accented","","Fornino delivers solid execution with wood-fired pizza, good service, and a comfortable neighborhood atmosphere that encourages repeat visits. While it's well-regarded locally with strong reviews, it lacks the distinctive character or premium elements that would elevate it to a truly special destination."
2246,"Fried Catfish",Manhattan,Manhattan,dining,7,4.5,4.2,"casual,comfort-food,community,friendly,authentic,no-frills,local-favorite,welcoming,unpretentious,hearty,cash-only,neighborhood-gem","","Despite basic interior and casual atmosphere, the exceptional food quality and outstanding hospitality create a memorable dining experience that delivers well above expectations. The strong community feel and rave reviews from visitors elevate it beyond typical casual dining."
2156,Fumo,Manhattan,,dining,7,4.5,0.0,"cozy,vibrant,intimate,welcoming,trendy,relaxed,corner-spot,neighborhood-gem,social,feel-good,authentic,comfortable","","Fumo delivers solid Italian cuisine with exceptional service and a cozy-vibrant atmosphere that creates memorable dining experiences. While the food quality and ambiance are consistently praised, it falls into the ""good but not special"" category as a neighborhood Italian spot rather than a truly unique or premium destination."
2036,"Funny Face Bakery",Manhattan,Manhattan,dining,7,4.4,4.3,"playful,quirky,colorful,creative,warm,cozy,Instagram-worthy,novelty,artisanal,sweet,whimsical,fun","indie pop,upbeat acoustic","Funny Face Bakery offers a unique, playful concept with creative decorated cookies and solid ratings, but the high prices ($7-13 per cookie) aren't fully justified by the quality or ambiance. The quirky vibe and warm cookies create a memorable experience, though it leans more novelty than premium."
1183,"Game Bar",Manhattan,Manhattan,nightlife,7,4.6,3.7,"#Gaming #Retro #Neon #Community #Casual #Modern #Tech #Social #Energetic #Trendy","Electronic,Gaming Soundtracks","This gaming lounge offers a unique and trendy concept with modern gaming setups, quality service, and a vibrant atmosphere that creates a distinctive experience. While it's casual in nature, the professional presentation, quality equipment, and positive community vibe elevate it above typical gaming venues."
1910,"Ghirardelli Chocolate & Ice Cream Shop",Manhattan,Manhattan,dining,7,4.3,4.0,"Sweet,Family-Friendly,Tourist-Spot,Colorful,Chain,Nostalgic,Accessible,Traditional",Background/Ambient,"While Ghirardelli delivers solid execution with good presentation and a pleasant chocolate shop atmosphere, it's essentially a chain location that lacks the unique character or premium experience needed for higher scoring. The positive reviews highlight good service and classic offerings, but nothing suggests this rises above a well-executed standard chocolate retail experience."
1654,"Grinchy’s at Roberta’s",Manhattan,Bushwick,dining,7,4.3,0.0,"trendy,casual,rooftop,urban,relaxed,chic,modern,friendly","indie,alternative","Roberta's offers solid pizza and Italian fare with standout appetizers and good service, making it a reliable choice for casual dining. While the food quality is good and the staff receives high praise, it lacks the unique or premium elements that would elevate it to a higher tier."
1998,Gyukaku,Manhattan,Manhattan,dining,7,4.5,4.0,"Interactive dining,group-friendly,lively,trendy,social,AYCE,grilling experience,modern casual,entertaining,bustling","Contemporary pop,light electronic","Gyukaku offers a solid AYCE BBQ experience with good food quality and an entertaining interactive dining concept, though service inconsistencies and average interior design prevent it from reaching premium status. The strong ratings and reasonable pricing make it a reliable choice for group dining, but it lacks the refinement or uniqueness to be truly special."
685,H0L0,Manhattan,Ridgewood,nightlife,7,4.3,3.6,"Underground,industrial,energetic,niche,techno-focused,rave culture,late-night,electronic music scene,minimalist,warehouse aesthetic,dance-heavy,intimate","Techno,electronic,house","Despite the basic interior and minimal decor, H0L0 delivers a solid underground electronic music experience with great energy and atmosphere that resonates with its target audience. The strong Google rating (4.3★) and enthusiastic reviews about the techno scene and overall vibe elevate it above mediocre, though it lacks the premium elements for a higher score."
95,"Heineken Riverdeck",Manhattan,Manhattan,dining,7,4.5,3.6,"waterfront,semi-outdoor,trendy,Manhattan,bridge-views,lounge,date-spot,social,modern,relaxed","lounge,ambient","The venue offers a solid waterfront experience with great Brooklyn Bridge views and a trendy semi-outdoor setting, but the mixed reviews (3.6 Yelp vs 4.5 Google) and complaints about noise/crowds suggest inconsistent execution. While the ambiance and location are strong, it falls into the ""good but not special"" category rather than premium tier."
96,HeyTea,Manhattan,Manhattan,dining,7,4.7,4.5,"modern,trendy,efficient,energetic,Instagram-worthy,premium-casual,fast-paced,matcha-focused,sleek,busy","Contemporary Pop,Lo-fi","HeyTea delivers a polished, modern bubble tea experience with exceptional drink quality and efficient service that stands out in NYC's competitive market. While it's primarily a takeout-focused spot rather than a destination venue, the premium presentation, strong ratings, and enthusiastic customer loyalty earn it solid recognition."
1958,"Hotel Hennes NYC",Manhattan,Manhattan,dining,7,4.4,4.0,"modern,minimalistic,upscale,trendy,clean,bright,professional,welcoming,spacious,convenient,central,business-friendly","","Hotel Hennes NYC offers a solid upscale experience with excellent service, spacious rooms, and a prime Manhattan location that guests consistently praise. While the modern minimalistic design and professional hospitality create a pleasant stay, the overall experience lacks distinctive character that would elevate it to premium status."
1793,"Industry Kitchen",Manhattan,Manhattan,dining,7,4.3,3.8,"waterfront,scenic views,relaxed,trendy,outdoor seating,cocktails,Hudson River,casual dining,Instagram-worthy,date spot,social,Manhattan","Contemporary Pop,Lounge","Industry Kitchen offers a compelling waterfront dining experience with beautiful Hudson River views and a relaxed yet polished atmosphere that elevates casual dining. While the food receives mixed reviews (stronger on drinks than cuisine), the exceptional location, consistent service, and scenic ambiance create a memorable experience worth seeking out."
2031,"Infused Ice Cream Spot",Manhattan,Manhattan,dining,7,4.6,4.5,"trendy,creative,casual,fun,unique,artisanal,instagram-worthy,relaxed,sweet-tooth,experimental,boozy-treats","indie pop,chill electronic","This ice cream spot offers a unique concept with alcohol-infused flavors and strong presentation quality, earning solid 4.5-4.6 star ratings across platforms. While the interior feels basic and could use updates, the creative offerings and fun atmosphere make it a good but not exceptional destination."
1369,Jalao,Manhattan,Manhattan,dining,7,4.2,3.6,"vibrant,lively,colorful,trendy,energetic,modern,family-friendly,upscale-casual,festive,social","Latin,reggaeton,salsa","Jalao delivers a vibrant Dominican dining experience with excellent food quality and lively atmosphere, but service inconsistencies (particularly with bottomless mimosas) and mixed reviews prevent it from reaching premium status. The modern upscale presentation and strong Google rating of 4.2 keep it solidly in the ""good but not special"" category."
1296,"Jasmine’s Caribbean Cuisine",Manhattan,Manhattan,dining,7,4.4,4.2,"cozy,inviting,lively,festive,energetic,rustic,warm,colorful,memorable","Caribbean,Reggae,Soca","Jasmine's offers a solid Caribbean dining experience with good ratings (4.2-4.4 stars), appealing ambiance, and lively atmosphere that creates a memorable gathering spot. While the food quality shows some inconsistency and menu clarity issues, the overall experience with warm hospitality, energetic vibe, and unique flavors keeps it in the good-but-not-premium category."
864,"Karla Restaurant",Manhattan,Manhattan,dining,7,4.8,3.9,"Stylish,Modern,Upscale-Casual,Inviting,Professional,Group-Friendly,Date-Night,Cozy,Elegant","Background Contemporary","Karla Restaurant presents a solid upscale-casual dining experience with stylish modern interiors and consistently positive feedback for food quality and service. While it demonstrates good execution across ambiance and presentation, the significant rating discrepancy between Yelp (3.9) and Google (4.8) suggests inconsistency that prevents it from reaching premium status."
22,"King's Hawaiian",Manhattan,,dining,7,4.6,4.0,"Family-friendly,Authentic Hawaiian,Warm hospitality,Comfort food,Casual dining,Nostalgic,Welcoming,Local favorite,Unpretentious,Community feel","Hawaiian,Soft background","King's Hawaiian delivers authentic Hawaiian hospitality with excellent food quality (particularly the fresh dinner rolls and Korean short ribs) and genuinely warm service that creates a memorable experience. While the casual atmosphere and straightforward presentation prevent it from reaching premium status, the consistent positive reviews and unique Hawaiian comfort food make it a solid choice above average."
425,Kjun,Manhattan,Manhattan,dining,7,4.9,4.5,"Cozy,Intimate,Cultural-Fusion,Creative,Welcoming,Neighborhood-Gem,Innovative,Comfort-Food,Small-Plates",None,"Kjun offers a unique Korean-Cajun fusion concept with exceptional reviews (4.9 Google stars) and clearly delivers high-quality, creative dishes that create memorable dining experiences. While the ambiance is cozy and intimate rather than upscale, the innovative cuisine, knowledgeable staff, and family-style dining format elevate it above standard casual dining."
1491,"Kyma Hudson Yards",Manhattan,Manhattan,dining,7,4.4,4.1,"Upscale dining,celebration-friendly,modern Greek,trendy,spacious,group-friendly,occasion dining,Manhattan hotspot,cocktail scene,date night,business dining,Hudson Yards","DJ booth mentioned - likely contemporary/house","Kyma Hudson Yards delivers a solid upscale Greek dining experience with strong food presentation and good service, making it suitable for celebrations and special occasions. However, the ambiance and interior scores suggest it lacks the premium wow factor needed for a higher rating, with some reviewers noting energy varies by seating location."
885,"La Caverna",Manhattan,Manhattan,dining,7,4.1,3.3,"Cave-themed,Trendy,Adventurous,Moody,Instagram-worthy,Unique,Modern,Atmospheric,Date-friendly,Group-friendly","Latin,Ambient","La Caverna offers a genuinely unique cave-themed interior that creates a memorable and Instagram-worthy dining experience, elevating it above typical tapas spots. While the food presentation is basic and reviews are mixed on platforms, the distinctive ambiance and trendy atmosphere make it a solid choice for those seeking something different."
1436,"Le Petit",Manhattan,Manhattan,dining,7,4.6,3.4,"trendy,stylish,intimate,west-village,brunch-spot,date-friendly,group-dining,two-level,greenery,brick-exterior,modern-tableware","ambient,light background","Le Petit offers a stylish West Village atmosphere with beautiful interior design and solid service, making it a pleasant brunch and drinks destination. However, the food is described as ""decent"" rather than extraordinary, and the significant rating disparity between platforms suggests inconsistent experiences."
1123,"Lighthouse Rooftop",Manhattan,"Long Island City",dining,7,4.1,3.7,"rooftop,manhattan views,stylish,trendy,lively,modern,sophisticated,outdoor seating,upscale casual,date spot,group dining,instagram-worthy","lounge,ambient","While the venue has excellent ambiance and Manhattan rooftop views, the inconsistent service quality and mixed reviews prevent it from reaching premium status. The strong visual appeal and upscale atmosphere are undermined by operational issues that impact the overall experience."
1899,"Lillie's Victorian",Manhattan,Manhattan,dining,7,4.3,3.9,"Victorian,Themed,Theatrical,Ornate,Seasonal Decor,Cocktail-Focused,Tourist-Friendly,Instagram-Worthy,Eclectic,Vintage-Modern,Festive",Background/Ambient,"While Lillie's Victorian offers exceptional ambiance with elaborate themed decor and strong cocktails, the food quality is consistently mediocre with multiple reviews noting bland flavors and temperature issues. The venue succeeds as a themed cocktail destination but falls short of premium dining standards despite its upscale presentation."
1181,"Little Charlie NYC",Manhattan,Manhattan,dining,7,4.9,4.7,"cozy,rustic,neighborhood,casual,charming,laid-back,intimate,friendly,authentic,date-night","","Little Charlie NYC delivers excellent pizza with outstanding ratings (4.7-4.9 stars) and passionate customer reviews highlighting quality ingredients and memorable experiences. While the ambiance is cozy and charming, the rustic/dated interior and straightforward presentation keep it from reaching premium territory."
1119,Lohi,Manhattan,"East Williamsburg",dining,7,4.4,4.0,"rooftop,trendy,modern,casual-chic,city-views,string-lights,social,contemporary,relaxed,vibrant","ambient electronic","This rooftop cocktail bar offers a trendy atmosphere with city views and modern design that creates a memorable social experience. However, the automatic gratuity issue and limited review sample prevent it from reaching premium status despite solid ratings."
1657,"Loreley Restaurant",Manhattan,Manhattan,dining,7,4.2,3.6,"beer-garden,oktoberfest,rustic,festive,lively,communal,authentic,seasonal,traditional,outdoor-seating","folk,german-traditional","Loreley offers a solid German beer garden experience with strong visual presentation and festive atmosphere, earning decent ratings across platforms. However, inconsistent service quality and food safety concerns from reviews prevent it from reaching premium status."
116,"Los Tacos No. 1",Manhattan,Manhattan,dining,7,4.8,4.6,"authentic,bustling,casual,trendy,no-nonsense,fast-paced,standing-only,street-style,local-favorite,late-night,grab-and-go,unpretentious","","Los Tacos No. 1 delivers authentic, high-quality Mexican street food with exceptional flavors that create an addictive dining experience, despite its no-frills standing-room-only setup. The combination of outstanding food quality, efficient service, and bustling energy makes it a trendy destination that transcends typical fast-casual expectations."
1118,"Lost In Paradise",Manhattan,"Long Island City",dining,7,4.7,3.9,"trendy,scenic views,brunch spot,entertainment,family-friendly,social,lively,bottomless drinks,hookah lounge,celebration venue","DJ sets,upbeat","Lost In Paradise offers a solid upscale brunch experience with great views, strong drinks, and entertainment, making it a good choice for celebrations and group outings. However, the mixed review ratings (3.9 Yelp vs 4.7 Google) and casual elements like being ""kid friendly"" prevent it from reaching premium status."
223,"Lounge at Mandarin Oriental New York",Manhattan,Manhattan,lounge,7,3.8,3.7,"upscale,sophisticated,panoramic-views,hotel-lounge,central-park-views,modern,stylish,loud,trendy,manhattan-skyline",pop,"While the venue boasts stunning Central Park views and upscale ambiance in a premium hotel location, the mixed reviews reveal inconsistencies in food quality and execution that fall short of the luxury experience expected at this price point ($130pp). The loud atmosphere and service gaps prevent it from reaching premium status despite its beautiful setting."
1712,"Lucy's Sausage",Manhattan,Manhattan,dining,7,4.3,4.1,"trendy,vibrant,modern,casual-dining,neon-lit,urban,comfort-food,neighborhood-spot,lively","indie-pop,lo-fi","Lucy's Sausage delivers solid Vietnamese fare with strong ratings and loyal customers, featuring vibrant neon signage and modern decor that creates an inviting atmosphere. While it's a quality spot with excellent banh mi and pho, it operates more as an elevated casual eatery rather than a truly unique or premium destination."
1057,"Magaritaville Resort",Manhattan,Manhattan,dining,7,4.3,0.0,"beachy,tropical,modern,upscale-casual,tourist-friendly,times-square,convenient,themed,spacious,clean,family-friendly","tropical,reggae,classic rock","While the venue shows strong visual appeal with modern upscale design and solid Google ratings, the lack of Yelp reviews and focus on hotel amenities rather than dining excellence prevents it from reaching premium status. The reviews emphasize location and cleanliness over exceptional culinary experience."
1473,Majorelle,Manhattan,Manhattan,dining,7,4.6,4.3,"upscale,elegant,romantic,sophisticated,trendy,intimate,refined,classic,floral,atmospheric","classical,jazz","While Majorelle offers an elegant upscale atmosphere with excellent service and presentation, the mixed reviews about food quality (with multiple disappointing dishes mentioned) prevent it from reaching premium status. The venue shows promise with standout items like afternoon tea and certain entrees, but inconsistent execution across the menu holds it back."
1762,"Malibu Farm",Manhattan,Manhattan,dining,7,4.1,3.8,"trendy,modern,stylish,waterfront,spacious,Instagram-worthy,bustling,chic,contemporary,scenic","contemporary pop,ambient electronic","While the venue has strong visual appeal with modern styling and decent ratings, the mixed reviews about portion sizes, inconsistent service, and cleanliness issues prevent it from reaching premium status. The good presentation and upscale interior design keep it solidly in the ""good but not special"" category."
1499,"Mama Taco",Manhattan,Manhattan,dining,7,4.2,3.7,"lively,fun,modern,casual-dining,social,trendy,neighborhood-spot,vibrant,relaxed,friendly","latin,pop,upbeat","Mama Taco offers a solid experience with good food presentation, lively atmosphere, and strong value proposition including attractive brunch deals. While the venue has appeal and decent ratings, it lacks the premium or unique qualities that would elevate it to exceptional status."
2123,Maman,Manhattan,Manhattan,dining,7,4.3,3.9,"cozy,charming,French café,trendy,Instagram-worthy,bakery,casual dining,Manhattan chic,artisanal,boutique,modern rustic","soft acoustic,French café music,ambient","Maman offers a charming French café experience with excellent pastries and strong visual presentation, but it's essentially an upscale bakery/café rather than a destination dining experience. While the ambiance and food quality are solid, it lacks the uniqueness or premium positioning needed for a higher score."
1468,"Margaritaville Times Square",Manhattan,Manhattan,dining,7,4.1,3.6,"tropical,lively,touristy,themed,relaxed,fun,island-inspired,casual-upscale,energetic,colorful,vacation-mode,chain-restaurant","Reggae,Jimmy Buffett,Island,Classic Rock","While Margaritaville offers solid tropical vibes and decent ratings, it's essentially a themed chain restaurant in a tourist area that lacks the uniqueness or sophistication for a higher score. The fun atmosphere and good presentation keep it in the ""good but not special"" category."
1292,Meili,Manhattan,Manhattan,dining,7,4.6,4.5,"Rooftop,Modern,Trendy,Lush,Relaxing,City Views,Airy,Cozy,Upscale-Casual,Plant-Filled","Jazz (downstairs),Ambient (rooftop)","Meili offers a stylish rooftop setting with excellent ambiance and modern design, earning solid ratings and positive reviews for its atmosphere and cocktails. However, service issues (slow check delivery, 30-minute wait) and some execution gaps (food presentation could be more refined, temperature issues on rooftop) prevent it from reaching premium status."
676,"Mezze on the River",Manhattan,Manhattan,dining,7,4.3,4.2,"Waterfront,Romantic,Date Night,Scenic Views,Upscale Casual,Trendy,Family-Friendly,Happy Hour,Terrace Dining,Anniversary Spot","Ambient,Contemporary","While the venue offers excellent waterfront views and upscale ambiance with strong visual presentation, the food quality is inconsistent and service lacks warmth and attentiveness. The beautiful setting and decent ratings keep it above average, but execution issues prevent it from reaching premium status."
1587,"Mian Kitchen",Manhattan,Manhattan,dining,7,4.3,4.4,"casual,modern,trendy,neighborhood,street-food-style,contemporary,relaxed,urban,local,accessible,unpretentious","ambient,light pop","Mian Kitchen offers solid Taiwanese cuisine with good ratings and reasonable prices, creating a modern casual dining experience that's above average but not exceptional. The contemporary interior and street-food style presentation combined with positive reviews about flavor and portions make it a reliable neighborhood spot."
1677,"Mia’s Cocina",Manhattan,Manhattan,dining,7,5.0,5.0,"authentic,cultural,intimate,educational,community-driven,warm,welcoming,traditional,hands-on,storytelling,family-style,heritage","Latin,Salsa,Traditional Puerto Rican","Mia's Cocina offers an authentic cultural experience with exceptional personal service from Chef Maria and hands-on cooking classes, creating a warm community atmosphere. While the food quality and cultural authenticity are outstanding, it operates more as an intimate cultural hub than a premium dining destination."
2089,"Milano Market",Manhattan,Manhattan,dining,7,4.0,3.6,"neighborhood-favorite,bustling,authentic,market-style,Italian,casual-dining,family-friendly,quick-service,traditional,local-gem","","Milano Market delivers a solid neighborhood deli experience with quality Italian products, skilled preparation, and efficient service that creates a bustling, authentic market atmosphere. While it excels at what it does with good ratings and loyal following, it remains a traditional deli without the premium uniqueness or upscale elements that would elevate it to an 8+."
2126,"Milk + Roses",Manhattan,Greenpoint,dining,7,4.2,3.6,"romantic,vintage,garden,intimate,charming,trendy,cozy,date-night,wedding-friendly,outdoor-dining,neighborhood-gem","acoustic,indie,soft-rock","Milk + Roses offers a charming vintage atmosphere with a beautiful garden space that creates a romantic and inviting setting, as evidenced by its use as a wedding venue and positive guest feedback. While the ambiance and food quality are strong, service issues and the modest price point prevent it from reaching premium territory."
2048,"Moho Mexican Grill",Manhattan,Bayside,dining,7,4.6,4.0,"casual-dining,family-friendly,authentic,trendy,welcoming,halal-certified,neighborhood-spot,quick-service,comfort-food,diverse","Latin,Contemporary","Moho Mexican Grill offers solid halal Mexican food with strong ratings (4.6 Google, 4.0 Yelp) and enthusiastic customer feedback praising authentic flavors and friendly service. While the casual atmosphere and moderate pricing prevent it from reaching premium status, it delivers a good experience with unique halal Mexican positioning."
1368,Momoya,Manhattan,Manhattan,dining,7,4.5,4.1,"cozy,modern,casual-upscale,welcoming,friendly-service,relaxed,comfortable,neighborhood-gem,consistent","ambient,soft-jazz","Momoya delivers solid Japanese cuisine with impressive food presentation and consistently good service, earning strong ratings across platforms. While it offers a pleasant dining experience with cozy ambiance, it lacks the distinctive character or premium elements that would elevate it to a truly special destination."
603,"Mustrd Restaurant",Manhattan,Manhattan,dining,7,4.9,4.6,"casual,authentic,welcoming,relaxed,modern,colorful,friendly,fresh,flavorful,family-friendly,vibrant","","Mustrd Restaurant delivers consistently excellent food with authentic flavors and friendly service, earning impressive ratings across platforms. While the ambiance and presentation are decent, it maintains a casual, welcoming atmosphere that makes it a solid choice without being particularly unique or upscale."
1089,Negril,Manhattan,Manhattan,dining,7,4.3,3.5,"Caribbean,Tropical,Lounge,Relaxed,Island Vibes,Cocktails,Date Night,Stylish,Intimate","Reggae,Dancehall,Soca,Caribbean","Negril shows solid potential with strong presentation (8/10) and a 4.3 Google rating, plus the Caribbean lounge concept offers something distinctive in Manhattan. However, the lack of Google reviews raises questions about actual traffic, and the ""lacks distinct trendy vibe"" assessment keeps it from reaching premium territory."
193,"Old Fashion Café",Manhattan,Manhattan,dining,7,4.5,3.9,"trendy,cozy,photogenic,vintage-modern,indie,window-seating,people-watching,lingering,warm,fresh","indie,ambient","Old Fashion Café delivers a solid trendy brunch experience with photogenic vintage-modern decor and genuine hospitality that creates a lingering atmosphere. However, inconsistent food execution (overly salty dishes, basic avocado toast) and the casual café format prevent it from reaching premium status."
2145,"Palm Court",Manhattan,Manhattan,dining,7,4.0,0.0,"upscale,elegant,classic,sophisticated,instagram-worthy,buzzing,formal,traditional,luxury,expensive",classical,"While Palm Court offers a stunning upscale atmosphere with beautiful presentation and strong Google ratings, the mixed service reviews and disappointing food quality prevent it from reaching premium status. The high price point ($540 for tea service) and gorgeous interior design still make it worthwhile for special occasions despite operational inconsistencies."
1520,"Palm Court at The Plaza Hotel",Manhattan,Manhattan,dining,7,4.0,3.4,"elegant,sophisticated,luxurious,traditional,touristy,instagram-worthy,buzzy,formal,expensive,classic,historic","classical,ambient","While Palm Court offers an undeniably elegant and Instagram-worthy setting with exceptional ambiance and presentation, the inconsistent service quality and mixed food reviews prevent it from reaching premium status. The venue succeeds on atmosphere and prestige but fails to deliver consistently on the fundamentals of hospitality and culinary execution."
2233,"Panda Harlem",Manhattan,Manhattan,dining,7,3.7,3.4,"trendy,rustic-modern,industrial-chic,vibrant,lively,artful,inviting,unique,colorful,memorable","hip-hop,r&b","Panda Harlem offers a trendy atmosphere with rustic-modern decor and solid food presentation, creating a memorable dining experience that goes beyond typical neighborhood spots. However, the mixed exterior impression and moderate Google rating of 3.7 stars prevent it from reaching premium status."
1655,"Papillon Bistro & Bar",Manhattan,Manhattan,lounge,7,4.0,3.2,"seasonal-decor,lively,classic-charm,hospitality-focused,thematic,creative,family-friendly,festive,neighborhood-gem,welcoming,spirited","ambient jazz","Papillon demonstrates solid execution with excellent service, creative seasonal decorations, and a lively atmosphere that customers genuinely enjoy. While the food presentation is basic and interior needs updating, the strong hospitality and thematic ambiance create a memorable experience that elevates it above average."
559,"Partake NYC",Manhattan,"Long Island City",dining,7,4.9,3.5,"upscale,trendy,modern,sophisticated,social,multi-level,cocktail-focused,contemporary,professional,atmospheric,nightlife,stylish","contemporary,lounge","Partake NYC demonstrates solid upscale elements with professional cocktail presentation, modern interior design, and multi-level layout that creates a sophisticated social atmosphere. However, the venue lacks truly distinctive features that would elevate it to premium status, and the somewhat generic blue lighting and trendy-but-not-unique vibe keeps it in good-but-not-special territory."
1650,"Patridge Bistro & Bar",Manhattan,Manhattan,lounge,7,4.5,0.0,"cozy,warm,inviting,trendy,nostalgic,modern,intimate,hidden-gem,holiday-friendly,romantic,relaxed","ambient,jazz","Patridge Bistro & Bar shows promise with strong photo scores and excellent service, but the limited review base (only 8 Google reviews, 0 Yelp) and basic food feedback prevent it from reaching premium status. The warm ambiance and creative presentation suggest a solid venue that needs more proven track record."
1884,"Pera Soho",Manhattan,Manhattan,dining,7,4.0,3.8,"trendy,vibrant,colorful,relaxed,outdoor dining,modern,lively,cozy,neighborhood gem,intimate","ambient,lounge","Pera Soho delivers a solid Mediterranean dining experience with professional food presentation and a vibrant atmosphere, but lacks the premium uniqueness needed for higher scores. While the venue offers good food quality and charming outdoor seating, it feels more like a reliable neighborhood spot than a destination restaurant."
1930,"Pier I Cafe",Manhattan,Manhattan,dining,7,4.4,3.8,"waterfront,outdoor dining,casual,family-friendly,pet-friendly,scenic views,relaxed,unpretentious,tourist-friendly,busy,simple","","Pier I Cafe offers a beautiful waterfront location with solid reviews praising the views, friendly service, and decent food quality, making it a pleasant dining destination. However, the photo analysis reveals average presentation and ambiance that lacks the distinctive style or upscale elements needed for a higher score."
2129,"Plantshed SoHo",Manhattan,Manhattan,dining,7,4.2,3.7,"Plant-filled,Cozy,Trendy,Instagram-worthy,Nature-inspired,Modern,Relaxed,Neighborhood,Creative,Unique","Indie,Acoustic,Ambient","While Plantshed SoHo offers a unique plant shop/cafe concept with solid ratings and quality service, it operates more as a casual neighborhood spot than a premium destination. The combination of good coffee, pastries, and beautiful plants creates a pleasant but not exceptional experience."
975,"Porter House",Manhattan,Manhattan,dining,7,4.3,3.6,"upscale,elegant,professional,manhattan,steakhouse,business-dining,date-night,sophisticated,classic,tourist-friendly,central-park-views","jazz,ambient","Porter House offers a solid upscale steakhouse experience with professional service and elegant ambiance, but inconsistent steak quality at premium prices prevents it from reaching excellence. The prime location and strong sides/appetizers elevate it above average, though some maintenance issues detract from the overall experience."
2155,"Postcard Bakery",Manhattan,,dining,7,4.3,0.0,"cozy,intimate,trendy,colorful,modern,neighborhood,casual,artisanal,minimalist,Instagram-worthy","indie,lo-fi,ambient","Postcard Bakery offers a solid neighborhood cafe experience with quality matcha, creative sandos, and a cute intimate setting that draws regulars. While it has good fundamentals and consistent execution, it lacks the premium positioning or standout uniqueness needed for a higher score."
1892,Prime39,Manhattan,,dining,7,4.3,4.1,"upscale-casual,trendy,modern,sleek,cocktail-focused,Manhattan-chic,date-night,professional,stylish,contemporary","contemporary,lounge","Prime39 offers a solid upscale dining experience with good presentation and trendy atmosphere, supported by decent ratings across platforms. However, service inconsistencies and lack of truly memorable food quality prevent it from reaching premium status."
235,"Prince Street Pizza",Manhattan,Manhattan,dining,7,4.4,4.3,"casual,neighborhood,quick-service,tourist-friendly,authentic,bustling,no-frills,grab-and-go,cult-favorite,NYC-classic","","Prince Street Pizza earns a solid 7 with its strong ratings (4.3-4.4 stars), cult following, and reputation as a NYC pizza destination that draws consistent crowds and repeat visitors. While it's casual fast-food pizza, the quality, popularity, and ""must-visit"" status among locals and tourists elevates it above typical pizza joints."
1719,"Raf's",Manhattan,Manhattan,dining,7,4.1,3.8,"cozy,classic,intimate,European,neighborhood gem,date night,brunch spot,wine-focused,upscale casual,bistro,romantic,foodie destination","jazz,ambient,soft classical","Raf's delivers a solid upscale dining experience with excellent food presentation and notable mentions like being on NY Times' best 100 list, plus standout dishes like the dry-aged burger and steak tartare. While the interior feels slightly dated and the overall ambiance is good but not exceptional, the quality cuisine and professional execution make it a worthy destination."
2028,"Ramen and Saki",Manhattan,Manhattan,dining,7,4.4,4.5,"Cozy,Laid-back,Trendy,Casual,Comfortable,Rustic,Inviting,Neighborhood,Relaxed","Lo-fi,Ambient","This trendy ramen spot delivers solid food quality with excellent broth and good presentation, plus strong reviews averaging 4.4-4.5 stars. However, the casual interior and laid-back atmosphere keep it from reaching premium status despite its quality offerings."
422,"Rnb Brunch Sundays NJ",Manhattan,Manhattan,dining,7,4.5,3.8,"trendy,vibrant,modern,rustic,contemporary,spacious,lively,social,upbeat,weekend-focused","R&B,Hip-Hop","This venue offers a solid brunch experience with great food (especially the catfish and grits) and good vibes, but the pricing structure and service issues prevent it from reaching premium status. The high cover charges combined with reservation requirements and subpar service details like plastic cups create friction that detracts from the overall experience."
2103,"Rory’s Rooftop Bar",Manhattan,Manhattan,lounge,7,4.0,0.0,"rooftop,trendy,spacious,date-night,casual-dining,outdoor-dining,heaters,skyline-views,modern,relaxed,social,games",background-music,"While the venue offers excellent ambiance with modern decor and rooftop views, significant operational issues including understaffing, lukewarm food, broken heaters, and service delays prevent it from reaching premium status. The mixed 3-star review highlights systematic problems that undermine the otherwise strong atmosphere and presentation."
962,"Sake No Hana",Manhattan,Manhattan,dining,7,4.0,3.8,"upscale,trendy,modern,elegant,aesthetic,hotel bar,cocktail focused,date night,sophisticated,intimate,stylish","lounge,ambient","While the venue has exceptional ambiance and upscale design elements that create a premium atmosphere, the inconsistent service quality and mixed reviews prevent it from reaching elite status. The beautiful interior and excellent drink program are offset by service issues that detract from the overall experience."
237,Sangenaro,Manhattan,Manhattan,dining,7,4.4,4.2,"intimate,authentic,neighborhood-gem,family-friendly,cozy,traditional,welcoming,unpretentious,quality-focused,local-favorite","","San Gennaro delivers an authentic, intimate Italian dining experience with exceptional food quality (particularly their acclaimed bolognese) and attentive service in a cozy neighborhood setting. While the ambiance is more traditional than trendy, the restaurant's reputation for outstanding cuisine and personalized service creates a genuinely appealing dining destination."
1506,"Seamore's",Manhattan,Manhattan,dining,7,4.4,3.8,"casual,trendy,fresh,laid-back,welcoming,family-friendly,neighborhood,fish-forward,relaxed,outdoor-seating","light acoustic,ambient","Seamore's offers a solid seafood-focused experience with good ratings (4.4 Google) and appealing food presentation, but the casual family-friendly atmosphere and ""kids seafood place"" feel prevents it from reaching premium status. The laid-back vibe and reasonable quality make it a good neighborhood spot without being particularly special or unique."
1580,"Semicolon Cafe",Manhattan,Manhattan,dining,7,4.2,4.2,"trendy,modern,relaxed,inviting,stylish,casual-dining,Instagram-worthy,cozy,laid-back","indie,acoustic,chill","Semicolon Cafe offers a solid trendy atmosphere with stylish interior design and consistently good food/coffee based on positive reviews, earning strong ratings across platforms. However, it's ultimately a casual breakfast/coffee spot without the premium experience or unique elements that would elevate it to an 8+ score."
1058,"Somewhere Nowhere Rooftop",Manhattan,Manhattan,nightlife,7,3.5,2.5,"Rooftop,Skyline Views,Trendy,Manhattan,Upscale,Night Scene,Instagram-Worthy,City Lights,Empire State Building Views,Hudson River Views","Electronic,House,Lounge","While the rooftop offers stunning Manhattan skyline views and upscale presentation, the mixed reviews (2.5 Yelp, 3.5 Google) and complaints about management, food quality, and restrictive policies prevent it from reaching premium status. The venue has clear visual appeal and trendy atmosphere but lacks consistency in service and experience quality."
2293,"Soul Food",Manhattan,Manhattan,dining,7,4.3,3.6,"Historic,Authentic,Cozy,Traditional,Welcoming,Neighborhood,Comfort,Harlem-charm,Family-friendly,Legendary,Homestyle,Classic","Gospel,R&B,Soul","This iconic Harlem soul food restaurant delivers exceptional comfort food with generous portions and genuine hospitality, earning strong Google reviews for its legendary status and authentic experience. While the ambiance is traditional and homey rather than upscale, the quality of food, historic significance, and welcoming atmosphere make it a solid destination worth visiting."
302,"Soul N The Hole",Manhattan,"Coliseum Central",dining,7,4.7,3.9,"Modern pub,laid-back,contemporary,casual dining,cocktail-focused,trendy,neighborhood spot,relaxed,social,unpretentious","Contemporary pop,indie rock","Soul N The Hole offers a solid modern pub experience with good cocktails and a laid-back atmosphere, though the food quality appears inconsistent based on reviews. The venue shows contemporary styling with greenery and decent presentation, making it a reliable choice for casual dining and drinks near Madison Square Park."
2163,"Spicy Moon",Manhattan,Manhattan,dining,7,4.6,4.5,"cozy,warm,neighborhood gem,vegan-friendly,casual dining,East Village charm,intimate,welcoming,spicy,authentic,small plates",ambient/background,"Spicy Moon delivers excellent vegan Asian fusion cuisine with strong reviews praising both food quality and service, creating a welcoming atmosphere that appeals to vegans and omnivores alike. While the interior is described as somewhat dated and the space is small, the consistently delicious food, reasonable prices, and warm ambiance make it a solid neighborhood gem."
2142,"Spyglass Rooftop",Manhattan,Manhattan,dining,7,4.3,3.7,"rooftop,skyline views,upscale,trendy,modern,intimate,small space,cocktail focused,Manhattan,birthday spot,date night","lounge,ambient","While the venue offers stunning skyline views and upscale ambiance, the mixed reviews highlighting cramped space, expensive drinks without happy hour, and disappointing food quality prevent it from reaching premium status. The strong visual appeal and rooftop location keep it solidly in the ""good but not special"" category."
1074,"Stout NYC",Manhattan,Manhattan,dining,7,4.3,3.5,"Sports Bar,Irish Pub,Casual Dining,Beer Focused,Midtown Convenient,Industrial Decor,Friendly Service,Group Friendly,After Work,Neighborhood Staple","Sports Commentary,Background Rock","Stout NYC delivers solid pub fare with excellent service and a warm, inviting atmosphere near Penn Station, making it a reliable choice for drinks and casual dining. While the food and ambiance are good quality, it lacks the uniqueness or upscale elements needed to score higher."
284,"Sunday Morning Cinnamon Rolls",Manhattan,Manhattan,dining,7,4.4,4.2,"cozy,nostalgic,artisanal,comfort food,friendly service,neighborhood gem,authentic,warm atmosphere,quality focused,specialty shop,local favorite,casual dining","","Despite modest ambiance scores, this cinnamon roll shop delivers exceptional quality with passionate staff and creates memorable experiences that generate genuine enthusiasm from customers. The combination of artisanal pastries, warm hospitality, and nostalgic comfort food experience elevates it above typical casual spots."
2150,"Sweet Cats",Manhattan,,dining,7,4.9,0.0,"playful,colorful,trendy,modern,casual,family-friendly,arcade,themed,organized,welcoming,entertaining,clean","pop,electronic,anime soundtracks","Sweet Cats offers a fun, trendy arcade cafe experience with strong Google reviews praising its clean, well-organized atmosphere and friendly service. While it has good vibes and unique themed elements (Dragon Ball Z, Hello Kitty), it's more of a casual entertainment venue than a premium dining destination."
541,"Sylvia’s Restaurant",Manhattan,Manhattan,dining,7,4.3,3.6,"legendary,authentic,cozy,welcoming,nostalgic,comfort food,Harlem charm,family-friendly,historic,generous portions,casual dining","Blues,Jazz,Soul","Sylvia's is a legendary Harlem institution with authentic soul food, generous portions, and genuine service that creates a memorable comfort food experience. While the interior and presentation are straightforward rather than upscale, the historical significance, consistent quality, and warm atmosphere make it a solid choice worth visiting."
1104,"TAN New York City",Manhattan,Manhattan,dining,7,4.3,5.0,"Modern,Upscale,Trendy,Coastal,Creative,Fresh,Artistic,Professional,Welcoming,Vibrant","Latin,Contemporary","The venue has strong visual appeal with modern upscale ambiance and excellent food quality, but significant operational issues like inconsistent temperature control and fake plants detract from the authenticity. The limited review count on Yelp (3 reviews) and mixed feedback on comfort/atmosphere prevent it from reaching premium status."
467,"TS Bar",Manhattan,Manhattan,nightlife,7,4.3,4.3,"inclusive,welcoming,relaxed,friendly,transgender-friendly,LGBTQ+,neighborhood,community-oriented,laid-back,accepting,diverse","none specified","TS Bar offers a welcoming, inclusive atmosphere with reasonable pricing and friendly staff, making it a solid neighborhood lounge option. While it has good vibes and strong community appeal, it lacks the premium elements or unique features that would elevate it to an 8+ rating."
1894,"TWA Lounge",Manhattan,Queens,nightlife,7,4.3,3.5,"retro,nostalgic,aviation-themed,mid-century-modern,unique,Instagram-worthy,convenient,touristy,vintage,historic","lounge,jazz,ambient","The TWA Lounge offers a unique nostalgic experience with strong visual appeal and retro-modern charm that creates a memorable atmosphere. However, inconsistent service quality, overpriced food, and maintenance issues prevent it from reaching premium status despite its distinctive concept."
2151,Tadhana,Manhattan,,dining,7,4.4,0.0,"upscale-casual,trendy,artistic,sophisticated,cozy,modern,intimate,foodie-focused,instagram-worthy,date-night,fusion-forward,creative","ambient jazz","Tadhana offers a sophisticated Filipino fusion dining experience with impressive food presentation and upscale ambiance, but the automatic 20% service charge and mixed authenticity reviews prevent it from reaching premium status. The 12-course prix fixe format and unique dishes like duck egg with caviar show creativity, though some diners felt underwhelmed by the execution."
54,"Taqueria El Chato",Manhattan,Greenpoint,dining,7,4.9,4.6,"casual,trendy,compact,modern,rustic,late-night,quick-bite,neighborhood,unpretentious,flavorful,authentic","Latin,ambient","Taqueria El Chato delivers high-quality tacos with excellent ratings and flavorful execution, making it a solid choice for casual dining. While the food quality is strong and the vibe is trendy, the compact space and casual taco format prevent it from reaching premium status."
1145,"Tarallucci e Vino",Manhattan,Manhattan,dining,7,4.4,3.7,"#modern #trendy #upscale #socializing #romantic #wine-focused #cozy #intimate #professional #quality #inviting","Jazz,Italian classics","Tarallucci e Vino presents a solid upscale Italian dining experience with modern ambiance and quality food presentation, earning strong ratings across platforms. However, service inconsistencies and mixed dish reviews prevent it from reaching premium status."
1107,"Thai Diner",Manhattan,Manhattan,dining,7,4.4,4.2,"laid-back,eclectic,trendy,small-space,bustling,modern-traditional,creative,neighborhood,cozy,casual-dining","indie,alternative,ambient","Thai Diner offers solid ratings (4.2-4.4 stars) and a trendy concept blending Thai cuisine with American diner aesthetics, creating a unique dining experience that stands out from typical Thai restaurants. However, the small space, long waits, mixed food reviews, and average interior scores prevent it from reaching premium status."
722,"The Box NYC",Manhattan,Manhattan,nightlife,7,3.6,2.8,"theatrical,edgy,intimate,trendy,vintage,modern,upscale,dramatic,entertainment,nightlife,unique,professional",varied/event-based,"While The Box has strong visual appeal and unique theatrical atmosphere, the low Yelp rating of 2.8 stars significantly impacts its overall quality perception. The venue shows promise with its edgy, upscale ambiance and professional service, but the poor review average suggests inconsistent experiences that prevent it from reaching premium status."
1653,"The Cabinet",Manhattan,Manhattan,dining,7,4.6,4.5,"intimate,trendy,cozy,mezcal-focused,date-friendly,educational,welcoming,craft cocktails,knowledgeable staff,conversational,relaxed","ambient,lounge","The Cabinet offers a solid cocktail experience with skilled mixologists specializing in mezcal and excellent service, creating a trendy yet approachable atmosphere. While the venue has good ratings and professional drink preparation, it lacks the premium uniqueness or upscale ambiance that would elevate it to an 8+ score."
2133,"The Common",Manhattan,Manhattan,dining,7,4.6,3.9,"trendy,bustling,energetic,modern,instagram-worthy,crowded,popular,neighborhood-favorite,casual-upscale","indie,acoustic,ambient","The Common presents a trendy, bustling breakfast spot with strong visual appeal and solid service, earning high marks for food presentation and modern interior design. While it attracts crowds and delivers quality dishes, it operates more as a popular neighborhood brunch destination rather than offering a truly unique or premium dining experience."
2118,"The Common Park Slope",Manhattan,Gowanus,dining,7,4.7,4.5,"neighborhood-friendly,welcoming,family-oriented,casual-dining,comfort-food,staff-recommended,group-accommodating,consistently-good,reasonably-priced,cooking-classes,trendy-casual,breakfast-focused",background/ambient,"The Common offers consistently good food with reasonable prices and exceptional service, creating a welcoming neighborhood dining experience. While the atmosphere is pleasant and the food presentation is appealing, it lacks the premium uniqueness or upscale elements that would elevate it to an 8+ score."
1713,"The Cronut Stand",Manhattan,Manhattan,dining,7,4.3,4.0,"trendy,Instagram-worthy,tourist hotspot,modern,clean,stylish,pastry-focused,Manhattan staple,novelty items,quick service","","The Cronut Stand offers a trendy bakery experience with strong visual presentation and the novelty of the original cronut, but mixed reviews about quality consistency and high prices for pastries prevent it from reaching premium status. The venue has good ratings and a stylish atmosphere, but complaints about texture quality and rushing service indicate it's more hype-driven than consistently exceptional."
1429,"The Flatiron Room Murray Hill",Manhattan,Manhattan,nightlife,7,4.5,4.3,"Jazz lounge,upscale dining,live music,date night,sophisticated,elegant,intimate,classic cocktails,entertainment venue,anniversary spot,business dining,Manhattan nightlife","Jazz,Blues,Jazz-Pop covers","While the venue boasts excellent live jazz entertainment, upscale ambiance, and sophisticated presentation, the food quality issues highlighted in detailed reviews significantly impact the overall experience. The strong entertainment factor and elegant atmosphere keep it above average, but inconsistent culinary execution prevents it from reaching premium status."
433,"The Girliest Cafe",Manhattan,Manhattan,dining,7,4.4,4.3,"cozy,neighborhood,authentic,Colombian,coffee-focused,warm,inviting,spacious,chill,local,familiar,comfortable","Latin,acoustic,none","This Colombian café offers a solid neighborhood experience with good food, friendly service, and a warm atmosphere, earning strong 4+ star ratings. However, it appears to be more of a comfortable local spot rather than a unique or premium destination that would warrant a higher score."
961,"The Highlight Room",Manhattan,Manhattan,nightlife,7,3.5,3.5,"rooftop,upscale,trendy,sophisticated,modern,city-views,chic,elegant,relaxed,lounge","lounge,ambient","While the venue has stunning visuals and sophisticated ambiance, the 3.5-star ratings across platforms indicate consistent service or experience issues that prevent it from reaching premium status. The upscale presentation and city views are strong positives, but the rating limitations keep it in the ""good but not special"" category."
109,"The Living Room",Manhattan,Manhattan,nightlife,7,4.3,4.0,"upscale,trendy,modern,chic,vibrant,hotel-bar,manhattan,sophisticated,stylish,contemporary,sleek","lounge,ambient","While the venue has strong visual appeal and upscale presentation, the mixed service reviews and limited drink selection prevent it from reaching premium status. The inconsistent experience, particularly regarding service quality and basic amenities access, undermines what could be an exceptional venue."
1129,"The Ready Rooftop",Manhattan,Manhattan,dining,7,3.6,3.5,"trendy,vibrant,rooftop,colorful,modern,social,lively,inviting,cantina,golden-hour,chic,elevated","latin,electronic,lounge","The Ready Rooftop delivers a solid trendy experience with strong ambiance and vibe scores, plus standout bartender service that creates memorable experiences. However, the moderate Yelp/Google ratings (3.5-3.6 stars) and noted need for refinement in presentation prevent it from reaching premium status."
1122,"The Roof at Public Hotel",Manhattan,Manhattan,dining,7,3.8,2.9,"Rooftop,City Views,Nightlife,Contemporary,Urban,Trendy,Social,Weekend Vibes","DJ,Top 40,Electronic","The Roof offers stunning city views and a solid rooftop experience with good music and atmosphere, but the mixed reviews about softer cocktails and moderate Yelp ratings prevent it from reaching premium status. While it has the fundamentals of a quality rooftop venue, it lacks the exceptional elements that would make it truly special."
1842,"The Royal Palms Shuffleboard",Manhattan,Manhattan,nightlife,7,4.6,4.3,"fun,social,casual,trendy,group-friendly,interactive,relaxed,nostalgic,playful","DJ,upbeat/party music","The venue offers a unique shuffleboard concept with solid cocktails and good service, making it entertaining for groups and events. However, the slightly dated interior and casual atmosphere prevent it from reaching premium status despite strong reviews."
51,"Time Out Market",Manhattan,Dumbo,dining,7,4.2,4.0,"trendy,diverse,bustling,modern,food-focused,tourist-friendly,family-friendly,casual,authentic,multi-cultural",ambient/background,"Time Out Market delivers a polished food court experience with diverse, high-quality vendors and thoughtful presentation that elevates it above typical food halls. The authentic cuisines, professional cocktail program, and modern atmosphere create a trendy dining destination, though it remains fundamentally a casual food court format."
2119,"Time Out Market New York",Manhattan,Dumbo,dining,7,4.5,4.0,"#foodhall #rooftop #views #casual #crowded #diverse #familyfriendly #touristy #lively #brooklyn #waterfront",Background/ambient,"Time Out Market offers a solid food hall experience with great views and diverse dining options, but it's ultimately a casual marketplace rather than a unique destination. While the rooftop setting and Brooklyn Bridge views add appeal, the crowded atmosphere and food court format prevent it from reaching premium status."
737,UNTITLED,Manhattan,Manhattan,dining,7,4.6,4.3,"boutique,modern,minimalist,urban,trendy,artistic,contemporary,cozy,functional,well-curated","ambient,lounge","This boutique hotel offers a well-curated modern aesthetic with strong amenities like a rooftop bar and prime Manhattan location, creating a trendy urban experience. While the spaces are thoughtfully designed and professionally presented, they lean more toward contemporary comfort rather than truly premium luxury."
659,"Van Leeuwen",Manhattan,Manhattan,dining,7,4.5,4.2,"trendy,casual,cozy,charming,friendly,local-favorite,artisanal,instagram-worthy,laid-back,comfort","indie-pop,chill","Van Leeuwen offers a trendy ice cream experience with solid ratings (4.2-4.5 stars) and unique flavors that create a cult following, earning it a good but not premium score. While it has charm and quality presentation, it's ultimately a casual ice cream shop without the upscale atmosphere needed for a higher rating."
1543,"Vert Frais Japanese Eatery",Manhattan,"Long Island City",dining,7,4.3,4.0,"cozy,aesthetic,authentic,floral,calm,welcoming,Instagram-worthy,Japanese-inspired,relaxed,thoughtful,clean,intimate","ambient,soft jazz,lo-fi","Vert Frais offers a thoughtfully curated Japanese café experience with authentic flavors, aesthetic presentation, and a calm floral atmosphere that creates a unique dining vibe in Long Island City. While the execution is solid with quality ingredients and authentic preparation, it operates more as a cozy neighborhood gem rather than a destination-worthy premium experience."
2066,"Woodland’s",Manhattan,"Fort Greene",dining,7,3.9,4.4,"upscale,trendy,modern,loud,energetic,late-night,stylish,club-like,vibrant,social","club music,loud contemporary","Woodland's offers a solid upscale dining experience with strong ambiance and good food quality, but the operational issues (seating delays, rigid policies) and extremely loud music that prevents conversation detract from the premium experience. While it has trendy appeal and fair pricing, these service inconsistencies keep it from reaching true premium status."
2152,"Ye’s Apothecary",Manhattan,,dining,7,4.3,0.0,"speakeasy,intimate,moody,vintage,cocktail-focused,trendy,upscale-casual,dimly-lit,cozy,Asian-inspired","jazz,ambient,lounge","Ye's Apothecary offers a solid upscale speakeasy experience with strong ambiance and good cocktails, but inconsistent service and food timing issues prevent it from reaching premium status. The venue has potential but needs to improve operational execution to match its aesthetic appeal."
985,Zoi,Manhattan,Manhattan,dining,7,4.7,3.2,"upscale-casual,modern,stylish,warm-lighting,trendy,chill,moderate-music,professional,inviting,welcoming,contemporary","moderate background music","While Zoi offers an upscale ambiance with excellent interior design and strong Google ratings, the significant disparity between Yelp (3.2⭐) and Google reviews, plus operational issues like double-booking reservations, prevent it from reaching premium status. The venue shows promise with good food and atmosphere but lacks the consistency expected for higher scoring."
1675,industrykitchen,Manhattan,Manhattan,dining,7,4.3,3.8,"waterfront,scenic views,relaxed,trendy,outdoor dining,Hudson River,casual upscale,Manhattan,cocktails,brunch spot,date friendly,Instagram-worthy","ambient,lounge","Industry Kitchen offers a compelling waterfront dining experience with stunning Hudson River views and a relaxed yet polished atmosphere that elevates casual dining. While the food receives mixed reviews (better for drinks than food), the exceptional location, consistently praised service, and scenic outdoor setting create a memorable experience that justifies the moderate pricing."
73,stagestarbackstage,Manhattan,Manhattan,nightlife,7,4.8,0.0,"speakeasy,cozy,intimate,moody,vintage,low-key,cocktail-focused,hidden,casual-upscale","jazz,ambient","This is a solid cocktail bar with a speakeasy entrance and cozy atmosphere that delivers good drinks and service, but lacks the premium touches or unique character needed for a higher score. The vintage decor feels dated rather than curated, and while the vibe is pleasant, it's not particularly memorable or distinctive."
1488,"unknown restaurant",Manhattan,Manhattan,dining,7,4.7,3.0,"cozy,authentic,rustic,traditional,lively,welcoming,casual,neighborhood,classic,cluttered-charm","Irish traditional,pub music","This Irish pub successfully combines authentic atmosphere with quality food and drinks, earning strong Google ratings and positive feedback on standout items like Irish coffee and tiramisu. While the ambiance scores are modest, the authentic Irish character, solid cocktail program, and ability to accommodate walk-ins create a reliably enjoyable experience."
1507,"Garage Grill",Marlboro,"",dining,7,4.4,4.1,"casual,laid-back,biker-friendly,local hangout,welcoming,live music,karaoke nights,neighborhood gem,unpretentious,community-focused","Live music,karaoke","Garage Grill delivers a solid casual dining and live music experience with good ratings, welcoming atmosphere, and strong local appeal as evidenced by positive reviews mentioning great service and biker-friendly environment. While the food presentation is basic and ambiance is average, the venue succeeds as a reliable neighborhood spot with live entertainment and good vibes."
367,"Luigino's Parmigiana",Montclair,,dining,7,4.7,4.6,"rustic charm,warm ambiance,classic Italian,neighborhood gem,family-friendly,cozy dining,traditional,intimate,local favorite,comfort food,authentic","","Strong ratings (4.6-4.7 stars) and notable food quality including acclaimed dishes like chicken parmigiana and steak create a solid dining experience. However, significant service issues, basic interior design, and operational inefficiencies prevent it from reaching premium status."
1818,"Mattarello Bakery",Montclair,"Upper Montclair",dining,7,4.5,4.3,"cozy,modern,trendy,neighborhood,artisanal,colorful,inviting,local,relaxed","soft acoustic,light jazz,or none","Mattarello Bakery offers a charming modern atmosphere with excellent presentation and solid ratings, making it a good neighborhood spot for quality baked goods and coffee. However, the mixed reviews about food quality and the casual bakery setting prevent it from reaching premium status."
385,"Seoul Bistro",Montclair,,dining,7,4.8,4.2,"trendy,cozy,modern,family-friendly,casual dining,neighborhood gem,stylish,comfortable,welcoming,Korean cuisine,social dining","K-pop,contemporary Asian,ambient","Seoul Bistro offers a solid Korean dining experience with modern ambiance and good presentation, earning strong ratings across platforms. While the food quality receives mixed reviews (some calling it ""average""), the stylish interior, variety of dishes, and overall trendy atmosphere make it a good neighborhood spot, though not exceptional enough for premium status."
1813,Wynwood,"Multiple Locations","Wynwood Art District",nightlife,7,4.6,4.6,"artistic,trendy,cultural,vibrant,creative,Instagram-worthy,walkable,outdoor,colorful,hip,eclectic","","Wynwood offers a vibrant street art experience with excellent ratings and unique cultural appeal, making it a solid destination for art enthusiasts. However, as an outdoor public art district, it lacks the premium amenities or upscale atmosphere that would elevate it to a higher tier."
1924,"Beneduce Vineyards",NJ,Pittstown,dining,7,4.6,4.4,"Rustic,Vineyard,Dog-friendly,Outdoor seating,Garden setting,Wine tasting,Relaxed,Traditional,Scenic,Group-friendly",None,"Beneduce Vineyards offers a solid rustic winery experience with strong ratings and positive reviews highlighting quality wines and beautiful outdoor settings. While charming and well-executed, it falls into the ""good but not special"" category as a traditional vineyard experience without particularly unique or premium elements that would elevate it to the 8+ tier."
1387,"Sprinkle Me Up Bakery",NJ,Westmount,dining,7,4.4,4.2,"nostalgic,charming,elegant,upscale,tea-room,sophisticated,cozy,traditional,refined,intimate","soft jazz,ambient,classical","This bakery offers a charming upscale tea room atmosphere with sophisticated food presentation and solid ratings, but lacks the premium uniqueness or standout factor needed for a higher score. The nostalgic elegance creates a pleasant but not extraordinary experience."
1081,"The Cannoli Shop NJ",NJ,,dining,7,4.8,5.0,"authentic,artisanal,intimate,family-owned,Italian,trendy,fresh,modern,specialty,craft,local,cozy","Italian,ambient","The Cannoli Shop offers a specialized, artisanal experience with fresh-made cannoli and authentic Italian atmosphere, earning strong ratings and passionate reviews. However, it's primarily a dessert/coffee spot rather than a full dining experience, which limits its overall vibe potential."
756,"Top Pot",NJ,,dining,7,4.6,4.4,"social,trendy,modern,group-friendly,interactive dining,family-friendly,lively,accessible,welcoming,budget-conscious","Contemporary Pop,K-Pop","Top Pot delivers a solid hot pot and Korean BBQ experience with excellent service, fresh ingredients, and reasonable all-you-can-eat pricing that creates a fun, social dining atmosphere. While the food quality and service are consistently praised, the interior and overall ambiance remain fairly standard without the premium or unique elements that would elevate it to an 8+ score."
111,"Grand Hyatt",Nassau,,dining,7,3.9,0.0,"upscale,resort,beachfront,luxurious,modern,family-friendly,tropical,spacious,professional,tourist-destination","ambient,tropical,lounge","While the Grand Hyatt Nassau offers luxurious amenities and impressive presentation in an upscale resort setting, the mixed reviews regarding service quality and high pricing without corresponding exceptional experiences prevent it from reaching premium tier status. The venue shows strong potential but falls short of the memorable, special experience expected at the highest levels."
2020,"Sapodilla Restaurant",Nassau,,dining,7,4.5,0.0,"cozy,tropical,family-friendly,welcoming,relaxed,intimate,nostalgic,homey,musical,romantic,authentic,memorable","piano,live music","Sapodilla offers a memorable dining experience with excellent service, live piano entertainment, and a welcoming family-like atmosphere in a converted home setting. While the food quality and service are consistently praised, the tropical/bamboo decor and relaxed vibe places it in the good-but-not-premium category rather than truly upscale dining."
591,Sakana,"New Brunswick",,dining,7,4.6,4.1,"casual,relaxed,warm-lighting,intimate,cozy,neighborhood-spot,reliable,fast-service,welcoming,unpretentious","","Sakana earns solid marks with strong Google ratings (4.6⭐) and consistently positive reviews highlighting attentive service, quality sushi, and a relaxed atmosphere with warm lighting. While the ambiance is described as casual and basic rather than upscale, the reliable execution and customer satisfaction push it into good territory."
271,"NJ Pier 73","New Jersey",Elizabethport,dining,7,4.5,2.0,"trendy,modern,upscale-casual,waterfront,cocktail-focused,brunch-spot,lounge,contemporary,mixed-crowd,music-driven,social,weekend-destination","R&B,Hip-Hop,Contemporary","NJ Pier 73 offers a trendy upscale atmosphere with quality cocktails and food, but the inconsistent pricing structure and operational issues (high cover charges, reservation confusion, plastic cups for premium drinks) detract from the overall experience. The strong visual appeal and good food quality keep it in the ""good but not special"" category despite some management concerns."
215,"Noma Social","New Rochelle",,dining,7,4.2,3.5,"trendy,upscale-casual,hip-hop energy,Latin vibes,modern,stylish,comfortable,creative cocktails,date night,social dining","Hip-hop,Latin","Noma Social offers a solid upscale-casual experience with modern ambiance, well-presented food, and creative cocktails that justify its trendy positioning. However, operational issues like unstaffed entrances and the mixed 3.5 Yelp rating suggest some inconsistencies that prevent it from reaching premium status."
1185,"Town Bar + Kitchen",Newark,,lounge,7,4.7,3.6,"modern,sleek,comfortable,trendy,professional,airport-adjacent,marble-bar,spacious,traveler-friendly,booth-seating,charging-stations,tarmac-views",background/ambient,"Town Bar + Kitchen offers a modern, sleek atmosphere with professional presentation and solid service, making it a quality venue that's above average but not exceptional. While it has upscale design elements like the black marble bar, it functions more as a comfortable casual dining spot with good food rather than a unique destination experience."
440,"southern restaurant",Newark,"Central Ward",dining,7,4.8,4.0,"homey,welcoming,family-style,authentic,comfort-focused,traditional,warm,casual,down-to-earth,community-oriented,nostalgic","gospel,R&B,blues","This southern soul food restaurant delivers exceptional comfort food with genuine hospitality that creates a memorable ""like family"" dining experience, evidenced by outstanding Google reviews (4.8 stars) and passionate customer testimonials. While the ambiance is casual and homey rather than trendy or upscale, the authentic soul food quality and warm service elevate it above typical casual dining."
101,"A Guyanese-Chinese restaurant","North Baldwin",,dining,7,4.2,3.4,"trendy,lively,cultural-fusion,colorful,welcoming,vibrant,modern,casual-upscale","Caribbean,reggae,contemporary","This Guyanese-Chinese fusion spot successfully combines Caribbean and Asian flavors with a trendy bar atmosphere that creates good vibes and solid service. While the food presentation varies from basic takeout to more upscale plating, the overall experience delivers on atmosphere, unique cuisine, and hospitality that keeps customers coming back."
2285,"Guyanese-Chinese restaurant","North Baldwin",,dining,7,4.2,3.4,"trendy,cozy,welcoming,cultural-fusion,flavorful,energetic,authentic,neighborhood-gem,friendly-service,music-focused,laid-back","Caribbean,reggae,soca","This Guyanese-Chinese fusion spot delivers on food quality and service with enthusiastic reviews praising the flavors and atmosphere, plus professional presentation. While the ambiance is decent rather than spectacular, the unique cuisine combination, good vibes, and strong customer service create a memorable dining experience worth seeking out."
849,Sandwichitos,"North Bergen",,dining,7,4.6,4.3,"casual,authentic,local-favorite,creative-menu,neighborhood-gem,unpretentious,flavorful,artisanal,small-batch,comfort-food","Latin,reggaeton,none","Strong Google rating (4.6★) with authentic, enthusiastic reviews praising unique sandwich combinations and quality ingredients that justify premium pricing. While the casual sandwich shop format limits the vibe ceiling, the creative menu and consistent quality execution elevate it above typical fast-casual spots."
988,Kanoon,"North Brunswick",,dining,7,4.6,3.1,"modern,warm,comfortable,stylish,lively,spacious,family-friendly,casual-upscale,flavorful,authentic,welcoming","Middle Eastern,ambient","Kanoon offers quality Middle Eastern cuisine with appealing presentation and a warm, modern interior that creates a comfortable dining experience. While the food receives praise for flavors and quality, the ambiance can get loud and service occasionally slow, preventing it from reaching premium status."
1788,"Rev Rail Co","North Creek","",dining,7,4.8,5.0,"outdoor-adventure,scenic,family-friendly,rustic,nature-immersion,rail-biking,bucket-list,tourism,group-activity,photo-worthy,wildlife-viewing,hudson-river",None,"Rev Rail Co offers a unique and memorable outdoor rail bike experience with stunning natural views and excellent customer service, earning strong reviews for its adventure tourism value. While the rustic setting and basic amenities prevent it from reaching premium status, the distinctive bucket-list experience and scenic Hudson River backdrop create good vibrancy."
1628,"Emilio's Woodfire Pizza",Nutley,"",dining,7,4.8,4.9,"family-run,cozy,welcoming,community gem,rustic,casual dining,authentic,warm atmosphere,neighborhood spot,traditional,intimate,unpretentious","","Emilio's delivers excellent food quality with outstanding ratings and genuine family-run warmth that creates a memorable dining experience. While the ambiance and interior are basic, the exceptional pizza, attentive service, and authentic community gem feel elevate it above typical casual spots."
524,"The Green Lounge",Paramus,,nightlife,7,4.3,3.3,"upscale-casual,cozy,trendy,comfortable,fireplace,event-friendly,intimate,relaxed,hookah-lounge,date-night,group-dining","lounge,ambient","The venue offers a solid upscale ambiance with professional food presentation and positive event hosting reviews, but the limited Yelp reviews (only 3) and slightly dated interior prevent it from reaching premium status. The combination of New American cuisine, hookah service, and event space creates a decent but not exceptional experience."
1212,"Brasserie Flottes",Paris,,dining,7,4.6,3.6,"cozy,traditional,warm,intimate,romantic,European,authentic,tucked-away,bustling,charming,formal-option,street-side","soft jazz","Brasserie Flottes offers a solid upscale dining experience with excellent service, authentic French cuisine, and a charming tucked-away location that stays consistently busy. While the food quality is good and the atmosphere is warm and inviting, it lacks the distinctive edge or exceptional refinement needed for a higher score."
1214,"Breizh Cafe",Paris,,dining,7,4.2,4.1,"cozy,rustic,intimate,neighborhood,authentic,warm,traditional,European,small-plates,local-favorite,charming","French cafe,acoustic,none","Breizh Cafe offers a solid creperie experience with good ratings (4.1-4.2 stars), appealing food presentation, and a cozy atmosphere that attracts diners willing to walk significant distances for the meal. While it provides quality buckwheat crepes and warm service in a charming setting, it remains a neighborhood creperie without the premium or unique elements that would elevate it to exceptional status."
1206,"Cinq Mars",Paris,,dining,7,4.4,4.3,"cozy,rustic,vintage,warm,inviting,intimate,neighborhood gem,reservation-required,small plates,comfort food,local favorite,authentic","soft jazz or none","Cinq Mars delivers exceptional food quality with standout dishes like their renowned pork chop, earning strong ratings across platforms and passionate customer loyalty. While the rustic, cozy atmosphere lacks the refined presentation and upscale ambiance of premium venues, the consistent culinary excellence and warm hospitality make it a solid choice worth visiting."
1211,"Le Voltaire",Paris,,dining,7,4.3,3.9,"traditional,elegant,classic,upscale,romantic,intimate,refined,sophisticated,cozy,authentic,professional,charming","classical,jazz,ambient","Le Voltaire delivers solid traditional French cuisine with excellent service and a classic upscale atmosphere, earning strong ratings across platforms. While it offers a quality dining experience with professional presentation, it appears to be a well-executed traditional restaurant rather than a truly unique or premium destination."
1213,"L’Avant Comptoir de la Terre",Paris,,dining,7,4.5,4.4,"Wine-focused,Standing room,Intimate,Local favorite,Oyster bar,Parisian bistro,Trendy,Cozy,Professional service,Wine display,Small bites,Neighborhood spot","French chanson,Jazz","L'Avant Comptoir delivers a solid Parisian wine bar experience with good ratings and authentic touches like fresh oyster shucking, but the standing-room format and mixed feedback on food execution (bones in fish, clam shards) prevent it from reaching premium status. The atmosphere is described as ""fine, nothing amazing"" which aligns with a good but not exceptional venue."
2004,"Al Basha",Paterson,,dining,7,4.7,4.1,"Modern,Cultural,Trendy,Family-Friendly,Authentic,Warm,Stylish,Comfortable,Traditional-Meets-Modern","Middle Eastern,Ambient","Al Basha delivers solid Middle Eastern cuisine with modern upscale interior design and consistently good reviews praising both food quality and service. While the experience is well-executed with professional presentation, it lacks the unique standout elements that would elevate it to premium tier."
868,Taj,Paterson,,dining,7,4.2,3.3,"Modern,Trendy,Family-friendly,Hookah lounge,Neighborhood spot,Consistent quality,Indoor/outdoor seating,Social dining,Relaxed atmosphere","Middle Eastern,lounge","Taj offers a solid Lebanese dining experience with consistently well-prepared food and modern ambiance, though it's primarily known as a neighborhood spot that doubles as a hookah lounge. While the food quality and presentation are strong, the mixed crowd (dining vs. hookah customers) and location in Paterson keep it from reaching premium status."
955,"Norsdale Phoenicia",Phoenicia,,dining,7,4.6,0.0,"boutique,artistic,colorful,modern,nature retreat,group-friendly,cozy,upscale lodge,creative design,serene,trendy,memorable","","While Norsdale offers a unique boutique lodging experience with impressive modern design and excellent amenities in a beautiful natural setting, it appears to be primarily an accommodation venue rather than a dedicated dining establishment. The high Google rating and enthusiastic reviews about the artistic rooms and group facilities are compelling, but the lack of specific dining/restaurant reviews and the focus on lodging makes it less suitable for a dining-focused platform."
2085,"Sky Cafe",Pittstown,Pittstown,dining,7,4.7,4.5,"aviation-themed,family-friendly,outdoor-dining,plane-spotting,peaceful,laid-back,unique-location,scenic-views,casual-atmosphere,kid-friendly,relaxed,conversation-friendly",ambient/none,"Sky Cafe offers a genuinely unique experience with plane spotting that creates memorable moments, especially for families, and consistently delivers quality food and service as evidenced by strong ratings. While the aesthetic may be basic, the distinctive airport-adjacent location and peaceful outdoor dining with aviation views elevates it above typical casual spots."
164,"Dirty Taco and Tequila","Port Washington",,dining,7,4.5,4.1,"trendy,modern,casual,lively,eclectic,vibrant,social,relaxed,fun,youthful","Live bands,contemporary","Dirty Taco and Tequila offers a trendy, modern atmosphere with solid food presentation and good reviews, making it a solid choice for casual dining with friends. While it has a fun vibe and decent ambiance, it lacks the uniqueness or premium feel to push it into the 8+ range."
1599,"Mediterra Restaurant Princeton",Princeton,,dining,7,4.4,3.6,"warm,inviting,casual,family-friendly,comfortable,reliable,traditional,welcoming,cozy,neighborhood-favorite","soft jazz,ambient","Mediterra offers a consistently good Mediterranean dining experience with solid food quality and attentive service, making it a reliable choice for special occasions in Princeton. While the restaurant has a charming atmosphere and professional execution, it falls into the ""good but not special"" category without unique distinguishing factors that would elevate it to premium status."
1596,_mamannyc_,Princeton,,dining,7,4.6,3.9,"Cozy,Rustic,Trendy,Natural,Charming,Relaxed,Friendly,Clean,Spacious,Instagram-worthy","Ambient,Indie Folk","Maman offers a charming, trendy atmosphere with rustic decor and good food presentation, but the mixed reviews on food quality (decent cappuccino complaints) and its casual breakfast/brunch positioning prevent it from reaching premium status. The strong visual appeal and cozy ambiance elevate it above basic casual dining but it lacks the uniqueness or upscale refinement for an 8+ score."
1831,"Caribbean Soul NYC",Queens,Rosedale,dining,7,4.1,5.0,"upscale-casual,rooftop dining,trendy,lively,social,modern,vibrant,cozy,multicultural,nightlife-ready","Caribbean,reggae,dancehall,DJ nights","Caribbean Soul NYC offers a solid upscale-casual experience with multiple dining areas including a rooftop, well-crafted cocktails, and consistently hot, flavorful Caribbean cuisine. While the ambiance and interior are appealing with good vibes, the food presentation needs refinement and the limited review base suggests it's still establishing itself in the market."
1830,"Q102 Pool Hall",Queens,Jamaica,nightlife,7,4.4,4.2,"Pool Hall,Sports Bar,Nightlife,Social,Lively,Friendly,Modern,Clean,Safe,Entertainment,Group Hangout","Hip-Hop,Pop,Variety DJ Sets","Q102 Pool Hall delivers a solid entertainment experience with well-maintained facilities, good food/drinks, and strong customer service that creates a lively social atmosphere. While the photos show somewhat basic decor, the positive reviews highlighting security, cleanliness, modern LED bar, and consistent good vibes elevate it above average."
1090,"Queens Night Market",Queens,Corona,dining,7,4.6,4.0,"Cultural,Diverse,Community,Family-Friendly,Lively,Outdoor,Festival,Authentic,Local,Social,Casual,Energetic","Live Performances,Cultural Music","Queens Night Market offers an authentic cultural experience with diverse international food vendors and a lively community atmosphere that attracts both locals and visitors. While the setting is basic outdoor market style, the strong ratings (4.6/5 on Google) and emphasis on cultural diversity and variety create a genuinely engaging experience worth seeking out."
390,"The Green Grump Christmas Pop Up Bar",Queens,"Long Island City",nightlife,7,3.9,2.9,"festive,seasonal,cozy,trendy,immersive,bustling,photo-worthy,Christmas-themed,creative,memorable,lively","Holiday classics,ambient","The Green Grump offers a unique and immersive seasonal experience with creative cocktails and festive atmosphere that creates memorable moments. However, the mixed reviews (2.9 Yelp vs 3.9 Google) and small space suggest inconsistent service quality that prevents it from reaching premium status."
597,"Tootsies Everything Waffle",Quinby,"",dining,7,4.7,4.0,"#BlackOwned #ComfortFood #FamilyFriendly #Cozy #Southern #Hospitality #CommunityGem #WarmWelcoming #Homestyle #Spacious #Neighborhood","Soul,R&B,Gospel","Tootsies Everything Waffle delivers excellent food quality with perfect seasoning and fresh ingredients, earning strong reviews for both taste and hospitality. While the space is welcoming and the presentation varies from casual to artful, it maintains a comfortable neighborhood gem vibe rather than reaching premium status."
1571,"Taliercio's","Red Bank",,dining,7,4.6,4.5,"casual-dining,family-friendly,local-favorite,social-media-famous,no-frills,comfort-food,busy-lunch-spot,hearty-portions,authentic,community-hub","","Despite the basic ambiance and casual interior, Taliercio's has achieved cult status with exceptional food quality, massive portions, and a loyal following that drives people to travel long distances. The strong social media presence, consistent rave reviews, and unique ""experience"" factor elevate it beyond a typical deli."
2029,"The Melting Pot",Redbank,,dining,7,4.4,3.2,"Interactive dining,date night,celebratory,cozy,trendy,memorable,social,experiential,romantic,group-friendly","Ambient,contemporary","The Melting Pot offers a unique interactive fondue experience with solid ambiance and presentation, earning strong Google reviews (4.4⭐) that highlight exceptional service and atmosphere. However, the lower Yelp rating (3.2⭐) and ""slightly dated"" interior prevent it from reaching premium status, though it remains a solid choice for special occasions."
1549,"El Asadero Mexican Grill","Rochelle Park",,dining,7,4.5,3.0,"authentic,festive,cultural,family-friendly,lively,colorful,traditional,welcoming","Latin,Mexican folk","El Asadero offers an authentic and vibrant Mexican atmosphere with impressive cultural decor like Dia de los Muertos altars and unique touches like saddle bar stools, creating a memorable dining experience. While the food quality is consistently praised and the ambiance is festive, the moderate price point and occasional service issues prevent it from reaching premium status."
1972,"Berkeley Cut","Seaside Heights",,dining,7,4.1,3.2,"upscale-casual,trendy,modern,cocktail-focused,date-night,family-friendly,seaside,vibrant,stylish,contemporary,relaxed-elegant","contemporary pop,light jazz","Berkeley Cut delivers a solid upscale dining experience with professional cocktail presentation and elegant table settings, though some inconsistency in food quality (particularly steaks) and mixed ambiance across different areas prevents it from reaching premium status. The combination of excellent seafood, trendy cocktail bar vibes, and generally positive reviews places it in the ""good but not special"" category."
747,"Albariño",Shrewsbury,,dining,7,4.4,4.0,"trendy,modern,wine-focused,stylish,intimate,social,upbeat,sophisticated,casual-upscale","ambient,light jazz,contemporary","Albariño offers a solid trendy atmosphere with stylish interiors and good ratings, making it a reliable choice for wine and tapas. However, it falls short of premium status due to authentic Spanish cuisine concerns and decent but not exceptional food presentation."
843,"Pink Pistachio Cafe",Somerville,Somerset,dining,7,4.7,3.6,"trendy,modern,Instagram-worthy,cozy,clean,relaxed,casual dining,pink aesthetic,comfortable,inviting,charming","soft pop,indie pop","Pink Pistachio Cafe offers a trendy, Instagram-worthy atmosphere with solid food and exceptional service, but the significant gap between Yelp (3.6) and Google (4.7) ratings suggests inconsistent experiences. While the modern pink aesthetic and attentive staff create a pleasant dining environment, it falls into the ""good but not special"" category rather than premium."
239,"Kitchen 519","South Jersey",Glendora,dining,7,4.6,4.4,"cozy,artsy,relaxed,passionate,fresh,house-made,neighborhood-gem,culinary-focused,friendly,approachable,intimate","acoustic,indie,soft contemporary","Kitchen 519 delivers exceptional food quality and passionate service that creates a memorable dining experience, with reviewers consistently praising the fresh, house-made components and expert staff knowledge. While the physical space appears more casual than premium, the culinary execution and service excellence elevate it above typical neighborhood restaurants."
1331,"Angelina's Kitchen","Staten Island","New Springville",dining,7,4.3,3.3,"family-friendly,rustic,cozy,authentic,traditional,festive,welcoming,neighborhood,intimate,homestyle,casual-dining","Italian classics","Angelina's Kitchen offers authentic Italian cuisine with exceptional service and a cozy, rustic atmosphere that appeals to families and groups hosting special events. While the ambiance and interior are decent, the strong Google reviews, event hosting capabilities, and authentic Sicilian dishes elevate it above average despite mixed Yelp ratings."
546,"Shaw-nae’s House","Staten Island","Stapleton Heights",dining,7,4.8,4.5,"homey,family-style,cozy,welcoming,authentic,comfort-food,intimate,warm,personal,community","","Shaw-nae's House delivers exceptional soul food with outstanding service and creates a genuinely warm, family-like atmosphere that makes guests feel at home. While the ambiance is more homey than upscale, the quality of food, personal touch from the owner, and authentic hospitality elevate it above typical casual dining."
554,"Shawna's House","Staten Island","Stapleton Heights",dining,7,4.8,4.6,"homey,family-style,cozy,welcoming,intimate,neighborhood-gem,authentic,comfort-focused,personal-touch,warm-hospitality","","This intimate neighborhood gem delivers exceptional Southern comfort food with genuine hospitality in a cozy, family-home atmosphere that creates memorable experiences. While the setting is casual and homey rather than trendy, the passionate owner-chef interaction, outstanding food quality, and warm ""favorite auntie's house"" vibe make it special enough to warrant seeking out."
1816,"Shawnae's House","Staten Island","Stapleton Heights",dining,7,4.8,4.5,"homestyle,family-friendly,cozy,authentic,welcoming,intimate,comfort,personal,warm,community","","Despite average photo scores, this soul food spot delivers an exceptional dining experience with impeccable service, perfectly executed comfort food, and a warm family atmosphere that makes guests feel at home. The owner's personal touch, outstanding reviews, and authentic homestyle cooking elevate it above typical casual dining."
1805,"Søul Mac","Staten Island","Bulls Head",dining,7,4.8,5.0,"homey,family-style,welcoming,comfort-food,authentic,personal-service,cozy,laid-back,community,soul-food-tradition,warm-hospitality","","While the ambiance and interior are basic, the exceptional personal service from the owner who greets guests with hugs and kisses, combined with perfectly executed soul food and a genuinely warm family atmosphere, creates a special dining experience. The homey ""favorite auntie's house"" vibe with living room seating and outstanding food quality elevates this beyond typical casual dining."
958,"Secret Tea Room at Reeves Reed Arboretum",Summit,,dining,7,4.8,4.6,"botanical,charming,vintage,outdoor,garden,peaceful,family-friendly,quaint,cozy,natural,romantic,whimsical","","This charming botanical tea room offers a unique outdoor dining experience with vintage elements and beautiful natural surroundings that create a memorable atmosphere. While it has strong ratings and a distinctive concept, the venue appears more quaint than upscale and lacks the premium polish needed for a higher score."
1968,"Surf City Bar","Surf City",,nightlife,7,4.2,4.0,"beachfront,coastal,relaxed,hotel-bar,ocean-views,laid-back,weekend-getaway,comfortable,traditional,beach-retreat","beach/tropical,classic rock","The beachfront location and hotel setting provide a solid upscale coastal experience with beautiful ocean views and well-maintained facilities. While some areas appear more basic, the overall package delivers a comfortable beach retreat atmosphere that exceeds typical casual dining."
445,"Taste Buds Soul Food",Vineland,,dining,7,4.5,4.5,"authentic,homely,comfort food,no-frills,warm,inviting,family-owned,traditional,hearty,local favorite,unpretentious,genuine","Gospel,R&B,Blues","Despite the modest interior and ambiance scores, this soul food spot delivers exceptional quality food that creates a memorable experience, as evidenced by passionate customer reviews and strong ratings. The authentic, no-frills approach combined with outstanding culinary execution makes it a worthy destination for those seeking genuine soul food."
1604,"Legacy Bar & Grill","Washington Heights",Manhattan,lounge,7,4.4,3.7,"Lively,Colorful,Vibrant,Welcoming,Neighborhood,Eclectic,Playful,Energetic,Casual","Bachata,Latin","Legacy Bar & Grill delivers a vibrant, welcoming atmosphere with exceptional hospitality that creates memorable experiences, as evidenced by the glowing reviews about staff going above and beyond. While the interior has some dated elements and presentation inconsistencies, the lively ambiance, creative cocktails, and authentic Latin energy make it a solid neighborhood gem."
1697,Limosneros,Williamsburg,Williamsburg,dining,7,4.4,4.0,"Cozy,Rustic,Modern,Neighborhood,Authentic,Conversational,Relaxed,Friendly,Date-Night,Local-Favorite","Latin,Background","Limosneros delivers solid neighborhood dining with authentic flavors, good cocktails, and a cozy atmosphere that encourages conversation. While it has strong reviews and a pleasant vibe, it lacks the premium or unique elements that would elevate it to the 8+ range."
1565,"Sushi On Me",Williamsburg,Williamsburg,dining,7,4.5,4.0,"#FreshSushi #UnlimitedSake #ChefInteraction #Celebratory #Trendy #Interactive #FunStaff #InnovativeFood #PhotoWorthy #CasualElegance #WilliamsburgVibes","Contemporary Japanese,Ambient","This sushi spot delivers a memorable experience with fresh, innovative dishes, unlimited sake, and engaging staff that create a fun, celebratory atmosphere. While the food quality and service are excellent, the casual charm and affordable pricing keep it from reaching premium upscale territory."
1562,"The Cellar 42",Williamsburg,Southside,dining,7,4.1,3.4,"cozy,modern,dimly-lit,spacious,relaxed,beer-focused,lounge,quiet,new,underground,intimate,stylish",ambient,"The Cellar 42 offers a solid modern lounge experience with good ambiance and food presentation, plus it's part of a hotel which adds credibility. However, the limited review count and moderate star ratings prevent it from reaching premium status, though it clearly exceeds basic casual dining standards."
894,"Sole Food",Woodbridge,Hopelawn,dining,7,4.8,4.7,"authentic,community,comfort-food,friendly,laid-back,local-favorite,no-frills,soulful,welcoming,family-style",R&B,"Despite basic ambiance and presentation, Sole Food delivers exceptional soul food with outstanding reviews praising unique items like fried ribs and candied wings, plus stellar service that creates a welcoming community vibe. The consistently high ratings and passionate customer loyalty elevate this beyond a typical casual spot into something special for authentic comfort food lovers."
413,"Strickland's Steakhouse",Woodbridge,Woodbridge,dining,7,4.6,4.1,"Upscale,Classic,Refined,Professional,Trendy,Date Night,Business Dining,Sophisticated,Traditional,Celebration","Jazz,Lounge","Strickland's Steakhouse offers a solid upscale dining experience with refined ambiance and professional presentation, earning strong ratings across platforms. While the steaks are well-executed and the service is commendable, some pricing concerns and inconsistent food quality (bland steak tartare, overly sweet soup) prevent it from reaching premium status."
865,"Volpe Ristorante at The Fox Hollow",Woodbury,"",dining,7,4.6,3.6,"upscale-casual,modern-elegant,romantic-dinner,business-dining,date-night,sophisticated,trendy,hotel-dining,wedding-venue","soft-jazz,contemporary","While the venue offers upscale ambiance with excellent interior design and professional presentation, the mixed reviews and ""hotel vibes"" mentioned by guests prevent it from reaching premium status. The Google rating of 4.6 is solid, but the lower Yelp score and feedback about noise levels and less romantic atmosphere than expected indicate good quality without being truly special."
605,"Fire steak en vis restaurant",Zolder-Boekt,Zolder,dining,7,4.7,1.0,"Modern,Trendy,Upscale-Casual,Family-Friendly,Authentic,Welcoming,Sleek,Bright,Inviting,Professional,Memorable","Contemporary,Ambient","While the restaurant delivers excellent food quality and has a modern, trendy atmosphere with strong Google reviews, the single 1-star Yelp review and some inconsistency in presentation across photos prevent it from reaching premium status. The venue shows promise as a solid steakhouse with authentic preparation and welcoming ambiance, but needs more consistency to be truly special."
2013,"Blue Bottle Coffee",city,"Downtown Core",dining,7,4.4,5.0,"Modern,Upscale,Contemporary,Professional,Clean,Minimalist,Sophisticated,Neutral,Sleek,Corporate,Quality-focused","Ambient,Instrumental","Blue Bottle Coffee delivers a premium coffee experience with high-quality brews and modern aesthetics in a prime Rockefeller Plaza location. While it offers upscale coffeehouse vibes and strong ratings, it remains fundamentally a coffee shop without the unique experiential elements that would elevate it to premium tier."
1021,"Palazzone 1960","north Jersey",,dining,7,4.7,4.6,"cozy,authentic,neighborhood,family-friendly,welcoming,Italian,traditional,local-favorite,pastry-focused","Italian classics or none","Palazzone 1960 offers solid Italian cuisine with excellent pastries and coffee in a pleasant, professional setting that attracts consistent praise. While it delivers quality food and service with strong ratings, it operates more as a reliable neighborhood Italian spot rather than a truly unique or premium destination."
1022,"The Pasta Shop","north Jersey",,dining,7,4.8,4.6,"cozy,family-owned,authentic,welcoming,neighborhood-gem,scratch-made,intimate,bustling,traditional,local-favorite","","The Pasta Shop delivers exceptional food quality and service that creates a memorable dining experience, as evidenced by consistently packed crowds and rave reviews praising everything from scratch-made dishes to outstanding hospitality. While the ambiance is more cozy neighborhood gem than trendy hotspot, the combination of premium Italian cuisine, warm family atmosphere, and dedicated craft elevates it above typical casual dining."
937,"Pig Beach Queens",Astoria,Astoria,dining,6,4.4,4.0,"casual,laid-back,beer-garden,rustic,comfort-food,spacious,outdoor-seating,live-music,neighborhood,unpretentious,family-friendly","country,live-music","Pig Beach Queens offers solid BBQ in a casual beer garden setting with live music, but the dated interior and straightforward presentation keep it from being special. While the food quality is decent and prices are reasonable, the overall experience is standard casual dining without unique standout elements."
212,"Smoke and Mirrors",Astoria,"Long Island City",nightlife,6,4.5,2.7,"Sports Bar,Lounge,Music Videos,Casual Dining,TV Screens,Couch Seating,Mixed Crowd,Weekend Spot,Cocktail Bar,Neighborhood Spot","Hip-Hop,Pop,Music Videos","While the venue has some trendy elements and decent vibes with music video sync technology, the mixed reviews revealing boxed waffles and ""okay"" food quality, combined with the stark rating disparity between platforms, suggests an inconsistent experience that falls into the ""good but not special"" category. The casual sports bar atmosphere with couches that discourage dancing limits its appeal for memorable nights out."
1294,"South Beach",Astoria,Astoria,nightlife,6,4.1,3.3,"Sports Bar,Lounge,Multi-Level,Patio Dining,Pool Tables,DJ Music,Happy Hour,Brunch Spot,Mixed Crowd,Entertainment Venue,Waterfront Adjacent,Game Room","Hip-Hop,Top 40,DJ Sets","South Beach offers a decent multi-purpose venue with sports bar, lounge, and outdoor elements, but suffers from inconsistent service and staffing issues that detract from the overall experience. While the venue has good bones with nice amenities like pool tables, patio seating, and entertainment spaces, the execution appears lacking based on mixed reviews."
2132,"Tipsy Scoop",Astoria,Astoria,dining,6,4.6,4.5,"casual,laid-back,trendy,fun,alcohol-infused,dessert-focused,neighborhood,simple,straightforward,sweet-treats","pop,indie","While Tipsy Scoop offers a unique concept with alcohol-infused ice cream, the overall experience is hindered by mediocre execution and inconsistent quality that doesn't justify the price point. The casual ice cream shop atmosphere and mixed reviews about flavor intensity and value prevent it from reaching premium status."
2189,"hookah place",Astoria,Astoria,nightlife,6,4.8,4.3,"cozy,relaxed,friendly,social,hookah lounge,neighborhood spot,welcoming,intimate,laid-back","Middle Eastern,ambient lounge","While the venue has strong Google reviews praising the service and atmosphere, the photos reveal a basic interior with dated elements that lack the premium touches needed for a higher score. The cozy atmosphere and excellent service create a pleasant experience, but the overall aesthetic remains forgettable and doesn't stand out in the competitive nightlife scene."
679,"Habeebi’s Soul Food","Atlantic City",,dining,6,4.5,0.0,"casual,family-owned,welcoming,authentic,neighborhood,urban,artistic,Muslim-owned,hospitality-focused,comfort-food,community","","While Habeebi's has strong Google reviews (4.5 stars) and offers genuine hospitality with flavorful soul food, the casual setup, mixed food execution (dry fish, overly vinegary sides), and basic presentation keep it from reaching premium status. It's a solid neighborhood spot with heart but lacks the refinement or unique factor for higher scoring."
795,"Kelsey’s Soul Food AC","Atlantic City",,dining,6,4.4,4.0,"casual,neighborhood,laid-back,comfort-food,dancing,singing,DJ-entertainment,brunch-spot,soul-food,friendly,unpretentious,lively","Hip-Hop,R&B,Soul","While Kelsey's Soul Food has solid ratings and offers live DJ entertainment during brunch creating a fun atmosphere, the mixed reviews about food quality, basic presentation, and casual neighborhood vibe keep it from being special. The $45+ brunch price point suggests ambition, but the execution and ambiance don't quite match premium expectations."
520,"Feed Ya Soul",Avenel,Avenel,dining,6,4.6,4.5,"family-owned,comfort-food,welcoming,down-to-earth,homestyle,neighborhood-gem,authentic,generous-portions","R&B,Gospel,none","Feed Ya Soul delivers exceptional food quality and warm hospitality with outstanding reviews praising the passionate family ownership and perfectly seasoned comfort food. However, the basic interior design and casual presentation prevent it from achieving a higher vibe score despite the excellent culinary experience."
351,"La Papa",Barcelona,"L'Eixample",dining,6,4.5,4.8,"cozy,welcoming,friendly,trendy,relaxed,neighborhood,artisanal,fresh,intimate,casual","ambient,indie","While La Papa has excellent reviews and great food presentation, the casual breakfast/brunch atmosphere and approachable vibe prevent it from reaching premium territory. The venue serves quality food with good service but lacks the upscale ambiance or unique character that would elevate it to a higher tier."
564,"Ms Wandas",Bayonne,,dining,6,3.8,4.2,"Cozy,Live Music,Upscale Casual,Welcoming,Intimate,Date Night,Soul Food,Community Spot,Local Gem,Music Venue,Comfort Food,Neighborhood","Live Music,Soul,R&B","While the venue offers live music and Southern cuisine in a cozy setting, the inconsistent service (1.5 hour wait times) and dated interior prevent it from reaching premium status. The mixed Google reviews and lower overall ratings indicate operational issues that detract from the dining experience."
1767,"2 Chix Brunch",Bedstuy,Bedford-Stuyvesant,dining,6,4.1,4.0,"cozy,playful,pink-themed,casual,brunch-focused,trendy,instagram-worthy,relaxed,neighborhood-spot,comfort-dining","hip-hop,r&b","While 2 Chix Brunch has solid ratings and a cute pink-themed interior with good vibes, the food quality issues mentioned in reviews and overall casual brunch atmosphere keep it from being special. The cozy appeal and playful theme make it decent but not memorable enough for a higher score."
2262,DJais,Belmar,,nightlife,6,3.9,2.7,"beachside,nightlife,live music,social,trendy lighting,party atmosphere,vacation spot,casual dining,drinks focused,tourist destination","live bands,dance","DJais offers a decent beachside atmosphere with live music and nightlife potential, but the food quality is disappointing and overpriced for what's delivered. The venue seems to rely more on its location and party atmosphere than providing a truly memorable dining or entertainment experience."
896,"Kaya’s Kitchen",Belmar,,dining,6,4.6,3.9,"casual,laid-back,friendly,health-conscious,plant-based,welcoming,unpretentious,comfortable,community-focused","Live music (occasional)","While Kaya's Kitchen offers good quality vegan food and friendly service, the interior appears dated and functional rather than trendy or special. The casual food court atmosphere and mixed photo quality prevent it from reaching a higher vibe score despite positive reviews."
661,Roca,Berlin,"Bezirk Charlottenburg-Wilmersdorf",dining,6,4.1,4.0,"upscale,modern,trendy,elegant,vibrant,inviting,stylish,contemporary,atmospheric,sleek","ambient,lounge","While the venue has impressive visual appeal with upscale decor and solid ratings, the mixed reviews revealing significant service issues (sluggish service, forgotten orders, understaffed) and inconsistent food portions prevent it from reaching premium status. The positive surf & turf review and overall aesthetic keep it in the ""good but not special"" category."
1703,"Blue Steel Pizza Company",Bloomfield,"",dining,6,4.6,4.3,"Modern,Comfortable,Professional,Casual Dining,Family-Friendly,Neighborhood Spot,Multi-Cuisine",Background/Ambient,"Blue Steel Pizza Company offers a solid dining experience with good ratings and decent presentation, but falls short of being special or unique based on mixed reviews about service quality and food consistency. The venue appears professional and comfortable but lacks the premium vibe or standout elements needed for a higher score."
403,"The Grove Grill",Bloomfield,"Ampere North",dining,6,4.4,4.5,"authentic,local,comfort-food,neighborhood,caribbean,casual-dining,family-friendly,takeout-friendly,laid-back,homestyle","reggae,caribbean","The Grove Grill offers authentic Jamaican cuisine with good ratings and unique dishes like oxtail patties and rasta pasta, but the casual neighborhood setting and basic presentation prevent it from reaching premium status. While the food quality appears solid based on positive reviews, the overall experience lacks the upscale ambiance and refined presentation expected for higher scores."
654,"Di Fara",Brick,Midwood,dining,6,4.2,4.0,"historic,nostalgic,old-school,legendary,authentic,neighborhood,casual,no-frills,traditional,iconic","","Di Fara is a legendary, historic pizza institution with strong nostalgic appeal and decent ratings, but the reviews reveal disappointing food quality, dated ambiance, and an overall experience that relies more on reputation than current excellence. While it has cultural significance in the pizza world, the actual dining experience appears mediocre with greasy pizza and limited seating."
1873,"Casa della Mozzarella",Bronx,"Little Italy",dining,6,4.8,4.8,"authentic,old-school,neighborhood,traditional,casual,family-friendly,Italian-American,rustic,local-favorite,homemade,generous-portions,unpretentious","","Casa della Mozzarella delivers excellent authentic Italian deli food with outstanding ratings, but it's a traditional neighborhood spot without the upscale ambiance or trendy factor needed for a higher score. The rustic, old-school charm appeals to locals and visitors seeking authentic Italian-American deli experience rather than a premium dining destination."
1871,"Egidio Pastry Shop",Bronx,"Little Italy",dining,6,4.3,3.5,"neighborhood gem,nostalgic,authentic,traditional,family-friendly,old-school,Italian heritage,cozy,unpretentious,local favorite,timeless,welcoming","","While Egidio Pastry Shop has authentic charm and nostalgic appeal as a neighborhood institution, the dated interior and modest ambiance prevent it from reaching premium status. The strong customer loyalty and quality pastries earn it a solid ""good but not special"" rating."
1895,"Grounds Donut House",Bronx,"East Bronx",dining,6,4.5,4.5,"casual,family-friendly,neighborhood-spot,fresh-donuts,basic-interior,takeout-friendly,affordable-eats","","While Grounds Donut House has solid ratings and fresh, creative donuts, it's essentially a basic donut shop with average ambiance and interior that doesn't offer anything particularly special or unique. The high prices for simple additions like oat milk and the casual takeout-style operation keep it from standing out in the competitive food scene."
1872,"Madonia Bakery",Bronx,"Little Italy",dining,6,4.6,4.3,"Traditional,Old-School,Authentic,Neighborhood,Classic,Italian,Family-Owned,Simple,Nostalgic,Local",None,"Madonia Bakery delivers excellent traditional Italian baked goods with strong reviews, but the dated interior and functional atmosphere keep it from being special. While the food quality is clearly high, the overall vibe is more classic neighborhood bakery than trendy destination."
465,"Vogue Restaurant Lounge",Bronx,Highbridge,dining|nightlife|lounge,6,4.2,3.8,"trendy,modern,eclectic,casual upscale,social,colorful,mixed crowd,inconsistent,neighborhood spot,lounge vibes,date night,group friendly","hip-hop,r&b,reggae","While the venue shows potential with some upscale design elements and decent Google ratings, the mixed photo quality, inconsistent presentation, and notably poor service experiences prevent it from achieving premium status. The 3.8 Yelp rating and service complaints indicate reliability issues that impact the overall experience."
2183,"24hr soul food spot",Brooklyn,"Boerum Hill",dining,6,4.2,3.8,"#authentic #homestyle #casual #neighborhood #comforting #nofuss #laidback #24hours #familyfriendly #takeout","Reggae,R&B","This is a solid neighborhood soul food spot with authentic home-style cooking that hits the mark for comfort food lovers, but lacks the elevated experience or consistent execution needed for a higher score. The mixed reviews highlight inconsistent seasoning and preparation, while the casual 24-hour diner atmosphere doesn't offer anything particularly special beyond decent Caribbean-soul fusion."
558,"BAP'S",Brooklyn,,dining,6,4.6,4.2,"casual,authentic,neighborhood,functional,unpretentious,family-friendly,straightforward,local,traditional,basic","","BAP'S meets the threshold with solid ratings (4.2-4.6 stars) and authentic Vietnamese cuisine, but the dated interior and functional atmosphere prevent it from achieving anything special. It's a reliable neighborhood spot for good food rather than a destination with memorable vibes."
2164,"Bamboo Walk",Brooklyn,,dining,6,4.5,0.0,"#caribbean #familyfriendly #outdoor #casual #neighborhood #authentic #relaxed #birthdayspot","reggae,soca,caribbean","While Bamboo Walk has excellent Google reviews and good food presentation, the photos reveal a fairly standard casual dining setup that lacks the unique atmosphere or upscale elements needed for a higher score. The venue appears pleasant but doesn't offer anything particularly memorable or distinctive beyond good Caribbean food and service."
2019,"Bars and Delis",Brooklyn,Bedford-Stuyvesant,dining,6,4.4,4.0,"trendy,modern,neighborhood-spot,deli-casual,brooklyn-local,charming,laid-back",indie-folk,"While the venue has good ratings and trendy presentation, the conflicting reviews about declining quality and inconsistent portions raise concerns about reliability. The $19 price point for sandwiches suggests positioning toward premium, but execution appears inconsistent based on customer feedback."
966,"Farmer in the Deli",Brooklyn,"Fort Greene",dining,6,4.6,4.3,"neighborhood-deli,authentic,casual-dining,no-frills,local-favorite,affordable,quick-service,unpretentious,traditional,comfort-food,takeout-friendly,blue-collar","","While the venue scores solid ratings and delivers on authentic deli experience with unique chopped sandwiches, the ambiance and interior are quite basic with minimal aesthetic appeal. It's a good neighborhood spot that does its job well but lacks the special atmosphere or visual appeal that would elevate it to a higher tier."
502,"GG’s Fish & Chips",Brooklyn,"Carroll Gardens",dining,6,4.3,4.3,"casual,neighborhood-spot,comfort-food,family-friendly,laid-back,authentic,home-style,unpretentious","","While the food quality and service receive praise from reviews, the overall ambiance and presentation are fairly basic for a casual fish & chips spot. The venue meets the threshold with decent ratings and positive feedback, but lacks the special atmosphere or unique vibe that would elevate it further."
1630,Ichiran,Brooklyn,Bushwick,dining,6,4.4,3.8,"Solo dining,customizable,modern,no-frills,focused,efficient,authentic,Japanese chain,booth seating,minimalist,quick service",None,"While Ichiran offers a unique solo dining concept with customizable ramen and decent food quality, the mixed reviews highlight overpricing issues and service quirks that detract from the overall experience. The venue provides good food but lacks the special atmosphere or exceptional value needed for a higher score."
967,"Jack's Dining Room",Brooklyn,Williamsburg,dining,6,4.3,4.3,"neighborhood-spot,laid-back,friendly-service,unpretentious,cozy,local-favorite,relaxed,family-friendly","","Jack's Dining Room delivers solid food quality with standout dishes like their grilled fish, but the overall experience remains fairly basic with simple presentation and casual ambiance. While reviews praise the friendly service and food accommodations, the small portions for the price and straightforward atmosphere keep it from being truly special."
1330,"Leah's Cucina",Brooklyn,"Borough Park",dining,6,4.2,4.3,"neighborhood,local,mixed-identity,inconsistent,family-friendly,unpretentious,confusing,utilitarian","","While Photo 1 shows upscale potential with refined presentation, the remaining photos reveal a more basic deli-style setup that contradicts the restaurant's Italian/cocktail bar categorization. The mixed reviews and inconsistent visual identity suggest a decent neighborhood spot but nothing particularly special or cohesive."
1993,"Little Oaxaca",Brooklyn,"Boerum Hill",dining,6,4.7,4.2,"relaxed,authentic,neighborhood,spacious,outdoor seating,family-friendly,local,cozy,traditional,welcoming","Latin,Ambient","While Little Oaxaca offers authentic Mexican cuisine with good reviews and a nice outdoor space, the venue lacks the premium uniqueness and standout atmosphere needed for a higher score. The photos show decent but not exceptional ambiance, and reviews indicate it's good quality food in a pleasant setting rather than a truly special dining experience."
927,"Lobo Cafe",Brooklyn,"Cobble Hill",dining,6,4.4,3.3,"casual,neighborhood,relaxed,family-friendly,authentic,unpretentious,cozy,laid-back","","Lobo Cafe offers a solid casual Tex-Mex experience with good food and reasonable prices, but lacks the distinctive ambiance or upscale elements that would make it particularly noteworthy. The mixed ratings (3.3 Yelp vs 4.4 Google) and dated interior suggest it's a reliable neighborhood spot rather than a destination venue."
1606,OhBoy,Brooklyn,Williamsburg,dining,6,4.0,3.9,"casual,neighborhood,laid-back,comfort-food,outdoor-seating,friendly-staff,hidden-gem,quick-bite,unpretentious,local-favorite,simple,cozy","indie-folk,chill-pop","OhBoy offers solid comfort food with friendly service in a casual neighborhood setting, but lacks the distinctive character or polished experience that would elevate it above standard brunch spots. The decent ratings and basic presentation suggest it's reliable but not memorable enough to be a destination venue."
1627,Razzan,Brooklyn,"Bay Ridge",dining,6,4.3,0.0,"authentic,neighborhood,cozy,traditional,family-friendly,takeout-friendly,unpretentious,flavorful,cultural,local","Middle Eastern,traditional","While the food receives high praise for authenticity and flavor, the dated interior and average ambiance scores prevent this from reaching premium status. The strong Google reviews and reasonable pricing suggest a solid neighborhood spot but not a destination venue."
16,"Rockaway Gourmet Deli",Brooklyn,Canarsie,dining,6,4.5,4.3,"neighborhood-favorite,community-hub,busy,friendly,authentic,local-institution,casual-dining,family-friendly,diverse-menu,fresh-ingredients,jerk-specialties","","While Rockaway Gourmet Deli has excellent food quality and exceptional service that creates a beloved neighborhood institution, it maintains a casual deli atmosphere without upscale or trendy elements. The strong community vibe and loyal following elevate it above average, but the homestyle presentation and everyday ambiance keep it from reaching premium status."
72,"Set Lounge NYC",Brooklyn,Gravesend,nightlife,6,4.3,4.2,"Chill,casual,entertainment,hookah lounge,sports bar,laid-back,friendly,social,games,bowling,pool hall,hangout","Hip-hop,R&B,lounge","Set Lounge offers a decent entertainment experience with pool, bowling, and hookah in a casual atmosphere, but the photos reveal a lack of distinctive upscale design elements or premium ambiance. While reviews praise it as a ""chill hangout spot,"" the straightforward setup and moderate visual appeal place it in the good-but-not-special category."
1875,"Slutty Vegan",Brooklyn,"Fort Greene",dining,6,4.3,4.1,"trendy,casual,small-space,artistic,urban,quick-service,Instagram-worthy,neighborhood-spot,messy-eats,counter-service","Hip-hop,R&B","While Slutty Vegan has good ratings and a trendy brand concept, the casual fast-food presentation and small space limit its overall appeal. The venue offers decent vegan options with flavor but lacks the ambiance and upscale experience that would elevate it to a higher tier."
344,"Sofia and Grace Cookie Co.",Brooklyn,"Ocean Hill",dining,6,4.7,4.7,"casual,quirky,colorful,playful,neighborhood,cozy,vegan-friendly,bakery,takeout,family-friendly","indie pop,acoustic","While Sofia and Grace Cookie Co. has excellent ratings (4.7 stars) and specializes in unique vegan-friendly cookies with quirky charm, it's ultimately a casual bakery/coffee shop with mediocre ambiance and presentation scores. The mixed reviews about overpriced items and misleading menu descriptions, combined with the basic cafe setting, keep it in the ""good but not special"" category."
517,"Soul Food NJ",Brooklyn,"Crown Heights",dining,6,4.8,5.0,"family-friendly,cozy,welcoming,casual-dining,comfort-food,neighborhood-spot,warm-atmosphere,homestyle,relaxed","R&B,oldies,soul","Soul Food NJ offers a warm, family-friendly atmosphere with solid comfort food, but the mixed reviews on food quality and casual presentation prevent it from reaching premium status. The venue provides a cozy neighborhood experience rather than anything particularly unique or upscale."
328,"The Soul Spot",Brooklyn,"Boerum Hill",dining,6,4.2,3.4,"homestyle,authentic,community-oriented,casual,family-friendly,cultural,neighborhood-spot,comfort-food,unpretentious,local-favorite","reggae,soul,R&B","The Soul Spot offers authentic, homestyle cooking with strong cultural flavors that create a warm, community feel, but the inconsistent food quality and basic casual atmosphere prevent it from reaching higher scores. While some dishes like the cornbread receive rave reviews, other items lack proper seasoning and execution."
548,Veras,Brooklyn,Brownsville,dining,6,4.4,4.6,"authentic,homey,casual,budget-friendly,neighborhood-spot,comfort-food,unpretentious,family-friendly,down-to-earth,local-favorite,hearty,traditional","","While the food quality receives exceptional praise and the reviews highlight authentic soul food with great value, the venue lacks the premium ambiance, presentation, and trendy appeal needed for a higher score. It's a solid neighborhood spot with amazing food but doesn't offer the elevated dining experience or unique vibe that would make it special beyond the cuisine."
496,"Vera’s Soul Food",Brooklyn,Brownsville,dining,6,4.4,4.5,"comfort-food,family-friendly,budget-friendly,authentic,homestyle,welcoming,casual-dining,neighborhood-spot,hearty-portions,traditional","Gospel,R&B,Soul","While Vera's has solid ratings and exceptional food quality that creates memorable experiences, the simple interior, casual atmosphere, and budget-focused offerings ($6 platters) place it firmly in the good-but-not-special category. The venue excels at comfort food but lacks the upscale ambiance or unique vibe needed for a higher score."
168,"Villa Bate Alba",Brooklyn,Bensonhurst,dining,6,4.6,4.0,"traditional,authentic,family-owned,bustling,old-world,neighborhood-staple,italian,sicilian,bakery,busy,established,local-favorite","","Villa Bate Alba is a solid traditional Italian bakery with authentic offerings and loyal following, but lacks the upscale ambiance or unique vibe that would elevate it beyond neighborhood staple status. The mediocre interior scores and traditional presentation style keep it firmly in ""good but not special"" territory."
1699,"Vinnie's Pizzeria",Brooklyn,Williamsburg,dining,6,4.5,4.1,"casual,neighborhood,nostalgic,laid-back,family-friendly,cozy,no-frills,authentic,local-favorite,unpretentious,comfortable,traditional","","While Vinnie's has solid ratings (4.1-4.5 stars) and loyal customers who appreciate the nostalgic TMNT decorations and good pizza options, the basic ambiance and dated interior keep it from being anything special. It's a reliable neighborhood spot with friendly service, but lacks the unique character or elevated experience needed for a higher score."
1475,Woodland,Brooklyn,"Fort Greene",dining,6,3.9,4.1,"trendy,lively,modern,casual dining,music-focused,social,nightlife,young crowd,energetic,loud","club music,upbeat","While the venue shows modern interior design elements and trendy atmosphere in some photos, the inconsistent presentation quality and club-like noise levels detract from the overall dining experience. The fair pricing and decent food portions are overshadowed by operational issues like strict seating policies and extremely loud music that prevents conversation."
492,"Woodzzy Bar & Outdoor Lounge",Brooklyn,"East Flatbush",nightlife,6,4.4,5.0,"casual,relaxed,modern,cozy,friendly,hidden gem,laid-back,comfortable,neighborhood spot","karaoke (Fridays),background music","While the venue receives excellent customer service reviews and has a modern interior, the overall ambiance and vibe scores are modest (6/10), suggesting it's a pleasant but not exceptional experience. The casual atmosphere and focus on comfort over luxury places it in the ""good but not special"" category."
1776,"best soul food spot",Brooklyn,"Crown Heights",dining,6,4.8,4.1,"casual,homey,family-friendly,laid-back,cozy,warm,comfort-food,takeout-friendly,neighborhood-spot,unpretentious,relaxed","R&B,oldies,soul","While the Google rating is strong and some reviews praise the warm atmosphere and soul food authenticity, the low photo scores across all categories and mixed food quality feedback prevent this from reaching premium status. The casual comfort food focus and basic presentation keep it in the ""good but not special"" tier."
646,bkbeso,Brooklyn,"Stuyvesant Heights",dining,6,3.7,2.9,"trendy,lively,colorful,modern,casual-upscale,vibrant,social,brooklyn-hip,music-focused,energetic","Latin,Caribbean,Hip-Hop","While the venue has good vibes and decent photo presentation, the significant gap between Google (3.7) and Yelp (2.9) ratings suggests inconsistent quality, with the Yelp score being particularly concerning. The positive individual reviews and lively atmosphere keep it in acceptable territory, but the overall rating performance prevents it from reaching higher scores."
648,bun.haus,Brooklyn,Williamsburg,dining,6,4.8,4.7,"casual,trendy,urban,modern,fast-casual,fusion,Brooklyn,accessible,unpretentious,neighborhood,young","hip-hop,indie rock","While bun.haus has solid ratings and offers quality Asian-fusion burgers with creative elements like seaweed fries and hojicha shakes, it remains fundamentally a casual fast-food concept with basic ambiance and straightforward presentation. The food quality elevates it above mediocre, but the overall experience lacks the distinctiveness or atmosphere needed for a higher score."
1814,grottobk,Brooklyn,Bedford-Stuyvesant,dining,6,4.0,0.0,"cozy,casual,authentic,traditional,cramped,loud,informal,family-style,caribbean-culture,neighborhood-spot","karaoke,caribbean","While the Caribbean food receives excellent reviews with dishes scoring 9-10/10, the overall experience is significantly hampered by cramped conditions, disruptive karaoke in a small space, and slow service that creates an uncomfortable dining environment. The food quality keeps this from falling below 6, but the atmosphere issues prevent it from reaching higher scores."
614,"Heavens Countertop",Buffalo,"Central Park",dining,6,4.2,4.5,"Cozy,Family-friendly,Neighborhood,Relaxed,Casual dining,Comfort food,Local favorite,Unpretentious,Traditional,Welcoming,Community","Soul,R&B","While Heavens Countertop has solid ratings (4.5 Yelp, 4.2 Google) and serves quality soul food with good service, the basic ambiance and straightforward casual setup prevent it from standing out as a premium or unique dining destination. It's a reliable neighborhood spot that delivers on food quality but lacks the elevated atmosphere or special vibe that would push it into higher scoring territory."
1980,"Calandra's",Caldwell,,dining,6,4.4,3.8,"Family-friendly,Traditional,Neighborhood gem,Casual dining,Italian village,Wedding cakes,Wood-fired pizza,Confusing layout,Practical",None,"While Calandra's offers solid Italian food and excellent wedding cakes, the confusing layout, dated interior, and mixed service experience prevent it from being memorable or special. The venue serves its purpose as a reliable neighborhood Italian spot but lacks the polish and atmosphere that would elevate it to a higher tier."
266,"Bookers Lounge",Camden,"Bergen Square",nightlife,6,4.3,4.0,"neighborhood-bar,karaoke,casual-dining,happy-hour,dj-nights,relaxed,welcoming,local-hangout,outdoor-seating","DJ,Karaoke","While Bookers Lounge has decent Google ratings and offers karaoke/DJ entertainment with a neighborhood vibe, the inconsistent service, weak drinks, and basic interior presentation prevent it from standing out. The venue falls into the ""good but not special"" category with mixed reviews highlighting service issues despite a solid atmosphere."
198,"Monai soulfood",Carteret,,dining,6,4.1,4.1,"casual,cozy,comfort-food,neighborhood-gem,family-friendly,unpretentious,hearty,authentic,local-spot,straightforward","R&B,Gospel,none","While the food quality is consistently praised and the restaurant has solid 4.1-star ratings, the casual ambiance and straightforward presentation place it in the ""good but not special"" category. It's a reliable neighborhood soul food spot with great comfort food, but lacks the unique vibe or upscale elements needed for a higher score."
754,"Monai's",Carteret,"",dining,6,4.1,4.1,"homey,casual,family-friendly,authentic,unpretentious,cozy,neighborhood,comfort-food,laid-back","R&B,Gospel,none","While Monai's delivers excellent soul food with consistently positive reviews praising fresh, flavorful dishes, the venue lacks the premium atmosphere or unique vibe needed for higher scoring. The homey, casual environment with simple presentation places it squarely in the ""good but not special"" category despite quality food."
562,"Monai’s Soul Food Restaurant",Carteret,,dining,6,4.1,0.0,"homey,comfort-food,family-friendly,neighborhood-gem,casual-dining,authentic,traditional,welcoming,unpretentious","gospel,r&b,oldies","While Monai's Soul Food Restaurant has excellent food quality with rave reviews praising dishes like whiting, shrimp, and sides, the casual presentation in foil trays and dated interior design keep it from reaching premium status. It's a solid neighborhood gem with great soul food, but lacks the upscale ambiance and trendy factor needed for a higher score."
253,"Boiling House","Cherry Hill",Greentree,dining,6,4.4,3.7,"casual dining,seafood boil,outdoor seating,family-friendly,laid-back,comfort food,no-frills,neighborhood spot","soul,R&B","While the food receives praise for being fresh and delicious with good service, the venue has a basic, functional interior that lacks the trendy or upscale atmosphere needed for higher scores. The casual seafood boil concept with outdoor seating and soulful music creates a decent vibe but nothing particularly special or unique."
471,Shangri-La,"Cherry Hill",Springdale,dining,6,4.6,4.2,"casual,family-friendly,neighborhood,functional,simple,comfortable,peaceful,quick-service,unpretentious,local","","While the restaurant has solid ratings and quality food, the casual/functional ambiance and simple presentation place it in the ""good but not special"" category. It serves its purpose as a reliable neighborhood spot but lacks the unique vibe or upscale atmosphere needed for a higher score."
1191,"Shangri-La Chill","Cherry Hill",Springdale,dining,6,4.6,4.0,"casual,family-friendly,neighborhood,relaxed,no-frills,peaceful,quick-service,affordable,unpretentious,comfort-food,reliable,dated","","While the restaurant has solid ratings and quality food with good service, the dated interior, basic presentation, and casual no-frills atmosphere prevent it from standing out as anything special. It serves its purpose as a reliable neighborhood Chinese spot but lacks the unique vibe or upscale elements that would elevate the experience."
244,"bistro cherry hill","Cherry Hill",,dining,6,4.3,4.0,"casual dining,family-friendly,neighborhood spot,comfort food,relaxed,unpretentious,consistent,accessible,straightforward,local favorite","soft rock,background music","Bistro Cherry Hill delivers solid casual dining with consistent food quality and attentive service, but lacks any distinctive character or upscale elements that would elevate it beyond standard neighborhood fare. The mixed reviews about portion sizes and the basic presentation suggest a reliable but unremarkable dining experience."
1704,"Star Tavern","City of Orange","",dining,6,4.5,3.9,"neighborhood-favorite,family-friendly,no-frills,authentic,local-institution,casual-dining,comfort-food,unpretentious,community-hub,traditional",classic-rock,"Star Tavern is a beloved local institution with excellent thin-crust pizza and loyal following, but the basic casual ambiance and simple interior prevent it from reaching premium territory. While the food quality is clearly outstanding based on reviews, the overall experience is more neighborhood staple than destination venue."
528,Bogeys,Clifton,"",dining,6,4.4,3.5,"Sports Bar,Casual Dining,Game Watching,Neighborhood Spot,Lively,Fan-Friendly,Bar-Centric,Karaoke,Comfort Food,Local Hangout","Sports broadcasts,Karaoke","Bogeys is a solid neighborhood sports bar with good food and enthusiastic reviews, but it lacks the unique atmosphere or upscale elements that would elevate it beyond typical bar fare. The dated interior and standard sports bar concept, while executed well, doesn't offer anything particularly special or memorable."
841,"Damasco Cafe NJ",Clifton,,dining,6,4.7,3.5,"cozy,authentic,cultural,relaxed,neighborhood,homemade,traditional,intimate,welcoming,family-friendly","Middle Eastern (Oud),traditional","While Damasco Cafe has authentic charm and cultural atmosphere with live Oud music nights, it operates as a casual neighborhood spot with limited staffing and everyday vibes. The cozy, authentic environment and positive reviews keep it solidly good, but it lacks the upscale polish or trendy factor needed for a higher score."
804,"Tommy’s",Clifton,,dining,6,4.4,4.0,"neighborhood-spot,modern,cocktails,wine-focused,casual-dining,trendy,clean,professional",background/ambient,"Tommy's offers a solid neighborhood dining experience with good food and service, but lacks the distinctive character or upscale elements that would make it truly memorable. The consistently mentioned cold temperature and routine service approach suggest a pleasant but unremarkable venue that doesn't push creative boundaries."
1775,wahizzaclifton,Clifton,,dining,6,4.7,0.0,"casual,friendly,cozy,neighborhood,family-friendly,laid-back,clean,welcoming,local,unpretentious","","While Wahizza has excellent Google reviews (4.7 stars) and serves quality pizza with unique offerings like their signature chimi pizza, the casual pizza shop atmosphere and mediocre photo analysis scores prevent it from reaching premium status. It's a solid neighborhood spot that delivers good food and friendly service but lacks the upscale ambiance or special vibe that would elevate it further."
806,"The Deluxe Way",Cranford,,dining,6,4.9,4.8,"neighborhood-gem,authentic,old-school,nostalgic,family-owned,traditional,cozy,unpretentious,local-favorite","","While this authentic Italian deli has exceptional food quality and stellar reviews, the dated interior and no-frills atmosphere limit its appeal for those seeking a trendy or upscale experience. It excels as a neighborhood gem with nostalgic charm but lacks the sophisticated ambiance that would elevate it to premium status."
1827,"Urban Burger Cranford",Cranford,Cranford,dining,6,4.2,3.6,"Neighborhood Joint,Family-Friendly,Casual Dining,Comfort Food,Local Favorite,Relaxed,Contemporary,Clean,Cozy","Contemporary Pop,Light Rock","Urban Burger Cranford presents as a solid neighborhood spot with good food quality and casual atmosphere, but lacks the distinctive character or elevated experience that would make it truly memorable. While the food presentation is decent and reviews are positive, it falls into the ""good but not special"" category without unique ambiance or standout features."
412,"Los Bandoleros Tacos","East Brunswick",,dining,6,5.0,4.6,"casual,neighborhood gem,welcoming,fresh food,family-friendly,laid-back,inclusive,comfort food,local favorite,unpretentious","Latin,casual background","While the venue has exceptional food quality and outstanding customer service with perfect Google ratings, the casual taco shop atmosphere and straightforward presentation keep it from reaching premium status. The combination of fresh, delicious food, welcoming staff, and inclusive menu options (including vegan choices) creates a solid neighborhood gem experience."
882,"Grindstone Donuts","East Hampton",,dining,6,4.7,5.0,"Casual,Homely,Welcoming,Local Favorite,Fresh Made,Friendly Service,Basic Decor,Neighborhood Spot,Tourist Stop,Early Morning,Straightforward,Community",None,"While Grindstone Donuts receives excellent reviews for food quality and friendly service, it's a basic donut shop with straightforward presentation and casual decor. The high prices ($100 for donuts and coffee for 8 people) reflect Hamptons location premium rather than upscale ambiance."
883,"Sisi Restaurant","East Hampton",,dining,6,3.9,3.0,"Waterfront,Sunset Views,Modern,Trendy,Upscale-Casual,Live Music,Romantic,Date Night,Hamptons Scene,Relaxed Luxury","Live Music,Acoustic","While Sisi Restaurant has excellent ambiance and presentation with beautiful waterfront views, the mediocre review scores (3.0 Yelp, 3.9 Google) indicate inconsistent quality that prevents it from reaching premium status. The upscale setting and positive individual reviews show potential, but the overall rating average suggests it's good but not consistently special."
1759,"Caffe Roma","East Rutherford",,dining,6,4.8,4.6,"cozy,authentic,family-owned,traditional,neighborhood,welcoming,intimate,casual,homey,charming,unpretentious,community","","While Caffe Roma has excellent ratings and creates a warm, family-like atmosphere with quality coffee and pastries, it's ultimately a traditional neighborhood café without upscale or particularly trendy elements. The cozy, authentic vibe and personal service are appealing, but it lacks the premium or unique characteristics that would elevate it to a higher score."
407,Sakai,"East Rutherford",,dining,6,4.5,4.1,"casual,comfortable,family-friendly,authentic,laid-back,neighborhood,unpretentious","","While Sakai offers authentic ramen with good service and decent ratings, it presents as a modest casual dining spot without any distinctive or premium elements. The ambiance and interior scores are average, and the overall experience is described as comfortable but not special or unique."
2017,"Mitsuwa Marketplace",Edgewater,,dining,6,4.6,4.3,"casual,authentic,family-friendly,marketplace,cultural,bustling,diverse,community-oriented,accessible","","Mitsuwa Marketplace is a well-regarded Japanese grocery store with a food court that offers authentic cuisine and good ratings, but it's essentially a casual marketplace setting without any premium ambiance or trendy appeal. While it serves quality food and has cultural authenticity, the grocery store format and dated interior elements keep it from being a standout dining destination."
365,"Addy’s BBQ",Edison,,dining,6,4.3,3.3,"casual,family-friendly,neighborhood-spot,comfort-food,laid-back,barbecue-joint,unpretentious,hearty-meals","country,classic rock","While Addy's BBQ offers solid barbecue in a casual setting with decent presentation, the mixed reviews highlighting inconsistent food quality (particularly undercooked brisket) and average ratings prevent it from standing out. It's a good neighborhood spot but lacks the special factor or consistency needed for a higher score."
838,"Wus Fish House",Edison,,dining,6,4.8,4.4,"casual,family-friendly,cozy,authentic,fresh seafood,traditional,local favorite,unpretentious","","While the restaurant has good ratings and fresh seafood with live fish selection, the basic interior and casual ambiance don't create a memorable or special dining experience. The food quality is solid but the overall vibe lacks the distinctiveness needed for a higher score."
984,"Llama House",Englewood,,dining,6,4.6,2.9,"Cultural,Modern,Clean,Spacious,Authentic,Family-friendly,Neighborhood","Latin,Peruvian Traditional","While the restaurant has modern decor and decent food quality, the inconsistent service, mixed reviews about execution, and relatively empty dining room suggest it's still finding its footing as a newer establishment. The significant gap between Yelp (2.9) and Google (4.6) ratings indicates inconsistent experiences that keep it from being special."
990,"El Charro Costeño",Ewing,,dining,6,4.7,3.0,"casual-dining,authentic-mexican,family-friendly,neighborhood-spot,comfort-food,laid-back,local-gem,birria-specialist,takeout-friendly","Regional Mexican,Latin Pop","El Charro Costeño earns a 6 based on strong Google ratings (4.7⭐) and enthusiastic reviews praising the birria tacos and friendly service, but the basic ambiance and dated interior prevent it from reaching higher scores. The food quality and authentic Mexican offerings provide good value, though the casual atmosphere lacks the special vibe needed for premium scoring."
560,"The Big Easy",Ewing,,dining,6,4.4,4.6,"casual,family-friendly,authentic,neighborhood,comfort-food,no-frills,welcoming,local-favorite,laid-back","","While The Big Easy serves quality soul food with excellent customer service and has loyal customers willing to travel for their fried fish, the casual atmosphere, straightforward presentation, and small review base indicate a solid neighborhood spot rather than a destination venue. The $$ price point and functional approach make it good but not particularly special or unique."
2076,"Woody’s Roadside Tavern",Farmingdale,,dining,6,4.3,4.0,"casual,rustic,family-friendly,laid-back,outdoor-dining,seasonal-decor,welcoming,cozy,lively,bar-atmosphere","classic rock,country","While Woody's has solid reviews and a welcoming atmosphere, it's a casual roadside tavern that lacks the premium or unique elements needed for a higher score. The rustic charm and straightforward presentation appeal to laid-back diners but don't offer anything particularly special or upscale."
1880,"The Cast Iron Pot",Flushing,Flushing,dining,6,4.4,4.2,"casual,family-friendly,all-you-can-eat,korean-bbq,interactive-dining,affordable,no-frills,communal,relaxed",K-pop,"While the food quality appears solid and ratings are decent (4.2-4.4 stars), the inconsistent service experiences and basic casual atmosphere prevent it from standing out as anything special. The venue offers good Korean BBQ in a standard AYCE format but lacks the polish or unique elements that would elevate it above mediocre."
702,"Pastrami Grill Bistro",Garfield,,dining,6,4.6,4.3,"casual-dining,comfort-food,family-friendly,no-frills,authentic,local-favorite,generous-portions,deli-style","","While the food quality is exceptional with rave reviews about the pastrami and generous portions, the venue itself is described as casual with a laid-back atmosphere and functional presentation that doesn't offer anything particularly special or unique. The strong ratings are primarily driven by food quality rather than an elevated dining experience or distinctive vibe."
857,"Greek Kitchen",Greenpoint,Greenpoint,dining,6,4.6,4.6,"casual,neighborhood,authentic,unpretentious,family-friendly,quick-service,local,straightforward,clean,spacious","","Greek Kitchen is a solid neighborhood spot with good food and decent ratings, but lacks the special ambiance or unique character that would elevate it above average. The casual atmosphere and focus on quick, satisfying meals makes it reliable but not particularly memorable or trendy."
529,"Jersey Kebab","Haddon Township",,dining,6,4.8,4.8,"Family-owned,authentic,welcoming,cozy,unpretentious,hole-in-the-wall,traditional,community-focused,hearty,comfort-food","Traditional Middle Eastern or none","Jersey Kebab earns its score through exceptional food quality, warm hospitality, and authentic Mediterranean experience, but the modest interior and hole-in-the-wall setting prevent it from reaching higher vibes territory. The consistent 4.8-star ratings and loyal customer base indicate solid execution, though the ambiance lacks the elevated atmosphere typically associated with premium scores."
200,"Henri's Hotts BBQ",Hammonton,,dining,6,4.7,4.3,"casual,family-friendly,no-frills,outdoor,friendly,local-favorite,comfort-food,unpretentious,laid-back","country,classic rock","Henri's Hotts BBQ delivers excellent food quality and outstanding customer service with strong review ratings, but the casual outdoor event atmosphere and simple presentation prevent it from reaching premium status. While the barbecue is highly praised and the staff creates a welcoming experience, the venue lacks the upscale ambiance or unique character needed for higher scoring."
1498,"Baked Cravings",Harlem,Manhattan,dining,6,4.8,4.3,"Casual,Neighborhood,Family-friendly,Cozy,Local,Sweet-tooth,Takeout,Custom-orders,Vegan-friendly,Community",None,"Baked Cravings offers quality baked goods with strong customer satisfaction and professional presentation, but the simple storefront and casual neighborhood setting lack the memorable or trendy elements that would elevate it beyond ""good but not special."" The venue serves its purpose well as a reliable local bakery without distinctive ambiance or upscale appeal."
494,"Jacob Soul Food Restaurant",Harlem,Manhattan,dining,6,4.4,4.0,"casual,family-friendly,authentic,comfort-food,live-music,buffet-style,neighborhood-gem,laid-back,traditional,hearty","Blues,Jazz,Live acoustic","This is a solid soul food buffet with good food and live music, but it's clearly a casual comfort food spot rather than a premium dining experience. The ambiance scores are average and the overall presentation is straightforward without any upscale or trendy elements."
1779,"Positive Vibes Cafe",Harlem,Manhattan,dining,6,5.0,4.3,"cozy,friendly,welcoming,relaxed,neighborhood,casual,community-focused,unpretentious,homey,local","soft acoustic,indie folk,or none","While Positive Vibes Cafe has excellent customer service and consistently friendly staff that creates a welcoming atmosphere, the simple interior design and casual presentation prevent it from standing out as particularly special or memorable. The venue succeeds as a reliable neighborhood coffee spot but lacks the unique character or elevated experience that would merit a higher score."
625,"Sylvia’s",Harlem,Manhattan,dining,6,4.3,3.6,"Historic,Authentic,Comfort Food,Family-Friendly,Tourist Destination,Harlem Institution,Nostalgic,Welcoming,Down-to-Earth",None,"Sylvia's is a legendary Harlem institution with authentic soul food and historical significance, but the basic interior design and casual presentation prevent it from reaching premium status. While the food quality and cultural importance are noteworthy, the overall experience lacks the modern sophistication expected for higher scores."
1088,"Boiler Room",Hoboken,Manhattan,nightlife,6,3.8,3.6,"neighborhood,gay-friendly,casual,dive bar,community,laid-back,unpretentious,welcoming,affordable,local hangout","Background music","This is a classic neighborhood gay bar that delivers on community and affordability with friendly service and reasonable prices, but lacks any distinctive features or elevated atmosphere. The dated interior and basic presentation keep it firmly in ""good but not special"" territory."
1976,"Pier 13",Hoboken,,dining,6,4.5,3.8,"waterfront,casual,lively,colorful,relaxed,outdoor,scenic,social,laid-back,city-views","upbeat,contemporary","While Pier 13 offers a great riverside location with city views and solid reviews praising the atmosphere, the venue falls into the ""good but not special"" category with casual food truck dining and moderate pricing. The waterfront setting and lively vibe are appealing, but it lacks the upscale touches or unique elements that would elevate it to premium status."
394,Patricias,Holmdel,,dining,6,4.6,4.1,"cozy,inviting,modern,warm,trendy,neighborhood,family-friendly,romantic,intimate,traditional,comfortable","soft jazz,Italian classics","While Patricia's has solid Google ratings and offers unique experiences like pasta served in cheese wheels, the mixed reviews highlighting inconsistent quality and overpricing, combined with average photo analysis scores, place it in the ""good but not special"" category. The venue appears to be a decent neighborhood Italian spot but lacks the premium feel or standout qualities needed for a higher vibe score."
1163,"Lovell’s Guiding Light",Jamaica,Jamaica,nightlife,6,4.3,0.0,"local-hangout,nostalgic,laid-back,neighborhood-gem,retro,hookah-lounge,signature-drinks,regulars-spot,90s-throwback","Hip-hop,reggae,R&B","This is a nostalgic local spot with decent drinks and hookah, but the dated setup and basic ambiance keep it from being special. The loyal regulars and signature drinks show character, though it lacks modern appeal and upscale touches."
2094,"Brownstone Pancake Factory",Jersey,,dining,6,4.4,3.7,"Family-friendly,casual dining,homely,traditional,relaxed,comfort food,neighborhood spot,welcoming,clean,spacious","Background/ambient or none","Brownstone Pancake Factory delivers solid comfort food with good service and generous portions, making it a reliable neighborhood breakfast spot. However, the basic diner atmosphere and simple presentation lack the special character or upscale elements that would elevate it beyond a standard family restaurant."
519,"Halftime Grill","Jersey City","McGinley Square",dining,6,4.4,3.8,"Sports Bar,Casual Dining,Neighborhood Spot,Laid-back,Local Hangout,TV Sports,Bar Scene","Sports broadcasts,background music","While Halftime Grill has decent Google ratings and loyal regulars who praise specific dishes and staff, the ambiance scores are mediocre and operational issues like non-working phone numbers suggest inconsistent management. The casual sports bar atmosphere and mixed reviews place it squarely in the ""good but not special"" category."
2212,"one of my favorite NJ restaurants","Jersey City","Colgate Center",dining,6,4.3,4.3,"cozy,warm lighting,upscale casual,date night,wood paneling,dark decor,comfortable,traditional","ambient background","Fire & Oak offers a solid dining experience with good food quality and attentive service, but lacks the distinctive character and wow factor needed for a higher score. While reviews praise the atmosphere as ""warm and upscale,"" the venue falls into the comfortable but unremarkable category without unique elements that would make it truly memorable or trendy."
1006,"The Crabpae",Kenilworth,,dining,6,4.4,0.0,"casual-dining,neighborhood-spot,cozy,family-friendly,comfort-food,authentic-flavors,low-key,unpretentious","Caribbean,R&B","The Crabpae shows promise with flavorful food and good service, but the inconsistent quality (dry calamari vs excellent oxtails) and basic ambiance keep it from being special. The high Google rating is encouraging, but the mixed reviews and dated venue aesthetic suggest a solid neighborhood spot rather than a destination experience."
1695,"Blue Seafood Restaurant Bar",Laurelton,Laurelton,lounge,6,4.1,3.8,"Modern,Artistic,Relaxed,Professional,Clean,Comfortable,Neighborhood,Local,Friendly","None specified","While the restaurant offers good food quality and professional service with some thoughtful touches like purse hooks and charging outlets, it lacks the distinctive atmosphere and elevated experience needed for a higher score. The ambiance and interior are decent but not memorable, and the overall vibe doesn't create a standout dining destination."
509,"Blended Flavors",Linden,"",dining,6,4.3,4.0,"laid-back,social,welcoming,friendly,clean,casual,neighborhood,comfort-food,lively,music-focused,community,authentic","Caribbean,soul,R&B","While the restaurant has excellent service and food quality with strong reviews, the photos reveal a casual atmosphere that lacks the upscale elements needed for a higher score. The venue offers good vibes and social energy but falls into the ""good but not special"" category without premium ambiance or unique aesthetic appeal."
249,"Don Tequila",Lindenwold,,dining,6,4.0,2.7,"Sports Bar,Family-Friendly,Casual Dining,Colorful Decor,Mexican Theme,Neighborhood Spot","Latin,Background Music","Don Tequila presents a decent casual Mexican dining experience with sports bar elements, but faces significant quality control issues with food preparation and service inconsistency that prevent it from being special. While the venue has nice decor and friendly staff according to some reviews, the harsh negative feedback about poorly cooked food and watered-down drinks, combined with the large rating discrepancy between platforms, suggests an unreliable experience."
203,"A Mothers Touch",Livingston,,dining,6,4.2,3.8,"casual,laid-back,authentic,neighborhood,takeout-focused,unpretentious,comfort-food,local-favorite,no-frills,family-style","","A Mother's Touch delivers solid soul food with good ratings and fresh preparation, but operates more as a casual takeout spot with limited seating and basic amenities. While the food quality is praised, the overall experience lacks the elevated atmosphere or unique elements that would push it into premium territory."
1700,"Turano's Pizza Kitchen",Livingston,"",dining,6,4.1,4.0,"casual,family-friendly,neighborhood-spot,creative-menu,takeout-friendly,local-favorite,traditional-pizzeria,innovative-toppings","classic rock or none","Turano's Pizza Kitchen offers solid, creative pizza options with good reviews, but the casual pizzeria setting and mixed feedback on consistency keep it from being exceptional. The innovative specialty pizzas like the ""Razor Pizza"" and creative combinations show effort, but the overall experience remains standard casual dining."
255,"Pin𝐤 𝐋𝕖๓Ỗภ𝓪𝓭ｅ Lounge",London,,nightlife,6,4.5,0.0,"trendy,instagram-worthy,pink-themed,ambient-lighting,modern-decor,spacious,comfortable-seating,live-dj,vibrant,cozy-intimate","Live DJ,Upbeat","While the venue has strong visual appeal and creates an Instagram-worthy atmosphere with its pink-themed decor and ambient lighting, the mixed reviews reveal inconsistencies in service quality and pricing transparency that prevent it from reaching premium status. The stark contrast between the 5-star experience and the 1-star complaint about upcharging and confusing layout suggests operational issues that undermine the otherwise stylish presentation."
424,"Pin𝐤 𝐋𝕖๓Ỗภ𝓪𝓭𝓮 Lounge",London,,nightlife,6,4.5,0.0,"trendy,instagrammable,colorful,modern,lively,intimate,upbeat,stylish,vibrant,pink-themed","DJ,upbeat","While the venue has stylish decor and creates an Instagram-worthy atmosphere with good photo scores, the conflicting reviews reveal inconsistencies in service and pricing transparency that detract from the overall experience. The mixed feedback about upcharging and confusing layout, combined with zero Yelp reviews, suggests it's good but not consistently special enough for premium status."
2259,"Pin𝐤 𝐋𝕖๕Ỗภ𝓪𝓭𝓮",London,,nightlife,6,4.5,0.0,"trendy,colorful,instagram-worthy,modern,intimate,vibrant,atmospheric,pink-themed,spacious,chic","DJ sets,upbeat","While the venue has strong visual appeal and ambiance based on photos, the conflicting reviews reveal inconsistent service and questionable business practices (upcharging attempts). The 0-star Yelp rating and mixed Google reviews indicate reliability issues that prevent it from reaching premium status."
547,"Angie's Soul House","Long Island",,dining,6,4.6,4.4,"family-friendly,authentic,comfort food,neighborhood gem,hearty portions,homestyle cooking,welcoming staff,no-frills,traditional,local favorite","R&B,Gospel,Neo-Soul","While Angie's Soul House delivers authentic, high-quality soul food with strong reviews and generous portions, the basic interior and straightforward presentation keep it from reaching premium status. It's a solid neighborhood gem that prioritizes comfort food over ambiance or trendy vibes."
639,"Brooklyn Wing House","Long Island",,dining,6,4.0,3.5,"casual,family-friendly,takeout-focused,consistent,affordable,local-favorite,unpretentious,comfort-food,plaza-location,quiet","","Brooklyn Wing House delivers solid, consistent food with good flavor options and generous portions, earning praise for items like jerk pasta and honey biscuits. However, the casual takeout-focused atmosphere, basic presentation, and some overpriced items (like $10 mac and cheese balls with only 3 pieces) keep it from being anything special."
755,"Sexy Crab","Long Island",,dining,6,4.5,4.3,"casual-dining,family-friendly,seafood-focused,neighborhood-spot,laid-back,unpretentious,service-oriented",background/ambient,"While Sexy Crab has strong reviews (4.3-4.5 stars) and good service, the photos reveal a basic, dated interior that lacks the trendy atmosphere expected for higher scores. The casual seafood concept with decent presentation keeps it in the ""good but not special"" category."
550,"Soul Food Spot","Long Island",,dining,6,4.6,3.4,"#authentic #comfort #local #family-owned #takeout-friendly #generous-portions #neighborhood-spot #unpretentious #home-style",None,"Despite mixed review ratings and basic ambiance, this spot delivers on authentic soul food quality with generous portions and loyal customers who appreciate the food's taste and value. The straightforward approach and consistent food quality from a local favorite earns it a place, though it lacks the special atmosphere or presentation for a higher score."
862,"The Monster Crab","Long Island",,dining,6,4.3,3.9,"casual,family-friendly,seafood-focused,relaxed,unpretentious,basic,straightforward,no-frills","","Despite positive service reviews, the photos reveal a basic casual seafood spot with unremarkable ambiance and standard presentation that doesn't offer anything special or unique. The 3.9 Yelp rating and straightforward interior suggest this is a decent but forgettable dining experience."
183,"The Sunset Club at Tappen","Long Island",,lounge,6,4.2,3.2,"beachside,sunset views,outdoor dining,laid-back,waterfront,casual atmosphere,fire pits,relaxed,scenic","","While the venue offers a beautiful sunset view and beachside atmosphere, significant service issues (no table service, unresponsive phone service) and practical problems (overwhelming flies/gnats) detract from the overall experience. The mixed reviews and operational shortcomings prevent it from reaching a higher tier despite its scenic location."
1912,theinfamouslic,"Long Island City","Long Island City",nightlife,6,4.7,0.0,"trendy,young crowd,small space,modern,stylish,intimate,city vibe,chic,date spot,night out,cocktail bar,nightlife","hip-hop,DJ sets","While the venue has good photos and decent ambiance, the mixed reviews reveal inconsistent cocktail quality and confusing branding (speakeasy vs. visible clothing store). The small space and mediocre drinks at premium prices prevent it from reaching upscale status."
2023,"21 Greenpoint",Manhattan,Greenpoint,dining,6,4.4,3.9,"casual,laid-back,neighborhood,modern-vintage,inviting,unpretentious,local,comfort-food,relaxed","indie rock,acoustic","While 21 Greenpoint has solid food quality with standout dishes like their chorizo breakfast burrito and roasted chicken, the casual laid-back atmosphere and lack of distinctive upscale polish keeps it in the ""good but not special"" category. The venue feels inviting but doesn't offer the premium or unique experience needed for a higher score."
93,Ainsworth,Manhattan,Manhattan,dining,6,3.9,3.0,"trendy,instagrammable,rooftop,social,brunch spot,sports bar,nightlife,manhattan,midtown,photogenic,party venue","DJ sets,contemporary hits","While Ainsworth offers Instagram-worthy aesthetics and a beautiful rooftop space, the inconsistent service, poor organization, and bland food quality prevent it from reaching premium status. The venue succeeds as a visually appealing social spot but fails to deliver the culinary excellence expected at this price point."
2098,"Aliya Cocktail Den at Hotel Indigo",Manhattan,Williamsburg,dining,6,4.1,4.3,"Rooftop,Hotel Bar,Modern,Trendy,Manhattan,Cocktail Lounge,Urban Views,DJ Nights,Mature Crowd,Weekend Scene,Pool Deck,Contemporary","R&B,Pop Hits","While the venue has strong visual appeal with modern upscale interiors and professional presentation, significant operational issues including poor staff coordination, unreliable pool access, and safety violations create a frustrating guest experience. The mixed reviews highlight inconsistent service quality that undermines the otherwise promising atmosphere."
2067,"Alpha Astoria",Manhattan,Astoria,dining,6,3.6,3.5,"Modern,Trendy,Hookah Lounge,Bar Scene,Spacious,Manhattan,Nightlife,Bottle Service,Cocktails","Hip-Hop,Electronic","While Alpha Astoria has a modern interior and trendy aesthetic, the mediocre ratings (3.5-3.6 stars) and concerning service issues like undisclosed automatic gratuity significantly detract from the experience. The venue appears decent but lacks the premium quality and consistent execution needed for a higher score."
330,"Amy Ruth's",Manhattan,Manhattan,dining,6,4.3,3.9,"nostalgic,community-staple,unpretentious,cozy,casual,comfort-food,authentic,family-friendly,laid-back,welcoming,traditional","","Amy Ruth's delivers exceptional soul food with generous portions and authentic flavors that create a memorable dining experience, but the dated interior and inconsistent service prevent it from reaching premium status. The restaurant succeeds as a community staple with nostalgic charm, though it lacks the upscale ambiance and polished presentation needed for a higher score."
2165,"Aqua Boil",Manhattan,Manhattan,dining,6,4.7,4.4,"casual,lively,colorful,fun,seafood-focused,messy-eating,communal,vibrant,family-friendly","upbeat pop,light hip-hop","While Aqua Boil has good ratings and offers a fun seafood boil experience, the casual atmosphere, basic interior, and standard presentation keep it from being special or memorable. The venue delivers solid food in a lively setting but lacks the uniqueness or upscale elements that would elevate it above average."
1493,"Aqua Boil NYC",Manhattan,Manhattan,dining,6,4.7,4.4,"casual-dining,seafood-boil,family-friendly,colorful,communal,messy-eats,comfort-food,laid-back,neighborhood-spot","blues,jazz,zydeco","While Aqua Boil NYC has strong ratings and serves decent Cajun seafood, the basic interior design and casual seafood boil concept places it in the ""good but not special"" category. The restaurant delivers on food quality but lacks the unique ambiance or upscale experience needed for a higher score."
891,Aquarelle,Manhattan,Manhattan,dining,6,4.9,3.7,"Upscale,Modern,Sophisticated,Trendy,Romantic,Date Night,Intimate,Contemporary,Manhattan,Cocktail-Forward,Birthday Celebrations","Contemporary,Ambient","While Aquarelle has an upscale ambiance and modern interior design, the significant service issues, small portions, and mixed food quality prevent it from reaching premium status. The dramatic discrepancy between Yelp (3.7) and Google (4.9) ratings, combined with detailed complaints about slow service, tiny portions, and defensive management responses, suggest inconsistent execution despite the beautiful setting."
2188,"Arlo Nomad Diner",Manhattan,Manhattan,dining,6,4.4,3.2,"hotel-diner,retro-modern,trendy-casual,comfortable,stylish,Manhattan,professionally-maintained,inviting,bar-seating,midtown",background-contemporary,"While the venue has solid Google ratings and stylish retro design, the inconsistent service quality and basic diner execution prevent it from reaching premium status. The hotel setting adds some appeal, but operational issues like menu inaccuracies and limited payment options detract from the overall experience."
2148,"Atomo Beanless Coffee",Manhattan,,dining,6,4.4,0.0,"modern,trendy,casual,clean,friendly,tech-forward,sustainable,minimalist,convenient,relaxed","ambient,indie,coffeehouse","While Atomo offers a modern, trendy atmosphere and good coffee with friendly service, it's ultimately a casual coffee shop without premium positioning or unique standout features. The concept of beanless coffee is interesting but doesn't elevate it to a must-visit destination."
1042,"Awesome Hibachi",Manhattan,Astoria,dining,6,5.0,4.8,"Interactive,Entertaining,At-Home Dining,Chef Performance,Group-Friendly,Theatrical,Family-Style,Casual Fun,Live Cooking,Social,Festive","None (chef entertainment focus)","While Awesome Hibachi offers entertaining at-home hibachi experiences with good reviews overall, the inconsistent photo quality (ranging from makeshift setups to elegant presentations) and concerning service issues like tip disputes and food quality problems prevent it from reaching premium status. The concept is fun and unique, but execution appears variable depending on the chef and setup."
1551,"BLVD Bistro",Manhattan,Manhattan,dining,6,4.3,4.0,"casual,laid-back,brunch-spot,neighborhood,straightforward,basic,family-friendly,unpretentious,local,weekend-hangout","","While the venue has decent ratings and some positive reviews highlighting good atmosphere and food quality, the mixed service experiences, basic presentation scores, and casual ambiance prevent it from reaching premium status. The automatic gratuity and service inconsistencies mentioned in detailed reviews suggest operational issues that impact the overall experience."
434,"Best New Fried Chicken Restaurant",Manhattan,Manhattan,dining,6,4.9,4.7,"casual,comfort-food,korean-fusion,crispy-chicken,saucy,neighborhood-spot,takeout-friendly,unpretentious,satisfying,fresh","","While the food quality is exceptional with outstanding ratings (4.9 Google stars), this is fundamentally a casual chicken shop with basic ambiance and presentation that focuses on comfort food rather than creating a special dining experience. The high food quality keeps it from falling below the threshold, but the unremarkable atmosphere and fast-casual nature prevent it from reaching premium territory."
1463,"Big Apple Brunch",Manhattan,Manhattan,dining,6,4.8,3.5,"energetic,party-brunch,dancing,music-focused,young-crowd,celebratory,vibrant,trendy,social,Instagram-worthy","Hip-hop,party music,DJ sets","While the venue has an energetic party atmosphere with good music and dancing, the dated interior, basic food presentation, and small portions for high prices prevent it from reaching premium status. The lively brunch vibe with DJs and dancing gives it solid appeal, but execution issues keep it from being exceptional."
332,"Blossom's Soul Food Fusion",Manhattan,Bedford-Stuyvesant,dining,6,4.3,3.6,"cozy,nostalgic,authentic,homestyle,intimate,casual,friendly,retro,family-style,welcoming,old-school","soul,R&B,oldies","While the food receives strong praise and the nostalgic ""granny's dining room"" atmosphere creates authentic charm, the small space and casual setting prevent it from being special enough for higher scoring. The solid reviews and homestyle comfort food make it good but not premium."
1113,"Blossoms Soul Food Fusion",Manhattan,Bedford-Stuyvesant,dining,6,4.3,3.6,"homey,nostalgic,authentic,cozy,old-school,intimate,welcoming,family-style,retro,comfort","R&B,Soul,Jazz","While the food receives praise and creates an authentic ""granny's dining room"" experience, the venue lacks the premium atmosphere and uniqueness needed for higher scores. The small, cramped space and basic interior hold it back from being truly special despite solid food quality."
805,"Brunch for the People",Manhattan,Manhattan,dining,6,4.8,4.3,"casual,laid-back,trendy,welcoming,urban,cozy,midtown,neighborhood,relaxed,unpretentious","upbeat,contemporary","While Brunch for the People has solid ratings and good food quality, it's positioned as a straightforward casual dining spot without the premium ambiance or unique character needed for higher scores. The venue offers reliable comfort food in a pleasant but unremarkable setting that doesn't stand out in Manhattan's competitive dining scene."
1430,Cantina,Manhattan,Manhattan,dining,6,4.3,3.1,"Casual,Lively,Party,Rustic,Modern,Colorful,Unpretentious,Neighborhood,Festive,Social","Latin,Pop","While the venue has decent ambiance and colorful food presentation, the mixed reviews highlight inconsistent service and limited food options that disappoint customers. The casual Mexican cantina atmosphere with party vibes prevents it from reaching premium status despite some unique features like skull cocktails."
68,"Cauldron Chicken",Manhattan,Manhattan,dining,6,4.6,4.4,"casual,laid-back,neighborhood,simple,rustic,takeout-friendly,small,dive-style,comfort-food,local-favorite,no-frills","","Cauldron Chicken offers solid, consistent chicken with good value combos in a casual West Village setting, earning decent ratings across platforms. However, the basic presentation, simple takeout-style atmosphere, and limited menu prevent it from reaching premium status."
474,"Cello’s Pizzeria",Manhattan,Manhattan,dining,6,4.8,4.2,"casual,lively,trendy,neighborhood,quick-bite,relaxed,cozy,local-favorite","","While Cello's has decent food and a lively atmosphere, it's a standard pizza spot without unique or premium elements that would elevate it above typical neighborhood pizzerias. The mixed reviews on signature items like the vodka slice and comparisons to better versions elsewhere suggest it's good but not exceptional."
2270,"Christmas Bar",Manhattan,Manhattan,nightlife,6,3.1,2.7,"festive,christmas-themed,instagrammable,touristy,seasonal,decorative,themed-bar,photo-worthy,holiday,novelty","holiday classics","Christmas Bar offers a visually stunning and festive atmosphere with elaborate holiday decorations that create a unique seasonal experience. However, the overpriced drinks ($30 each), poor food quality, subpar service, and low review ratings prevent it from reaching premium status despite its Instagram-worthy interior."
1329,"Ciao & Cello",Manhattan,Manhattan,dining,6,4.5,4.0,"cozy,traditional,neighborhood,intimate,family-friendly,comfortable,relaxed,warm,unpretentious","soft jazz,classical,ambient","While Ciao & Cello has solid Yelp ratings and $$$$ pricing suggesting upscale positioning, the photos reveal a mid-range execution with home-cooked presentation and unremarkable ambiance. The venue appears good but lacks the premium elements and memorable vibe needed for a higher score."
31,"Claw Daddy's",Manhattan,Manhattan,dining,6,4.3,3.9,"casual-dining,seafood-boil,family-friendly,laid-back,messy-eating,communal,comfort-food,traditional,neighborhood-spot,unpretentious,authentic,Southern","","Claw Daddy's delivers a solid casual seafood experience with good service and extensive menu options, but lacks the premium atmosphere or standout qualities that would elevate it above average. The mediocre ambiance and interior scores, combined with standard presentation, keep it in the ""good but not special"" category."
392,"Crepe House",Manhattan,Manhattan,dining,6,4.9,4.0,"casual,cozy,neighborhood,small,friendly,clean,Instagram-worthy,laid-back,quick-service,sweet-treats,local-favorite","light background or none","While the crepes receive praise for quality and the Google ratings are strong, the venue itself is described as ""really small"" with basic ambiance and interior that feels more functional than special. The delayed opening and casual atmosphere suggest this is more of a neighborhood spot than a destination venue."
246,"Cubby’s 1 1/2",Manhattan,Manhattan,dining,6,4.8,4.5,"casual-dining,neighborhood-spot,burger-joint,family-friendly,retro-charm,laid-back,welcoming,clean,counter-seating,game-friendly,local-favorite","classic rock,oldies","While the venue has strong reviews (4.5-4.8 stars) and serves quality burgers with good service, the casual burger joint atmosphere and unremarkable interior/ambiance keep it from being special. The functional space with tabletop games suggests a neighborhood spot that's good but not a destination."
665,"Cucina Palermo",Manhattan,Manhattan,dining,6,4.8,4.4,"neighborhood-spot,cozy,family-friendly,outdoor-dining,casual-dining,brick-interior,floral-decor,laid-back,comfortable,classic",soft-background,"While Cucina Palermo offers solid food quality and excellent service with charming outdoor seating, it lacks the distinctive trendy elements or upscale atmosphere that would elevate it beyond a comfortable neighborhood spot. The classic interior and casual vibe place it squarely in the ""good but not special"" category despite strong ratings."
713,"Frosty's Holiday Bar",Manhattan,Manhattan,nightlife,6,3.1,3.9,"festive,holiday-themed,whimsical,photo-worthy,seasonal,trendy,colorful,multi-level,party atmosphere,Instagram-friendly","Rap,Hip-Hop","While the holiday decor is exceptional and creates great photo opportunities, the venue suffers from poor service coordination, limited drink selection, and inconsistent staff communication that detracts from the overall experience. The festive atmosphere and multiple floors provide entertainment value, but operational issues prevent it from reaching premium status."
1656,"Frosty’s",Manhattan,,dining,6,3.1,3.9,"festive,holiday-themed,colorful,vibrant,photo-friendly,loud,celebratory,multi-level,immersive,chaotic","Rap,Hip-Hop","While the venue excels in creating an immersive, festive atmosphere with exceptional holiday decor that provides great photo opportunities, it falls short on execution with limited/poor quality drinks, dirty tables, confused staff, and lack of clear service standards. The amazing visual experience is undermined by operational issues that detract from the overall guest experience."
971,"Golden Diner",Manhattan,Manhattan,dining,6,4.4,4.3,"casual,cozy,neighborhood,comfort-food,bustling,retro,unpretentious,popular,crowded,family-friendly","","While Golden Diner has solid ratings and attracts crowds for its famous fluffy pancakes, it's essentially a casual neighborhood diner with basic decor and standard comfort food. The long waits indicate popularity, but the overall experience lacks the sophistication, unique atmosphere, or elevated dining elements that would push it into premium territory."
1758,"Golden Girls Kitchen",Manhattan,Manhattan,dining,6,3.9,4.2,"themed,nostalgic,pop-up,tropical,playful,casual dining,TV-themed,retro,novelty,fan experience","TV show clips,retro hits","While Golden Girls Kitchen offers a fun themed experience with good food and strong drinks, the inconsistent interior design (ranging from basic to tropical) and high prices without special keepsakes hold it back from premium status. The novelty factor and solid execution of the Golden Girls theme make it entertaining but not extraordinary."
701,"Granny's Spot",Manhattan,Manhattan,dining,6,4.4,4.1,"Casual,Cozy,Neighborhood,Friendly,Relaxed,Comfort Food,Local Spot",None,"While Granny's Spot has solid ratings and friendly service, the basic food presentation, casual atmosphere, and lack of distinctive upscale elements place it firmly in the ""good but not special"" category. The venue serves its purpose as a comfortable neighborhood spot but doesn't offer the premium experience or unique vibe that would elevate it higher."
192,"Granny’s Spot",Manhattan,Manhattan,dining,6,4.4,3.5,"casual-dining,family-friendly,outdoor-seating,neighborhood-spot,relaxed,daytime-dining,comfort-food,local-favorite,bird-watching,laid-back",background/ambient,"While the venue has decent Google ratings and serves good food, the mixed service experiences, casual breakfast/brunch atmosphere, and ""forgettable"" vibe assessment keep it from being truly special. The moderate pricing and casual dining nature place it in the good-but-not-exceptional category."
1874,"Harbor New York City",Manhattan,Manhattan,dining,6,3.0,2.0,"trendy,lively,nightlife,rooftop,sunset views,hookah lounge,party atmosphere,event venue,high-energy,modern,vibrant,NYC skyline","Hip-hop,reggae,dancehall,party music","While Harbor NYC offers great ambiance and entertainment value with sunset views and event capabilities, the mediocre ratings (2⭐ Yelp, 3⭐ Google) and consistent mentions of subpar food quality, watered-down drinks, and building wear-and-tear prevent it from reaching premium status. The venue excels in atmosphere and service but falls short on the fundamentals that define a truly special experience."
1375,"Havana Social",Manhattan,Manhattan,dining,6,4.2,3.4,"Latin vibes,outdoor seating,Stone Street charm,casual dining,neighborhood spot,summer friendly,cozy atmosphere,trendy-casual","Latin,Cuban","While Havana Social has a charming Stone Street location with good Latin vibes and decent food, the mixed ratings (3.4 Yelp vs 4.2 Google) and basic presentation hold it back from being exceptional. It's a solid neighborhood spot that benefits greatly from its outdoor seating location but lacks the refinement or uniqueness to stand out."
1098,Highball,Manhattan,Manhattan,dining,6,3.1,3.5,"trendy,upscale,modern,sleek,hotel-attached,wine-focused,cocktail-forward,Manhattan,stylish,contemporary","lounge,ambient","While the venue has excellent visual appeal with a trendy, upscale ambiance and sleek interior design, the mixed reviews (3.5 Yelp, 3.1 Google) and service inconsistencies prevent it from reaching premium status. The positive experience from hotel guests contrasts with complaints about portion sizes and value, suggesting inconsistent execution despite the attractive setting."
1765,"Jewel Thief",Manhattan,Manhattan,nightlife,6,3.6,3.0,"upscale,modern,theatrical,intimate,trendy,sophisticated,dimly-lit,performance,cocktail-focused","jazz,lounge,ambient","While the venue has strong visual appeal and good presentation, the low review ratings (3.0 Yelp, 3.6 Google) indicate significant operational issues that undermine the overall experience. The delayed show times and inconsistent service quality prevent this from reaching premium status despite its upscale ambiance."
57,"Kam Rai",Manhattan,Astoria,dining,6,4.5,4.6,"casual,neighborhood,authentic,laid-back,unpretentious,functional,friendly,basic,local,traditional","","While Kam Rai has solid ratings and serves quality Thai food, the mixed reviews highlight inconsistencies in portion sizes and service, plus the basic presentation and lack of standout design elements prevent it from reaching a higher tier. It's a decent neighborhood spot but lacks the premium experience or unique vibe needed for a higher score."
105,"Kona Big Wave",Manhattan,Manhattan,dining,6,4.3,3.7,"Sports Bar,Casual Dining,Game Watching,Neighborhood Spot,Laid-Back,Social,Rustic,Local Hangout","Sports Commentary,Background Rock","This is a standard sports bar with decent ratings but nothing exceptional - the dated interior, basic food presentation, and casual atmosphere make it good for watching games but not memorable or special. While it serves its purpose as a neighborhood sports bar with multiple screens and decent nachos, it lacks the unique vibe or premium experience that would elevate it above average."
103,Kyuramen,Manhattan,Manhattan,dining,6,4.6,4.3,"casual dining,neighborhood spot,authentic,cozy,relaxed,family-friendly,quick service,comfort food,unpretentious,local favorite","","While Kyuramen has solid reviews and decent food presentation, the basic interior and casual ramen shop atmosphere keep it from being special. It's a reliable neighborhood spot but lacks the unique vibe or upscale elements that would make it standout."
1925,"Lama Cafe",Manhattan,Manhattan,dining,6,4.6,3.8,"neighborhood,cozy,rustic,dog-friendly,casual,brick-walls,eclectic,homey,relaxed,local,unpretentious,workspace","indie,acoustic","Lama Cafe presents a decent neighborhood coffee shop with rustic charm and friendly service, but lacks the premium ambiance or unique character needed for a higher score. The mixed reviews indicate it's a solid regular spot rather than a destination venue, with basic amenities and average presentation."
1374,"Liberty Bistro",Manhattan,Manhattan,dining,6,4.2,3.7,"bistro,cozy,neighborhood,cocktails,bartender-focused,mixed-crowd,manhattan,classic,unpretentious,local-hangout,weekend-spot","ambient,background","Liberty Bistro presents inconsistent experiences with mixed photo quality (ranging from upscale to basic) and polarized reviews highlighting both excellent service and significant food quality issues. While the venue shows potential with some modern elements and great bartender service, the raw food complaints and dated aspects prevent it from reaching premium status."
2130,"Lion’s Milk",Manhattan,Williamsburg,dining,6,4.6,4.4,"cozy,casual,neighborhood,laptop-friendly,laid-back,local,simple,wifi-friendly,outdoor-seating,morning-spot,work-space","ambient,coffee shop","This is a cozy Turkish cafe with decent ratings and a laptop-friendly atmosphere, but it's essentially a casual coffee shop with limited seating and basic food presentation. While it serves as a reliable neighborhood spot, it lacks the unique character or elevated experience that would make it special or destination-worthy."
1730,"Luv Pizza",Manhattan,Manhattan,dining,6,4.3,2.8,"trendy,lively,urban,romantic,casual dining,corner spot,cozy,accessible,unpretentious","","While the venue has a trendy atmosphere and receives excellent Google reviews praising the food quality and service, the significant disparity in Yelp ratings (2.8⭐) and basic amenities issues (no hand washing area) prevent it from reaching a higher score. The casual pizza setting and mixed review consistency place it in the ""good but not special"" category."
231,"Mercury Lounge",Manhattan,Manhattan,nightlife,6,4.5,3.5,"dive bar,live music,intimate,cramped,standing room,gritty,no-frills,music lovers,small venue,casual,authentic,underground","Indie rock,alternative,emerging artists,live bands","Mercury Lounge is a legitimate music venue with decent Google ratings and a solid reputation for live performances, but the cramped conditions, dated interior, and mixed service quality keep it from being special. It serves its purpose as a dive bar music venue but offers a pretty standard experience with notable comfort issues."
2297,"Mickey Spillane",Manhattan,Manhattan,nightlife,6,4.2,3.1,"casual-hangout,neighborhood-bar,afterwork-drinks,friendly-staff,dive-bar,affordable,unpretentious,local-favorite,relaxed,no-frills","Sports bar classics,background music","Mickey Spillane's earns a 6 due to its solid Google rating (4.2⭐) and positive customer experiences, but the photos reveal a basic, dated interior that lacks the upscale appeal for a higher score. While it serves as a reliable neighborhood spot with good service and affordable drinks, it doesn't offer the unique vibe or premium atmosphere needed to stand out."
689,"Mickey Spillane's",Manhattan,Manhattan,nightlife,6,4.2,3.1,"Sports Bar,Neighborhood Hangout,Casual Dining,After-Work Spot,Friendly Service,Lively,Easygoing,Local Favorite","Sports broadcasts,background music","Mickey Spillane's earns a 6 as a solid neighborhood sports bar with decent food and friendly service, but lacks the distinctive character or elevated experience needed for a higher score. While the staff receives praise and the atmosphere is welcoming, the basic presentation and standard sports bar setup keep it in ""good but not special"" territory."
1876,"Miznon NYC",Manhattan,Manhattan,dining,6,4.4,4.1,"#casual #rustic #cozy #neighborhood #authentic #laidback #homestyle #fresh #intimate #charming","Middle Eastern,acoustic","While Miznon offers good Mediterranean food with creative presentation and solid ratings, the basic interior and casual atmosphere keep it from being particularly special or memorable. It's a reliable neighborhood spot with charm but lacks the uniqueness or elevated experience needed for a higher score."
1792,"Mom's Spaghetti",Manhattan,"Downtown Detroit",dining,6,4.4,3.8,"#themed #eminem #hiphop #nostalgic #casual #novelty #cultural #fanexperience #laidback #authentic #quirky","Hip-hop,rap","Mom's Spaghetti earns points for its unique Eminem-themed concept and novelty experience, but the overall presentation and ambiance remain quite basic and casual. While it offers an interesting cultural experience for fans, the food quality and atmosphere don't elevate it beyond a themed fast-casual spot."
238,"Mulberry St Cigars",Manhattan,Manhattan,nightlife,6,4.3,5.0,"casual,authentic,street-side,traditional,laid-back,nostalgic,local,artisanal,neighborhood,intimate","","While the cigar rolling experience is unique and the Little Italy location adds character, the dated interior and average presentation prevent it from reaching premium status. The novelty factor and street-side cigar rolling create a memorable experience, but the overall ambiance falls into the ""good but not special"" category."
1763,"Murphy's",Manhattan,Manhattan,dining,6,4.6,3.7,"neighborhood-pub,casual-dining,friendly-service,local-favorite,relaxed,welcoming,unpretentious,post-work-drinks,group-friendly","Classic rock,Irish traditional","Murphy's is a solid neighborhood pub with friendly service and a welcoming local atmosphere, but lacks the distinctive character or upscale elements that would make it particularly special. The mixed reviews across platforms and basic pub ambiance place it firmly in the ""good but not special"" category."
2159,"Murray’s Cheese Shop",Manhattan,Manhattan,dining,6,4.6,4.2,"cozy,casual,foodie-friendly,authentic,local-favorite,specialty-shop,comfort-food,trendy,accessible,neighborhood-gem","","Murray's Cheese Shop offers a decent specialty food experience with good ratings and quality grilled cheese, but it's essentially an upscale sandwich counter rather than a destination dining experience. While the food quality is solid and the cheese selection impressive, the overall experience lacks the uniqueness and atmosphere that would elevate it to premium status."
338,"NYC Kitchen",Manhattan,Manhattan,dining,6,4.4,3.5,"Casual,Family-friendly,Neighborhood,Cozy,Classic pizzeria,Contemporary,Brick interior,Local spot,Relaxed,Quick service,Comfort food,Traditional","Background pop/rock or none","While NYC Kitchen offers solid pizza with good Google ratings and a decent atmosphere, it's fundamentally a neighborhood pizzeria without distinctive characteristics that would elevate it above the many pizza options in Manhattan. The mixed Yelp vs Google ratings and standard casual dining experience place it in the ""good but not special"" category."
74,"New Star Deli",Manhattan,Manhattan,dining,6,4.3,3.7,"neighborhood-favorite,casual-dining,locals-hangout,comfort-food,no-frills,family-friendly,takeout-friendly,breakfast-spot,affordable,community-deli","","New Star Deli delivers solid neighborhood comfort food with friendly service and good value, earning consistent praise for their breakfast offerings and welcoming local atmosphere. However, it's a straightforward deli experience without any premium elements, trendy ambiance, or unique characteristics that would elevate it beyond a reliable neighborhood spot."
2154,"Nikki’s Kitchen",Manhattan,,dining,6,5.0,4.4,"homemade,festive,cozy,family-friendly,celebration-focused,welcoming,traditional,sweet-treats,custom-orders,neighborhood-bakery","","While Nikki's Kitchen receives excellent reviews for their custom cakes and desserts, the overall ambiance scores are modest (5-6/10) and it appears to be more of a homemade bakery operation than a destination dining experience. The festive charm and quality baked goods earn it a solid score, but it lacks the premium vibe or unique atmosphere needed for higher ratings."
2125,PPL,Manhattan,Williamsburg,dining,6,4.6,4.5,"cozy,rustic,vintage,quirky,trendy,green-decor,quaint,casual,neighborhood-spot,instagram-worthy,coffee-shop","ambient,indie,acoustic","While the venue has a cozy, rustic charm with personality, the mixed reviews highlight inconsistent service quality and poor drink execution that significantly impacts the overall experience. The 4.6 Google rating is undermined by specific complaints about unwelcoming staff and poorly prepared beverages."
213,"Palma Verde",Manhattan,Manhattan,dining,6,4.3,3.4,"Modern,Trendy,Urban,Rooftop,Event Space,Manhattan,Times Square Views,Contemporary,Upscale-Casual,Multi-Level","Contemporary Pop,Hip-Hop","While the venue has strong visual appeal with modern design and good ambiance, the mixed reviews reveal significant service issues including aggressive staff, poor event management, and overpriced food portions. The stark difference between Yelp (3.4) and Google (4.3) ratings, combined with complaints about sticky floors and rude staff, indicates inconsistent quality that prevents it from reaching premium status."
56,Paninoteca,Manhattan,Manhattan,dining,6,4.8,2.9,"Cozy,Neighborhood,Fresh,Affordable,Small,Local,Welcoming,Basic",None,"While the food quality appears excellent with fresh ingredients and the service receives praise, the venue itself is described as ""plain"" and ""barely noticeable"" from outside with a ""basic ambiance."" The stark discrepancy between Yelp (2.9⭐) and Google (4.8⭐) ratings, along with the modest interior and typical vibe, places this as a good neighborhood spot but nothing particularly special or memorable."
791,Pastasole,Manhattan,Manhattan,dining,6,4.5,3.4,"casual-dining,family-friendly,cozy,intimate,artistic,neighborhood-spot,affordable,authentic,welcoming","Italian/Mediterranean or none","While the food receives positive reviews and the venue has some charming features like courtyard seating and artwork, the overall experience falls into the ""good but not special"" category. The mixed photo analysis scores (5-6/10) and significant disparity between Yelp (3.4⭐) and Google (4.5⭐) ratings suggest inconsistency in the dining experience."
2128,"Plowshares Coffee",Manhattan,Manhattan,dining,6,4.6,4.3,"minimal,industrial,studious,chill,functional,spacious,work-friendly,piano,chess,WiFi-enabled,community-focused,no-frills","Chill,Ambient","While Plowshares has solid Google ratings and good coffee quality, the minimal industrial aesthetic and basic setting prevent it from reaching premium status. It's a functional coffee shop with decent ambiance but lacks the unique character or upscale touches that would elevate it above ""good but not special."""
2184,"Rasta Pasta",Manhattan,Manhattan,dining,6,5.0,5.0,"casual-dining,neighborhood-spot,spicy-food,caribbean-vibes,comfort-food,friendly-service","reggae,caribbean","While the food receives excellent reviews for flavor and the hospitality is praised, the venue shows dated interior elements and moderate ambiance that lacks the premium feel needed for higher scoring. The limited review count and mixed visual presentation suggest a good neighborhood spot rather than a destination venue."
906,"Ruby Crab",Manhattan,Manhattan,dining,6,4.5,4.9,"casual,authentic,hole-in-the-wall,neighborhood,unpretentious,bustling,takeout-friendly,chinatown,seafood-focused,value-oriented","","Despite excellent food quality and strong reviews praising fresh seafood boils, the basic interior and casual takeout-style atmosphere prevents it from reaching premium status. The authentic, no-frills Chinatown experience offers great value but lacks the elevated ambiance expected for higher scores."
970,"Scarr’s Pizza",Manhattan,Manhattan,dining,6,4.4,3.9,"casual,neighborhood,authentic,laid-back,smoky,bustling,no-frills,quick-service,local,pizza-focused","","While Scarr's delivers solid NYC pizza with quality ingredients and has decent Google ratings, the smoky dining room, basic ambiance, and functional atmosphere keep it from being special. It's a good neighborhood pizza spot but lacks the unique vibe or elevated experience that would make it premium."
1563,"Somewhere Nowhere",Manhattan,Manhattan,dining,6,3.5,2.5,"Rooftop,Trendy,Manhattan Views,Empire State Building Views,Hudson River Views,Modern,Stylish,Upscale,City Skyline,Date Night,Instagram-worthy,Outdoor Seating","Lounge,Electronic","While the venue offers stunning views and upscale ambiance with professional presentation, the significant gap between Yelp (2.5⭐) and Google (3.5⭐) ratings, combined with complaints about poor management, restrictive policies, and mediocre food quality, prevents it from reaching premium status. The beautiful rooftop setting and trendy atmosphere keep it in the ""good but not special"" category."
2099,"Somewhere Nowhere Rooftop at Renaissance NY",Manhattan,Manhattan,dining,6,3.5,2.5,"rooftop,views,trendy,upscale,manhattan,tourist-magnet,photo-worthy,overpriced,inconsistent-service,strict-policies","lounge,electronic","While the venue offers stunning views and upscale ambiance with a 9/10 photo analysis, the poor service quality, restrictive policies, and mediocre food significantly detract from the experience. The 2.5 Yelp rating reflects serious operational issues that prevent this from being a premium destination despite its visual appeal."
739,"Spicy Village",Manhattan,Manhattan,dining,6,4.5,4.2,"authentic,casual,no-frills,spicy,hearty,unpretentious,cash-only,takeout-friendly,neighborhood-spot,flavorful,generous-portions","","Spicy Village delivers solid, authentic Chinese cuisine with generous portions and bold flavors that keep customers coming back. However, the dated interior, modest ambiance, and cash-only policy place it firmly in the ""good but not special"" category for overall experience."
1541,"Spicymoon Vegan Szechuan Cuisine",Manhattan,Manhattan,dining,6,4.6,4.3,"cozy,laid-back,spicy,vegan-friendly,neighborhood-gem,intimate,casual-dining,authentic,welcoming,budget-friendly","","While Spicymoon has solid ratings and excellent food quality, the ambiance and interior are described as simple and lacking an upscale feel, placing it in the ""good but not special"" category. The cozy, laid-back atmosphere and moderate pricing suggest a reliable neighborhood spot rather than a destination venue."
1922,"Stuffed Ice Cream",Manhattan,Manhattan,dining,6,4.3,4.3,"Instagrammable,Trendy,Casual,Fun,Colorful,Creative,Small Space,Manhattan,Novelty,Sweet Spot","Pop,Indie","While Stuffed Ice Cream offers a unique and Instagram-worthy concept with stuffed donuts and creative presentations, the basic interior and mixed reviews about ice cream quality prevent it from reaching premium status. The novelty factor and trendy vibe keep it solidly in the ""good but not special"" category."
2124,"Sweet Moment",Manhattan,Manhattan,dining,6,4.5,4.3,"casual,trendy,relaxed,minimalist,industrial,neighborhood,workspace-friendly,young-crowd,cafe,cozy,unpretentious","ambient,indie,coffeehouse","Sweet Moment offers a decent casual cafe experience with good dessert presentation, but suffers from maintenance issues like dusty ceilings and frozen cakes that detract from the overall experience. The venue provides a functional workspace atmosphere but lacks the polish and uniqueness needed for a higher score."
542,"Søul",Manhattan,Manhattan,dining,6,4.8,4.4,"comfort-food,homestyle,authentic,family-friendly,neighborhood-spot,cozy,unpretentious,welcoming,casual-dining,local-favorite","R&B,Gospel,Classic Soul","While the food quality and service receive excellent reviews with high ratings, the casual homemade presentation and basic interior aesthetics prevent it from reaching premium status. This is a solid comfort food spot with authentic soul food and great customer service, but lacks the upscale vibe or unique ambiance that would elevate it further."
1050,"The Chai Spot",Manhattan,Manhattan,dining,6,3.9,4.0,"cozy,casual,trendy,eclectic,social-conscious,relaxed,colorful,bohemian,intimate,community-focused","world music,acoustic","While The Chai Spot has a solid social mission and cozy atmosphere, the reviews indicate it's fairly standard with ""fine"" drinks and basic food execution. The casual tea room setting and moderate pricing place it in the good-but-not-special category rather than premium territory."
1603,"The Fine Wine Experience NYC",Manhattan,Manhattan,dining,6,4.3,4.6,"Wine Tasting,Professional,Modern,Educational,Upscale-Casual,Wine Culture,Sophisticated,Manhattan,Cozy,Spacious,Trendy","Jazz,Ambient","While the venue has good ratings and a professional wine operation with upscale presentation, the serious customer service issues and health concerns raised in reviews are major red flags that detract from the overall experience. The positive aspects like professional staff and good wine collection keep it from falling below the threshold, but the trust and service problems prevent it from being truly special."
1732,"The Lost Draft",Manhattan,Manhattan,dining,6,4.7,4.1,"Work-friendly,Study spot,Spacious,Bright,Minimalist,Functional,Casual,Neighborhood,Tourist-friendly,Student hub",Background/ambient,"The Lost Draft is a solid neighborhood cafe with good reviews and functionality for work/study, but lacks the distinctive character or upscale experience needed for a higher score. While it serves its purpose well as a spacious, comfortable workspace with reliable coffee and friendly service, it falls into the ""good but not special"" category with a somewhat forgettable ambiance."
2131,"The Monkey Cup",Manhattan,Manhattan,dining,6,4.7,4.2,"cozy,casual,neighborhood,study-friendly,laid-back,local,relaxed,unpretentious,coffee-shop,work-conducive","ambient,none","While The Monkey Cup has solid Google ratings and offers a cozy atmosphere with decent pastries and coffee, it's essentially a neighborhood café without distinctive or premium elements. The lack of WiFi, basic coffee shop setup, and casual study environment place it squarely in the ""good but not special"" category."
2200,"Unnamed Venue",Manhattan,Manhattan,dining,6,5.0,4.2,"Professional,Business-friendly,Meeting space,Corporate events,Functional,Clean,Accessible,Service-oriented",None,"This venue functions well as a professional event space with excellent service and a convenient Manhattan location, but lacks the distinctive character, upscale ambiance, or unique dining experience that would elevate it beyond functional. The photos show a basic business-oriented interior without premium finishes or memorable design elements."
277,"Urban Cove",Manhattan,Manhattan,dining,6,4.4,2.9,"modern,chic,trendy,hotel-restaurant,cocktail-focused,Manhattan,upscale-casual,inconsistent-service,quiet,stylish,low-key","low-key background music","While the venue has strong visual appeal with chic modern decor and refined food presentation, the service issues are significant with long wait times, poor staff attention, and basic operational problems like running out of key menu items. The large gap between Yelp (2.9) and Google (4.4) ratings, combined with mixed reviews highlighting serious service inconsistencies, prevents this from reaching premium status despite its upscale ambiance."
1581,"Vanderbilt Market",Manhattan,Manhattan,dining,6,4.4,4.2,"Casual,Bustling,Family-friendly,Tourist-friendly,Budget-conscious,Sports-viewing,Food court,Industrial design,Lively,Multi-generational",Background/ambient,"While Vanderbilt Market has good ratings and a convenient location near Grand Central, it's essentially a food court with casual dining and budget-friendly prices. The ambiance and presentation scores are mediocre, and despite the ""trendy"" atmosphere, it lacks the special or unique qualities that would elevate it above standard food hall fare."
626,"Verano NYC",Manhattan,Manhattan,dining,6,4.3,3.4,"vibrant,colorful,modern,lively,inviting,relaxing,sunset-views,trendy,casual-dining,date-friendly","Latin,Contemporary","While Verano NYC has a vibrant atmosphere and good Google reviews, the mixed ratings (3.4 Yelp vs 4.3 Google), modest photo scores, and presentation issues keep it in the ""good but not special"" category. The lively vibe and Hudson Yards location are positives, but it doesn't reach premium status."
1586,"Yum Yubu",Manhattan,Manhattan,dining,6,3.8,4.1,"Modern,Casual,Trendy,Fast-Casual,Fresh,Clean,Minimalist,Urban,Quick-Service","Contemporary Pop,Chill Electronic","While the venue has modern aesthetics and good food presentation, the limited reviews (only 22 total) and mixed feedback including undisclosed ingredient changes suggest inconsistency. The casual poke bowl concept and moderate pricing keep it from reaching premium status."
1669,eatprettyues,Manhattan,Manhattan,dining,6,4.4,0.0,"trendy,colorful,instagrammable,casual,cozy,small,neighborhood,playful,vibrant,quirky","indie pop","While the venue has a trendy aesthetic and unique Instagram-worthy drinks, the high prices don't align with the quality delivered, and the limited seating/casual cafe atmosphere keeps it from being truly special. The mixed reviews highlighting overpriced items and basic food quality prevent it from reaching a higher tier."
485,melaninmimosasbrunch,Manhattan,Manhattan,dining,6,3.9,0.0,"brunch,party atmosphere,trendy,Manhattan,Times Square,late brunch,DJ music,mimosas,casual dining,weekend vibes","DJ sets,hip-hop","While the venue has decent presentation and a party-like brunch atmosphere, the mixed reviews reveal significant issues with drink quality, repetitive music, and rushed service that prevent it from being special. The 3.9 Google rating with complaints about watered-down mimosas and being rushed out after 90 minutes indicates an average experience that lacks the polish expected from premium venues."
2068,nychookahlounge,Manhattan,Manhattan,nightlife,6,4.6,0.0,"cozy,relaxed,atmospheric,trendy,vintage,eclectic,intimate,social,chill,hookah lounge","lounge,ambient,middle eastern","While the venue has good Google ratings and positive reviews highlighting great service and atmosphere, the photos analysis reveals mediocre presentation and dated interior design. The cozy vibe and attentive service save it from falling below the threshold, but it lacks the premium quality needed for a higher score."
2269,thecityisoursnyc,Manhattan,Manhattan,nightlife,6,3.9,0.0,"tourist-friendly,scenic,educational,outdoor,sightseeing,casual,boat-tour,Manhattan-views,family-oriented,daytime-activity","","This sightseeing boat tour offers decent views and tourist appeal but operates more as a basic tourist service than a premium experience. The mixed reviews highlight inconsistent service and some deceptive practices, while the setting lacks the upscale ambiance expected for higher scores."
797,"unknown poké bowl restaurant",Manhattan,Manhattan,dining,6,4.5,4.1,"fast-casual,clean,minimalist,efficient,lunch-spot,health-conscious,modern,basic,quick-service","","This is a solid fast-casual poke spot with good ratings and efficient service, but it lacks any distinctive character or trendy elements that would make it special. The modern-minimalist design and professional food presentation are competent but generic for Manhattan's competitive dining scene."
735,"Sette Marlboro",Marlboro,,dining,6,4.3,3.8,"Date Night,BYOB,Contemporary Italian,Strip Mall Dining,Open Concept,Professional Service,Upscale Casual,Food Presentation,Mixed Reviews,Pricey Portions","Contemporary Italian,Soft Jazz","While Sette Marlboro offers good food presentation and a pleasant upscale ambiance, the mixed reviews about food quality (sandy clams, average halibut) and concerns about portion-to-price ratio prevent it from reaching premium status. The restaurant sits in the ""good but not special"" category with decent ratings but lacks the consistency and wow factor for higher scoring."
1808,"Source Brewing",Marlboro,,dining,6,4.4,3.9,"Rustic,Farmhouse,Casual,Welcoming,Country,Laid-back,Local,Brewery,Craft,Relaxed",None,"Source Brewing offers good craft beer in a rustic farmhouse setting with loyal customers who travel distance for the quality, but suffers from poor operational decisions like no flights and terrible menu placement that detract from the experience. The venue provides a solid but unremarkable brewery experience without the premium feel or unique atmosphere that would elevate it above average."
683,"Spaghetti Eddie",Meadowlands,,dining,6,4.5,4.0,"family-friendly,cozy,intimate,homey,traditional,comfort-food,casual-dining,neighborhood-gem,unpretentious,welcoming,clean,small-space","","Spaghetti Eddie's delivers solid Italian comfort food in a cozy, family-friendly atmosphere with consistently good reviews and service. However, it's described as traditional rather than trendy, with modest ambiance scores and a clearly casual dining experience that lacks the upscale or unique elements needed for a higher vibe rating."
570,"Newyork lounge",Mekelle,,nightlife,6,4.0,0.0,"Riverside,relaxed,rustic,casual,family-friendly,pet-friendly,affordable,laid-back,neighborhood,basic,outdoor,spacious","Playlist music","While the venue has a pleasant riverside location and affordable prices, the basic rustic style, mixed service quality, and casual atmosphere with cats wandering around suggests a very laid-back neighborhood spot rather than anything special. The 4-star Google rating is positive but the reviews indicate a simple bar experience without standout features."
1729,"Social Corner",Merrick,Rosedale,nightlife,6,4.0,3.0,"Casual,Neighborhood,Bar Scene,Dancing,DJ,Taco Tuesday,Cocktails,Local Hangout,Family-Friendly","DJ,Dance Music","Social Corner offers a decent casual dining experience with some entertainment elements like DJ and dancing, but suffers from inconsistent service and food quality issues that prevent it from being special. The mixed reviews highlighting long wait times, food preparation problems, and inattentive service, combined with average photo scores, place it squarely in the ""good but not special"" category."
1459,"Life at Cais",Metuchen,,dining,6,4.1,3.3,"Family-friendly,casual,cozy,neighborhood spot,kid-friendly,relaxed,community-oriented,laid-back","Light background music or none","While the cafe shows promise with decent food presentation and a welcoming exterior atmosphere, the mixed reviews highlighting watered-down coffee and burnt espresso, combined with basic interior spaces, prevent it from reaching premium status. The venue appears to be a functional family-friendly cafe that serves its purpose but lacks the exceptional quality and ambiance needed for a higher score."
651,"RIPOSO Coffee Roasters","Middletown Township","",dining,6,4.6,4.5,"Casual,Neighborhood,Coffee-focused,Approachable,Relaxed,Local,Family-friendly",None,"While RIPOSO Coffee Roasters serves quality specialty coffee with knowledgeable staff and good service, the basic interior design and casual atmosphere prevent it from achieving a premium vibe. The venue functions well as a neighborhood coffee shop but lacks the unique elements or upscale ambiance that would make it truly special."
1480,"Unwined Boutique","Millburn-Short Hills",,dining,6,4.7,3.8,"wine shop,traditional,knowledgeable staff,neighborhood gem,BYOB delivery,intimate,curated selection,local favorite","","While Unwined Boutique offers knowledgeable service and quality wine selection, it's fundamentally a retail wine shop rather than a destination experience venue. The traditional wine shop atmosphere and limited social elements keep it from achieving a higher vibe score despite solid customer satisfaction."
259,"The Rex Burger and Lobster",Mineola,Manhattan,dining,6,4.2,3.8,"casual,comfortable,neighborhood,relaxed,family-friendly,unpretentious,spacious,welcoming","","The Rex offers solid casual dining with fresh lobster and quality burgers, but lacks the polish and uniqueness needed for a higher score. While the food quality is good and the atmosphere is comfortable, it's a straightforward neighborhood spot without standout features."
400,Roosters,Montclair,,dining,6,4.5,4.0,"casual,laid-back,modern-industrial,rustic,comfort-food,family-friendly,straightforward,neighborhood-spot,relaxed","classic rock,pop hits","Roosters delivers solid comfort food in a casual modern-industrial setting with good reviews praising flavorful chicken and creative sides like fried pickles with maple syrup. However, the straightforward presentation and laid-back atmosphere keeps it firmly in the ""good but not special"" category rather than premium dining territory."
292,"The Union Firehouse","Mount Holly","",nightlife,6,4.6,3.7,"Live Music,Community Hub,Relaxed,Friendly,Local Favorite,Energetic,Social,Weekend Vibes,Unpretentious,Music Lover's Haven","Local bands,Live performances","While The Union Firehouse has strong community appeal and excellent live music, the casual atmosphere and basic interior elements prevent it from reaching premium status. The venue serves its purpose well as a local music spot but lacks the upscale refinement expected for higher scores."
1977,"The Hub Murray Hill","Murray Hill",,dining,6,4.3,3.2,"business-friendly,clean,modern,family-oriented,convenient,comfortable,practical,budget-conscious",ambient/none,"While the venue offers modern amenities and clean accommodations with positive guest experiences, it's essentially a standard business hotel without distinctive character or premium positioning. The mixed Yelp/Google ratings (3.2 vs 4.3) and conventional hotel experience place it in the ""good but not special"" category."
1761,"Matera's on the Park",NJ,,dining,6,4.7,4.2,"casual,authentic,neighborhood,family-friendly,rustic,cozy,local,traditional,unpretentious,comfort-food,Italian-market","","While Matera's has strong reviews and authentic Italian offerings, the casual deli atmosphere and modest interior presentation limit its uniqueness factor. It's a solid neighborhood spot with good food but lacks the premium vibe or special ambiance that would elevate it to a higher score."
2198,"Pina's Kitchen",NJ,,dining,6,4.5,0.0,"neighborhood spot,family-friendly,cozy,traditional,unpretentious,local favorite,comfortable,welcoming","background music","While Pina's Kitchen has decent Google reviews and thoughtful food presentation, the dated interior and lack of trendy elements keep it from standing out. The mixed feedback (coffee-only visit, basic hamburger praise) suggests a reliable but unremarkable neighborhood spot."
113,SLS,Nassau,,dining,6,4.3,0.0,"luxury resort,poolside,ocean view,expensive,service issues,beautiful setting,upscale property,tourist destination,mixed experience,overpriced,scenic","lounge,ambient","While SLS boasts stunning visuals and a luxurious poolside setting that screams premium resort dining, the consistently poor service experiences and staff attitude issues significantly detract from the overall vibe. The beautiful ambiance is undermined by rude bartenders, dismissive staff, and management problems that create a hostile rather than welcoming atmosphere."
1110,"Carrello di Cannoli","New Jersey",,dining,6,4.8,5.0,"casual,food-truck,italian,dessert-focused,interactive,family-friendly,authentic,street-food,quick-service,traditional","","While Carrello di Cannoli has excellent ratings and offers a unique cannoli cart experience, it's a food truck operation with casual, informal vibes that lacks the premium atmosphere or upscale elements needed for higher scoring. The presentation is decent and the concept is charming, but it falls into the ""good but not special"" category for the Viberyte audience."
461,"Great soul food spot","New Jersey",,dining,6,4.8,4.0,"casual-dining,family-friendly,neighborhood-gem,comfort-food,local-favorite,unpretentious,homestyle,affordable,welcoming","","While the food quality and service receive excellent reviews with high ratings, the basic ambiance and forgettable atmosphere prevent it from reaching premium status. This is a solid neighborhood soul food spot with great comfort food but lacks the unique vibe or upscale presentation needed for a higher score."
270,"Rnb Brunch Sundays","New Jersey",,dining,6,4.1,4.0,"lively,trendy,social,danceable,brunch-focused,mixed-crowd,casual-dining,party-atmosphere,weekend-vibes","live band,DJ,mixed genres","While the venue offers good food and live entertainment with a dance floor, operational issues like chaotic buffet lines, out-of-order bathrooms, and unenthusiastic staff significantly detract from the experience. The mixed reviews highlight inconsistent service quality that prevents it from reaching premium status."
452,"Soul Food in New Jersey","New Jersey",,dining,6,4.8,4.0,"casual,comfort-food,family-friendly,local-favorite,authentic,unpretentious,welcoming,neighborhood-spot","","While the food receives excellent reviews with customers praising tender ribs, fantastic chicken, and amazing whiting fish, the venue's basic ambiance and straightforward presentation prevent it from reaching a higher tier. The warm service and quality comfort food make it good but not particularly special or memorable from a vibe perspective."
1192,"best Healthy Restaurant","New Jersey","Central Ward",dining,6,4.9,4.4,"casual,cozy,welcoming,clean,vegan-friendly,comfortable,relaxed,modern,trendy,health-conscious","ambient,soft background","While the restaurant has excellent ratings and serves quality vegan Middle Eastern food, the casual fast-casual atmosphere and basic interior design prevent it from achieving a premium vibe score. The food quality is outstanding but the overall experience is comfortable and relaxed rather than distinctive or upscale."
938,"Blueberry Café",Newark,Fairmount,dining,6,4.6,4.1,"Health-conscious,casual,neighborhood-friendly,wellness-focused,laid-back,plant-based,Dr. Sebi inspired,rustic-modern","Chill hop,acoustic,none","While Blueberry Café offers quality vegan food with good reviews and a health-focused concept, the casual takeout presentation and basic ambiance keep it from being special. It's a solid neighborhood spot but lacks the unique vibe or upscale experience that would earn a higher score."
281,"The Patio on Sussex",Newark,"University Heights",dining,6,4.3,4.0,"casual,relaxed,outdoor dining,family-friendly,neighborhood spot,Latin vibes,patio dining,hookah lounge,unpretentious","Latin,reggaeton","While the venue has solid reviews and a pleasant outdoor patio atmosphere, the photo analysis reveals a casual ambiance that lacks the trendy flair and upscale presentation needed for a higher score. The straightforward food presentation and simple vibe place it in the ""good but not special"" category."
383,"The Yard",Newark,"Central Ward",dining,6,4.6,4.6,"casual,friendly,neighborhood gem,cozy,laid-back,comfort food,hidden gem,diverse menu,good service","","While The Yard has excellent reviews and unique menu items like Korean-fusion dishes and grilled coconut cake, the casual ambiance with disposable containers and basic interior design keeps it from reaching premium territory. It's a solid neighborhood gem with great food and service, but lacks the distinctive atmosphere or upscale presentation needed for a higher score."
929,"Blazin Chicken & Gyro","North Bergen",,dining,6,4.8,4.4,"casual-dining,family-friendly,quick-service,halal,local-favorite,affordable,counter-service,takeout-friendly,neighborhood-spot,comfort-food","","While the food quality and service receive excellent reviews with strong ratings, this is fundamentally a casual halal chicken and burger shop with basic ambiance and presentation that doesn't offer anything particularly unique or special. The venue falls into the ""good but not special"" category with decent vibes but lacks the premium experience or distinctive character needed for a higher score."
1709,"Tramonto's Pizza","Ocean Township",Wanamassa,dining,6,4.8,4.4,"Neighborhood gem,family-friendly,welcoming,comfort food,casual dining,community spot,unpretentious,cozy,local favorite",None,"While Tramonto's has excellent reviews and passionate customer loyalty, the basic interior design and straightforward casual pizza presentation keep it from reaching premium territory. It's a solid neighborhood spot with great food and service, but lacks the unique ambiance or upscale elements that would elevate the experience."
1207,"Robert et Louise",Paris,,dining,6,4.5,4.1,"rustic,cozy,traditional,intimate,homey,classic,warm,casual-dining,neighborhood-spot,authentic,old-school","French classics","While Robert et Louise has solid ratings and a cozy French atmosphere, it falls into the ""good but not special"" category with its dated rustic charm and straightforward food presentation. The homey, traditional vibe lacks the premium or unique elements needed for a higher score."
1411,"Stella's","Park Slope","Park Slope",dining,6,4.6,4.5,"neighborhood-gem,authentic,cozy,welcoming,family-friendly,unpretentious,comfort-food,local-favorite,relaxed","reggae,soca","While Stella's has excellent food quality and great service that creates a welcoming experience, the basic interior design and casual atmosphere prevent it from reaching a higher tier. The restaurant succeeds as a solid neighborhood Caribbean spot but lacks the upscale ambiance or unique vibe that would make it stand out in a competitive dining scene."
794,"Lotus Rooftop",Passaic,,nightlife,6,4.5,2.7,"rooftop,trendy,modern,hookah lounge,cocktail bar,urban,nightlife,Instagram-worthy,mixed reviews,service issues,happy hour spot","Hip-hop,Electronic,Pop","While the venue has solid visual appeal and modern aesthetics, the significant disparity between Google and Yelp ratings along with mixed service experiences indicate inconsistency. The mediocre food quality and service issues prevent it from reaching premium status despite its rooftop location and trendy atmosphere."
793,Bocaditos,Paterson,,dining,6,4.3,5.0,"casual,relaxed,colorful,friendly,neighborhood,laid-back,happy hour,intimate,local,welcoming","Latin,Background","While Bocaditos has decent Google ratings and some positive reviews about atmosphere and drinks, the mixed feedback about food quality, basic interior design, and casual vibe prevent it from reaching premium status. The venue seems suitable for informal gatherings but lacks the upscale flair and consistency needed for a higher score."
300,"Mancora Lounge",Paterson,,nightlife,6,4.0,5.0,"trendy,colorful,modern,lounge,dancing,nightlife,casual-upscale,creative-cocktails,latin-vibes,social,weekend-spot","Latin,Dance,DJ","While the venue shows creative cocktail presentation and trendy vibes, significant operational issues like incorrect hours and poor sound system quality detract from the overall experience. The limited review base and basic interior prevent it from reaching premium status despite good drink pricing."
1007,"Wings & Bang Bang Tots",Pennsauken,,dining,6,4.8,5.0,"casual-dining,laid-back,modern-touches,family-friendly,neighborhood-spot,trendy-casual,comfort-food,relaxed-atmosphere","reggae,hip-hop,r&b","While the food receives excellent reviews with praised dishes like rasta pasta and lamb chops, the casual presentation in disposable containers and basic interior with artificial grass elements prevent it from achieving a premium vibe. The venue offers good food in a relaxed setting but lacks the distinctive atmosphere and upscale presentation needed for a higher score."
464,"Blend lounge",Queens,"Richmond Hill",nightlife,6,4.0,3.1,"trendy,modern,upscale-casual,nightlife,birthday-friendly,colorful,sleek,lounge,social,party","Not specified","While the venue has good visual appeal and modern ambiance, the mixed service quality and management issues mentioned in reviews prevent it from reaching premium status. The significant disparity between Yelp (3.1★) and Google (4★) ratings, combined with service complaints about poor attention and promoter scams, indicates inconsistent experiences."
1708,"Cugini's Pizzeria",Queens,"Oakland Gardens",dining,6,4.3,4.3,"casual-dining,family-friendly,neighborhood-spot,pizza-joint,no-frills,takeout-friendly,local-favorite,affordable,quick-service","","Cugini's Pizzeria maintains solid 4.3-star ratings across platforms and offers good customer service with reasonable pricing, but the mixed reviews about food quality (burnt pizza) and basic casual atmosphere prevent it from standing out. The venue appears clean and functional but lacks the unique character or premium experience needed for a higher score."
1969,"Epic Lounge",Queens,"South Ozone Park",nightlife,6,4.4,3.8,"casual,trendy,lively,relaxed,friendly,hookah lounge,birthday spot,bottle service,social,laid-back","Hip-hop,R&B,contemporary hits","Epic Lounge meets the minimum threshold with decent ratings and a lively atmosphere, but falls short of being special due to inconsistent service quality and mediocre interior presentation. The mixed reviews highlighting poor hookah quality and pushy bottle service indicate reliability issues that prevent it from standing out in the competitive lounge scene."
486,"Impulse Lounge",Queens,"South Richmond Hill",nightlife,6,3.8,2.9,"colorful-lighting,trendy,lively,social,mature-crowd,nostalgic,energetic,vibrant,nightlife,birthday-friendly","Hip-Hop,R&B","While the venue has good energy and atmosphere with strong presentation, the mixed reviews (2.9 Yelp, 3.8 Google), dated interior elements, and issues like an unkempt outdoor area prevent it from reaching premium status. It's a solid neighborhood spot with good vibes but lacks the polish and consistency needed for a higher score."
1794,Mayahuel,Queens,Astoria,dining,6,4.6,4.3,"casual,lively,trendy,cozy,vibrant,noisy,laid-back","latin,reggaeton","While Mayahuel has solid ratings and decent food presentation, the reviews highlight significant service issues, limited menu options, and inconsistent food quality that prevent it from being special. The casual atmosphere and operational problems place it in the ""good but not special"" category."
1701,"Meli's Pizzeria",Queens,"Forest Hills",dining,6,4.5,4.1,"neighborhood-gem,family-friendly,casual-dining,homestyle,authentic,cozy,local-favorite,unpretentious","","While Meli's has solid ratings and enthusiastic reviews praising their tomato pie and friendly service, the basic interior and casual pizzeria setting prevent it from reaching premium status. The food quality appears excellent for a neighborhood Italian spot, but the overall experience lacks the upscale ambiance or unique vibe needed for higher scoring."
64,"Mon Amour Café",Queens,Astoria,dining,6,4.0,4.4,"Museum café,clean,modern,basic,functional,quiet,simple,family-friendly",None,"Mon Amour Café meets the threshold with decent ratings and clean presentation, but lacks the distinctive character or upscale elements that would make it memorable. It's a functional café with good service but nothing particularly special about the atmosphere or experience."
100,"Queens Juici Patties",Queens,Jamaica,dining,6,4.0,4.0,"authentic,casual,quick-service,local-favorite,no-frills,community-spot,takeout-friendly","reggae,dancehall,or none","Queens Juici Patties delivers authentic Jamaican food with excellent customer service and clean facilities, earning strong reviews for quality and taste. However, the casual fast-food setup, basic presentation, and simple ambiance keep it from reaching premium status."
895,"Rollin' Heroes",Queens,Woodside,dining,6,4.3,3.6,"casual,neighborhood,laid-back,simple,friendly,local,unpretentious,straightforward,comfort-food,quick-bite","","Rollin' Heroes delivers quality sandwiches with fresh ingredients and good value, but operates as a basic sandwich shop without any distinctive atmosphere or upscale elements. The long wait times and simple casual setting prevent it from scoring higher despite positive food reviews."
339,"Soul City",Queens,Jamaica,dining,6,4.3,4.4,"authentic,no-frills,takeout-only,homestyle,generous-portions,friendly-service,local-gem,casual-dining,pescatarian-friendly,fresh-made,family-run,neighborhood-spot","","Soul City delivers exceptional authentic soul food with outstanding customer service and generous portions, earning consistent praise for food quality. However, the basic takeout-only format, minimal ambiance, and simple presentation limit its overall vibe appeal."
1114,"Soul City Taste Test",Queens,,dining,6,4.3,4.1,"takeout-focused,authentic,neighborhood-gem,no-frills,family-run,comfort-food,local-favorite,casual-dining,quick-service,homestyle","","While the venue itself is basic and utilitarian with a forgettable atmosphere, the exceptional food quality and outstanding customer service create a memorable experience that elevates it above mediocre. The authentic soul food, fresh ingredients, and generous portions combined with stellar reviews demonstrate this is a hidden gem that delivers on taste despite its no-frills presentation."
592,"The Chickin Box",Queens,"St. Albans",dining,6,4.2,3.2,"casual,comfort-food,neighborhood-spot,takeout-friendly,relaxed,family-friendly,unpretentious,soul-food","R&B,Hip-Hop,or none","The Chickin Box offers consistently good comfort food with standout items like wings and soul rolls, but the mixed reviews about execution and basic presentation prevent it from reaching higher scores. While it has loyal customers and fair pricing, the casual takeout-focused nature and occasional quality issues keep it in the ""good but not special"" category."
127,"Toledo Cafe",Queens,,dining,6,4.5,0.0,"classic,intimate,traditional,cozy,quiet,nostalgic,formal,old-school,romantic,empty,sophisticated,timeless","","While Toledo Cafe offers professional food presentation and attentive service in a classic Spanish setting, the mixed reviews highlighting overly oily dishes, inconsistent wine service, and the concerning emptiness of the restaurant prevent it from reaching premium status. The traditional, somewhat dated interior and ""timeless but not trendy"" atmosphere place it in the good-but-not-special category."
1702,"Uncle Louie's Pizza",Queens,Elmhurst,dining,6,4.8,4.2,"Family-friendly,neighborhood gem,authentic,casual dining,comfort food,local favorite,welcoming,unpretentious,traditional,cozy",None,"While Uncle Louie's has exceptional reviews praising the owner's hospitality and pizza quality, the photos reveal a very basic interior with mediocre ambiance that feels more like a neighborhood takeout spot than a destination dining experience. The outstanding food and personal service from Louie elevate it just enough to meet the threshold, but the lack of aesthetic appeal and casual atmosphere prevent it from scoring higher."
2211,"Cantina 46",Ridgefield,,dining,6,4.6,3.6,"colorful,lively,family-friendly,casual-dining,neighborhood-spot,vibrant,welcoming,birthday-friendly,photogenic","Latin,reggaeton","While the restaurant has decent Google ratings and friendly service, the food quality issues (tough chicken, underseasoned fish) and dated interior prevent it from reaching a higher tier. The venue offers a solid but unremarkable experience that falls into the ""good but not special"" category."
506,Cantina46NJ,Ridgefield,,dining,6,4.6,0.0,"casual,colorful,lively,welcoming,family-friendly,vibrant,festive,relaxed,neighborhood,warm","Latin,reggaeton","While Cantina46NJ has solid Google ratings and friendly service, the food quality issues mentioned in reviews (tough chicken, underseasoned dishes) and average photo analysis scores keep it from reaching premium status. The venue offers a decent casual dining experience with good atmosphere but lacks the culinary excellence needed for higher certification."
1698,"De Lorenzo's Tomato Pies","Robbinsville Township","Robbinsville Center",dining,6,4.6,4.1,"neighborhood-spot,family-friendly,casual-dining,authentic,local-favorite,no-frills,traditional,unpretentious","","While De Lorenzo's serves exceptional tomato pies that customers rave about, it's a straightforward neighborhood pizza joint with casual ambiance and modest interior presentation. The food quality is outstanding but the venue itself lacks the distinctive atmosphere or upscale elements needed for a higher vibe score."
703,"The Addy's BBQ",Sayreville,,dining,6,4.6,3.3,"casual,local-favorite,comfort-food,laid-back,family-friendly,unpretentious,hearty,straightforward,neighborhood-spot","country,classic rock","The Addy's BBQ meets the threshold as a solid local barbecue spot with good food quality, evidenced by enthusiastic reviews praising their burnt ends and brisket. However, the basic interior setup and casual atmosphere prevent it from achieving a higher score, keeping it in the ""good but not special"" category."
744,"Jack's Surf Turf","Short Hills","Short Hills",dining,6,4.4,3.8,"casual-dining,neighborhood-spot,family-friendly,unpretentious,basic,laid-back",background-acoustic,"Jack's Surf Turf presents a casual seafood experience with decent presentation but falls short of being special or memorable. The mixed reviews, basic ambiance, and moderate ratings place it squarely in the ""good but not special"" category."
1705,"Prima Pizza Kitchen",Somerville,"",dining,6,4.4,4.1,"casual,neighborhood,family-friendly,local,straightforward,comfort-food,no-frills,reliable,traditional","","Prima Pizza Kitchen delivers solid neighborhood Italian fare with good ratings and standout items like wings and specialty pizzas, but lacks the unique atmosphere or upscale presentation needed for a higher score. The casual, functional setting and standard pizzeria vibe make it a reliable local spot rather than a destination experience."
1706,"Amano Pizza Inc","South Amboy","",dining,6,4.5,3.9,"casual,family-friendly,functional,welcoming,laid-back,neighborhood-spot","","While Amano Pizza has solid Google ratings (4.5⭐) and offers decent food quality, the mixed reviews highlight inconsistent service and average food execution that prevents it from being special. The functional interior design and casual pizza shop atmosphere place it firmly in the ""good but not special"" category."
250,"Best Mexican restaurant","South Jersey",,dining,6,4.5,4.3,"authentic,casual,family-friendly,homely,colorful,neighborhood,unpretentious,traditional,laid-back","mariachi,regional mexican","While the restaurant has strong ratings and serves authentic Mexican food with generous portions, the dated interior, basic presentation, and casual homely atmosphere prevent it from standing out as anything special. The positive reviews highlight good food and service, but the overall experience appears standard for a neighborhood Mexican restaurant."
2208,"Clean Plate Preps","South Jersey",,dining,6,4.7,4.0,"casual,health-focused,meal-prep,clean-eating,fitness-oriented,grab-and-go,modern,simple","","Clean Plate Preps appears to be a solid meal prep service with good food quality but significant operational issues around order accuracy. While the food receives praise for flavor and presentation, the repeated mistakes with dietary restrictions and ingredients prevent it from reaching a higher tier."
472,"Clean Plate Preps NJ","South Jersey",,dining,6,4.7,4.0,"health-conscious,clean-eating,functional,modern,casual,convenient,fresh,protein-focused,fitness-oriented,takeout-friendly","","Clean Plate Preps offers good quality healthy meals with excellent customer service and fresh preparation, but the venue appears to be primarily a meal prep/takeout concept rather than a destination dining experience. While the food quality and presentation are solid, the overall vibe and ambiance are more functional than experiential."
1928,"Saker World Class Bakery","South Plainfield",,dining,6,4.6,2.4,"Traditional,Cozy,Family-Friendly,Local,Neighborhood,Custom-Orders,Sweet-Treats,Straightforward,Welcoming",None,"While the bakery excels in custom cake quality and has exceptional Google reviews, the significant disparity between Google (4.6⭐) and Yelp (2.4⭐) ratings suggests inconsistency in experience. The ambiance and interior scores are below premium standards, making it good but not special enough for higher scoring."
741,"Harpers Southampton",Southampton,,dining,6,4.1,2.0,"cozy,upscale-casual,modern,warm,welcoming,trendy,comfortable,dog-friendly,boutique-hotel,countryside","","While the venue has decent ambiance and professional presentation, the mixed reviews reveal significant service issues including rushed dining experiences and food quality concerns that prevent it from reaching premium status. The conflicting review quality (2-star Yelp vs 4.1 Google) and inconsistent service experiences suggest a good but unreliable establishment."
1804,"Honey Fried Chicken","Staten Island","Midland Beach",dining,6,4.8,4.4,"casual,family-friendly,takeout-focused,local-favorite,authentic,small-business,korean-fusion,comfort-food,neighborhood-gem","","While Honey Fried Chicken has excellent ratings and clearly delivers quality food with great customer service, it's a straightforward fast-casual chicken shop without any special ambiance or unique dining experience. The functional interior and takeout-focused model keeps it in the ""good but not special"" category despite the stellar food quality."
947,"Lee's Tavern","Staten Island","Dongan Hills",dining,6,4.6,4.4,"neighborhood-joint,cash-only,no-frills,local-hangout,classic,nostalgic,dive-bar,authentic,blue-collar,old-school","","Lee's Tavern delivers solid neighborhood charm with good food and service, earning decent ratings, but the basic interior and lack of modern amenities keep it from being special. It's a reliable local spot that satisfies without offering anything particularly unique or memorable."
842,"Hens and Honey Shoppe",Swedesboro,,dining,6,4.6,3.8,"quirky,casual,homemade,trendy-aspirational,coffee-focused,gift-shop,laid-back,Instagram-friendly,weekend-busy,neighborhood-spot","indie,acoustic","While the venue shows potential with some trendy photo setups and a quirky atmosphere, the mixed reviews reveal declining food quality and service issues that prevent it from reaching premium status. The inconsistent presentation across photos and critical feedback about overpriced, poorly executed items keep this in ""good but not special"" territory."
2135,"Rise N Shine",Syracuse,Eastside,dining,6,4.3,3.8,"cozy,family-friendly,neighborhood,rustic-modern,laid-back,community,welcoming,homestyle,traditional","light background music","Rise N Shine is a solid neighborhood breakfast spot with good service and comfort food, but lacks the uniqueness or upscale experience needed for a higher score. The mixed photo analysis scores and basic diner fare suggest it's good but not particularly special or memorable."
792,"Sauced Up",Teaneck,,dining,6,3.9,4.1,"casual,comfort-food,colorful,hearty,vibrant,counter-service,quick-bite,neighborhood,takeout-friendly","","While the food quality appears decent with colorful presentation, significant service issues including long waits and order mix-ups severely impact the overall experience. The casual food truck/counter service setup and operational problems prevent this from reaching a higher vibe standard."
945,"Zina’s Steakhouse",Teaneck,,dining,6,4.5,3.4,"Date Night,Couples,Modern,Trendy,Upscale Casual,Romantic,Dinner Spot,Happy Hour,Outdoor Dining","Contemporary,Ambient","While the venue has decent presentation and ambiance scores, the mixed reviews highlighting chewy steak with gristle and mediocre drinks prevent it from reaching premium status. The 3.4 Yelp rating with significant review volume suggests consistent quality issues despite some positive experiences."
226,"Colima Taqueria","The Bronx","Little Italy",dining,6,4.7,3.5,"casual,laid-back,colorful,eclectic,energetic,fun,neighborhood-spot,authentic,welcoming,family-friendly","Latin,Reggaeton","While the food receives praise and service is highlighted positively, the casual taqueria setting with modest ambiance scores and eclectic decor places it in the good-but-not-special category. The 4.7 Google rating is strong, but the venue lacks the premium or unique elements that would elevate it to a higher tier."
1178,dripsnyc,"The Bronx","East Bronx",dining,6,4.7,3.8,"#cozy #chill #lively #welcoming #trendy #cocktails #lounge #intimate #rnb #caribbean #friendly #relaxed","RnB,Caribbean","While the venue offers good Caribbean food and cocktails with positive service reviews, the basic interior and exterior design prevent it from reaching premium status. The atmosphere is described as cozy and welcoming, but lacks the unique or upscale elements needed for a higher score."
561,"Big Easy of Downtown Trenton",Trenton,Downtown,dining,6,4.5,4.5,"authentic,comfort-food,family-friendly,welcoming,cozy,local-favorite,traditional,warm,casual-dining,community,hearty,down-to-earth","R&B,Soul,Blues","While Big Easy receives outstanding reviews for authentic soul food and exceptional service, the casual, no-frills atmosphere and straightforward presentation keep it from reaching premium status. The excellent food quality and warm hospitality elevate it above mediocre, but it lacks the upscale ambiance or unique vibe that would score higher."
854,"Gloria Boyd Soul Food",Trenton,Downtown,dining,6,4.4,3.9,"homestyle,authentic,welcoming,neighborhood,comfort-food,family-friendly,traditional,down-to-earth","gospel,R&B,oldies","While the food receives excellent reviews with authentic soul food flavors and caring preparation, the casual diner atmosphere and basic presentation keep it from reaching premium territory. The venue offers solid comfort food with friendly service but lacks the unique ambiance or upscale touches needed for a higher score."
761,"Jean’s Kitchen",Trenton,Downtown,dining,6,4.6,5.0,"cozy,homestyle,authentic,comfort-food,neighborhood-spot,welcoming,casual-dining,family-friendly,no-frills,traditional","reggae,soul","While Jean's Kitchen has strong reviews praising authentic flavors and generous portions, the simple ambiance and straightforward presentation keep it from reaching premium territory. The mixed feedback on food quality and basic interior design suggest a solid neighborhood spot rather than a destination venue."
647,"Royal Cakes & Cafe",Trenton,"Hanover Academy",dining,6,4.1,4.5,"casual,neighborhood,family-friendly,local,comfort-food,takeout-friendly,community,unpretentious","","Royal Cakes & Cafe offers decent soul food with good service and a clean, modern interior, but lacks air conditioning, has limited menu availability, and shows inconsistent food quality with shortcuts on basic items like burgers. The venue feels more like a solid neighborhood spot rather than a destination with special appeal."
1005,"Fried Crispy Chicken",Union,,dining,6,4.6,4.5,"casual,family-friendly,takeout-focused,no-frills,neighborhood-spot,authentic,busy,local-favorite","","While the food quality is highly praised with excellent chicken and flavorful fried rice, the basic fast-food setup, 40+ minute wait times, and limited ambiance keep it from being special. It's a solid neighborhood spot for great fried chicken but lacks the vibe factor for a memorable dining experience."
752,"H&S SoulFood",Union,,dining,6,4.0,4.1,"cozy,casual,local-gem,family-friendly,comfort-food,homestyle,neighborhood-spot,welcoming,laid-back,authentic","R&B,Neo-Soul","While H&S SoulFood delivers excellent comfort food that customers rave about, the casual homemade presentation style and basic interior don't create the elevated or unique dining experience needed for a higher score. It's a solid neighborhood gem with great food and service, but lacks the premium vibe or special atmosphere that would make it stand out in a competitive market."
874,"Union Bar and Restaurant",Union,"Frankfurt-Süd",lounge,6,4.1,5.0,"Modern,Trendy,Noisy,Cold Interior,Train Adjacent,Polished,Casual Dining,Sports Bar Vibes","None specified","While the venue has modern aesthetics and upscale atmosphere, significant service issues including inconsistent food timing, poor hostess service, and basic execution problems prevent it from reaching a higher tier. The mixed reviews highlighting both standout dishes and disappointing experiences suggest a venue that hasn't found its consistency yet."
462,"SMAC kitchen","Union City",Manhattan,dining,6,4.5,3.6,"casual,cozy,comfort-food,family-friendly,takeout-friendly,modern,welcoming,lively,indoor-outdoor,mac-and-cheese-focused","","While SMAC kitchen offers solid comfort food with good Google ratings and generous portions, it's essentially a casual mac and cheese spot with kiosk ordering that lacks the premium experience or unique atmosphere needed for higher scoring. The cozy interior and welcoming vibe are pleasant but not particularly special or memorable."
444,"Hidden Soul Food Restaurant",Vineland,,dining,6,4.5,4.0,"authentic,community-focused,unpretentious,homestyle,local-favorite,family-friendly,comfort-food,traditional,neighborhood-gem,no-frills,welcoming","Gospel,R&B,Blues","Hidden Soul Food Restaurant delivers exceptional authentic soul food that creates a strong community following, but the plain exterior, dated interior, and casual presentation prevent it from reaching higher vibe levels. The outstanding food quality and passionate customer loyalty earn it a solid score despite aesthetic limitations."
437,"Girl with a grill","Voorhees Township",Echelon,dining,6,4.3,4.0,"casual-dining,family-friendly,comfort-food,nostalgic,carnival-treats,charcoal-grilled,clean,welcoming,straightforward,affordable,fast-casual","","Girl with a grill offers solid comfort food with excellent hot dogs and carnival-style desserts, earning good ratings for friendly service and cleanliness. However, the basic ambiance, dated interior, and mixed food quality (particularly disappointing burgers) keep it from reaching higher vibe territory."
533,"favorite NJ restaurant","Weehawken Township","",dining,6,4.7,4.0,"waterfront,modern,upscale-casual,romantic,date-night,trendy,scenic,contemporary,instagram-worthy,cocktail-focused","contemporary jazz,lounge","While the venue has strong visual appeal with modern design and sophisticated presentation earning high marks for ambiance and style, the mixed reviews reveal inconsistent food quality and service issues that prevent it from reaching premium status. The significant gap between the polished appearance and actual dining experience, particularly the concerning review about stale food and pest issues, keeps this from being truly special despite its upscale aspirations."
1143,"Lilli Star",Williamsburg,Williamsburg,dining,6,3.5,3.2,"rooftop,trendy,urban,nightlife,dancing,social,modern,upscale-casual,party,creative,williamsburg,energetic","Hip-hop,Electronic,Dance","While the venue has excellent visual appeal with a 9/10 ambiance and hosts popular rooftop parties, the mediocre ratings (3.2-3.5 stars) and concerning service complaints prevent it from reaching premium status. The mixed reviews suggest inconsistent execution despite the strong aesthetic foundation."
378,made21_barlounge,Williamsburg,Williamsburg,nightlife,6,4.1,0.0,"casual,cozy,neighborhood,outdoor seating,lively,conversational,local favorite,unpretentious,laid-back","Background music","This is a casual neighborhood bar lounge with decent food and service, but lacks the elevated atmosphere or unique elements that would make it stand out. The mixed photo quality scores and basic ambiance suggest it's a reliable local spot rather than a destination venue."
880,"that dinner spot","south jersey","Kingston Estates",dining,6,4.2,4.2,"family-friendly,casual dining,comfort food,welcoming,laid-back,unpretentious,hearty portions,creative menu,neighborhood spot,brunch spot","","While the restaurant has solid 4.2-star ratings and serves creative comfort food like ""The Positive Pancake"" sandwich, the overall presentation and ambiance scores are modest (4-6/10 range). The venue delivers good food and friendly service but lacks the special atmosphere or unique vibe that would elevate it beyond ""good but not special."""
