id,business_name,instagram_handle,partner_page_url,outreach_status,city,state,vibe_tags,music_genres,claim_token
985,"AP Rooftop",ap.rooftop,https://lumina.viberyte.com/partner/985,none,"Asbury Park",NJ,,"[""top-40""]",ap-rooftop-3626
989,"Boogie Nights",boogienights_ac,https://lumina.viberyte.com/partner/989,none,"Atlantic City",NJ,,"disco,dance,pop",boogie-nights-3634
199,"Hills of Herat",hillsofherat.br,https://lumina.viberyte.com/partner/199,none,"Basking Ridge",NJ,"[""upscale"",""romantic"",""cozy""]",[],hills-of-herat-1605
228,"American On J",americanonj,https://lumina.viberyte.com/partner/228,none,Bayonne,NJ,"[""vibrant"",""cozy"",""upscale""]","[""live-music"",""pop""]",american-on-j-1982
1035,"The Whiskey Priest",getsaucedelivery,https://lumina.viberyte.com/partner/1035,none,Belleville,NJ,,"[""live-band"",""mixed""]",the-whiskey-priest-3765
56,"Xaman Room Speakeasy",agavemaria.nj,https://lumina.viberyte.com/partner/56,none,Belleville,NJ,"[""intimate"",""trendy"",""exclusive"",""vibrant""]","[""afrobeats"",""hip-hop"",""soca"",""top-40""]",xaman-room-speakeasy-275
1971,"Bloomfield Steak & Seafood House",bloomfieldsteakhouse,https://lumina.viberyte.com/partner/1971,none,Bloomfield,NJ,"[""upscale"", ""date_night""]",,bloomfield-steak-seafood-house-12868
1972,"Manouche & Co Mediterranean & Lebanese Restaurant",manouchenj,https://lumina.viberyte.com/partner/1972,none,Bloomfield,NJ,"[""casual"", ""cultural""]",,manouche-co-mediterranean-leba-12869
1063,"Six Points Pub",sixpointspub,https://lumina.viberyte.com/partner/1063,none,Bloomfield,NJ,"[""vibrant"",""energetic"",""local-favorite""]","[""live-music"",""rock""]",six-points-pub-3843
94,"The Canvas & Grapes Experience",canvasandgrapes,https://lumina.viberyte.com/partner/94,none,Brecksville,NJ,"[""vibrant"",""energetic"",""social""]","[""edm"",""hip-hop"",""latin"",""r&b"",""soca""]",the-canvas-grapes-experience-714
984,"The Bradford Rooftop",thebradfordnj,https://lumina.viberyte.com/partner/984,none,Bridgewater,NJ,,"[""mixed""]",the-bradford-rooftop-3625
792,"420 Bar & Lounge",420barlounge,https://lumina.viberyte.com/partner/792,none,Bronx,NY,"[""vibrant"",""social"",""chill"",""community""]","[""hip-hop"",""afrobeats"",""r&b"",""latin"",""live-band"",""top-40""]",420-bar-lounge-3233
797,"Agua É Coco Bar & Grill",aguaecocobar,https://lumina.viberyte.com/partner/797,none,Bronx,NY,"[""lively"",""vibrant"",""social""]","[""latin"",""reggaeton"",""hip-hop""]",agua-coco-bar-grill-3245
799,"Antonio's Trattoria",antoniostrattoria,https://lumina.viberyte.com/partner/799,none,Bronx,NY,,[],antonio-s-trattoria-3264
791,"Aqua Bar and Grill",aqua_bar_grill,https://lumina.viberyte.com/partner/791,none,Bronx,NY,,"[""latin""]",aqua-bar-and-grill-3225
780,"Billy's Sports Bar",billys_sportsbar,https://lumina.viberyte.com/partner/780,none,Bronx,NY,,"[""hip-hop""]",billy-s-sports-bar-3206
785,"Blackstone Bar & Grill",blackstone_bar,https://lumina.viberyte.com/partner/785,none,Bronx,NY,"[""vibrant"",""energetic"",""social""]","[""hip-hop"",""house""]",blackstone-bar-grill-3217
774,"Boca Restaurant and Lounge",boca_nyc,https://lumina.viberyte.com/partner/774,none,Bronx,NY,,"[""latin"",""reggaeton""]",boca-restaurant-and-lounge-3189
786,"Bridges Bar",bridgesbarbx,https://lumina.viberyte.com/partner/786,none,Bronx,NY,,"[""hip-hop""]",bridges-bar-3218
778,"Bronx Alehouse",bronxalehouse,https://lumina.viberyte.com/partner/778,none,Bronx,NY,"[""cozy"",""vibrant"",""local""]","[""mixed""]",bronx-alehouse-3200
779,"Charlies Bar & Kitchen",charlies_bar_kitchen,https://lumina.viberyte.com/partner/779,none,Bronx,NY,,"[""afrobeats"",""hip-hop"",""r&b"",""house""]",charlies-bar-kitchen-3204
790,"Code Red Restaurant & Lounge",coderedbx,https://lumina.viberyte.com/partner/790,none,Bronx,NY,,"[""afrobeats"",""dancehall"",""edm""]",code-red-restaurant-lounge-3222
811,"Da Franco & Tony Ristorante",dafrancoandtony,https://lumina.viberyte.com/partner/811,none,Bronx,NY,,[],da-franco-tony-ristorante-3280
804,"Dakota's On The Cove",dakotasonthecove,https://lumina.viberyte.com/partner/804,none,Bronx,NY,,[],dakota-s-on-the-cove-3270
813,"Enzo's Of Williamsbridge",enzosofwilliamsbridge,https://lumina.viberyte.com/partner/813,none,Bronx,NY,,[],enzo-s-of-williamsbridge-3282
808,"Fiorentina Steakhouse",fiorentinasteakhouseny,https://lumina.viberyte.com/partner/808,none,Bronx,NY,,[],fiorentina-steakhouse-3276
821,"Flava Of The Bronx",flavabx,https://lumina.viberyte.com/partner/821,none,Bronx,NY,,[],flava-of-the-bronx-3298
812,"Frankie's Restaurant Arthur Avenue",frankiesrestaurant.nyc,https://lumina.viberyte.com/partner/812,none,Bronx,NY,,[],frankie-s-restaurant-arthur-av-3281
817,"Havana Café",bronxhavanacafe,https://lumina.viberyte.com/partner/817,none,Bronx,NY,,"[""latin"",""live-music""]",havana-caf-3290
815,"Home BX Steak",homebxnyc,https://lumina.viberyte.com/partner/815,none,Bronx,NY,,[],home-bx-steak-3285
782,"Howl At The Moon Grill & Bar",howlatthemoon_bx,https://lumina.viberyte.com/partner/782,none,Bronx,NY,,"[""live-band"",""top-40""]",howl-at-the-moon-grill-bar-3211
803,"Hudson Garden Grill",nybg,https://lumina.viberyte.com/partner/803,none,Bronx,NY,,[],hudson-garden-grill-3269
810,"Jake’s Steakhouse",jakessteakhouseeast,https://lumina.viberyte.com/partner/810,none,Bronx,NY,,[],jake-s-steakhouse-3278
819,"Kingsbridge Social Club",kingsbridgesc,https://lumina.viberyte.com/partner/819,none,Bronx,NY,,[],kingsbridge-social-club-3296
796,"Klassique Bar & Restaurant",klassiquerestaurant,https://lumina.viberyte.com/partner/796,none,Bronx,NY,,[],klassique-bar-restaurant-3244
775,"Lotus Hookah Lounge",lotusloungebx,https://lumina.viberyte.com/partner/775,none,Bronx,NY,,"[""afrobeats"",""hip-hop"",""reggaeton"",""house"",""edm""]",lotus-hookah-lounge-3191
789,"Mamajuana Cafe The Bronx",mamajuanabronx,https://lumina.viberyte.com/partner/789,none,Bronx,NY,,"[""afrobeats"",""house""]",mamajuana-cafe-the-bronx-3221
802,"Pine Restaurant",fjpine,https://lumina.viberyte.com/partner/802,none,Bronx,NY,,[],pine-restaurant-3268
822,"Playoffs Sports Lounge",playoffsny,https://lumina.viberyte.com/partner/822,none,Bronx,NY,,"[""hip-hop"",""top-40""]",playoffs-sports-lounge-3300
805,"Porto Salvo",portosalvonyc,https://lumina.viberyte.com/partner/805,none,Bronx,NY,,[],porto-salvo-3271
787,"Que Rico Latin Cuisine",quericolatincuisine,https://lumina.viberyte.com/partner/787,none,Bronx,NY,,"[""hip-hop"",""latin""]",que-rico-latin-cuisine-3219
820,"ROYAL FUSION",royalfusionnyc,https://lumina.viberyte.com/partner/820,none,Bronx,NY,,"[""reggaeton"",""dancehall"",""afrobeats""]",royal-fusion-3297
781,"Rambling House",the_rambling_house,https://lumina.viberyte.com/partner/781,none,Bronx,NY,"[""vibrant"",""lively"",""social""]","[""hip-hop"",""house""]",rambling-house-3209
798,"Sobro Garden",sobrogarden,https://lumina.viberyte.com/partner/798,none,Bronx,NY,"[""vibrant"",""social"",""energetic"",""trendy""]","[""hip-hop"",""afrobeats"",""reggaeton""]",sobro-garden-3250
800,"Suyo Gastrofusion",suyonyc,https://lumina.viberyte.com/partner/800,none,Bronx,NY,,"[""latin"",""hip-hop""]",suyo-gastrofusion-3265
788,"The 6 Lounge",the__6__,https://lumina.viberyte.com/partner/788,none,Bronx,NY,,"[""hip-hop"",""dancehall""]",the-6-lounge-3220
814,"The Black Whale",the_black_whale,https://lumina.viberyte.com/partner/814,none,Bronx,NY,,[],the-black-whale-3283
783,"The Bronx Beer Hall",thebronxbeerhall,https://lumina.viberyte.com/partner/783,none,Bronx,NY,"[""vibrant"",""casual"",""community""]","[""afrobeats"",""hip-hop"",""r&b"",""dancehall"",""soca""]",the-bronx-beer-hall-3213
776,"The Kutty Lounge",thekuttybx,https://lumina.viberyte.com/partner/776,none,Bronx,NY,"[""vibrant"",""social"",""lively""]","[""hip-hop"",""afrobeats"",""r&b"",""top-40""]",the-kutty-lounge-3193
806,"The Last Stop",thelaststop242,https://lumina.viberyte.com/partner/806,none,Bronx,NY,,[],the-last-stop-3272
809,"The Waterfront NYC",thewaterfrontnyc,https://lumina.viberyte.com/partner/809,none,Bronx,NY,,[],the-waterfront-nyc-3277
794,"Tin Marín Tapas",tin.marin.nyc,https://lumina.viberyte.com/partner/794,none,Bronx,NY,"[""vibrant"",""lively"",""social""]","[""latin"",""hip-hop"",""reggaeton"",""top-40""]",tin-mar-n-tapas-3235
777,"Tipsy Bar & Lounge",tipsy_bar_lounge_,https://lumina.viberyte.com/partner/777,none,Bronx,NY,"[""vibrant"",""energetic"",""social""]","[""hip-hop"",""afrobeats"",""reggaeton""]",tipsy-bar-lounge-3196
801,"Wicked Wolf Bronx",wickedwolfbx,https://lumina.viberyte.com/partner/801,none,Bronx,NY,,"hip-hop,pop",wicked-wolf-bronx-3267
807,"Zero Otto Nove Bronx",zeroottonove,https://lumina.viberyte.com/partner/807,none,Bronx,NY,,[],zero-otto-nove-bronx-3273
818,"iNine Bistro",ininebistro,https://lumina.viberyte.com/partner/818,none,Bronx,NY,,[],inine-bistro-3292
1572,"233 Starr Karaoke & Eats",233starrkaraoke,https://lumina.viberyte.com/partner/1572,none,Brooklyn,NY,"[""lively"", ""group_friendly""]",,233-starr-karaoke-eats-12469
1371,"3 Dollar Bill",3dollarbillbk,https://lumina.viberyte.com/partner/1371,none,Brooklyn,,,"[""mixed""]",3-dollar-bill-11338
644,"333 Lounge & Restaurant",333.lounge,https://lumina.viberyte.com/partner/644,none,Brooklyn,NY,,"[""afrobeats"",""hip-hop"",""r&b"",""dancehall"",""soca"",""house"",""live-band""]",333-lounge-restaurant-2936
660,"390 Social",390social,https://lumina.viberyte.com/partner/660,none,Brooklyn,NY,"[""lively"",""trendy"",""casual"",""vibrant""]","[""hip-hop"",""latin"",""afrobeats""]",390-social-2971
693,"95 South Soul Food Restaurant",95southsoulfood,https://lumina.viberyte.com/partner/693,none,Brooklyn,NY,,"soul,r&b",95-south-soul-food-restaurant-3035
1579,"A-un Brooklyn",aunbrooklyn,https://lumina.viberyte.com/partner/1579,none,Brooklyn,NY,"[""upscale"", ""intimate""]",,a-un-brooklyn-12476
626,"About Last Night",aboutlastnightbk,https://lumina.viberyte.com/partner/626,none,Brooklyn,NY,"[""lively"",""energetic"",""vibrant""]","[""hip-hop"",""afrobeats"",""dancehall"",""r&b"",""soca"",""live-jazz"",""live-band"",""top-40""]",about-last-night-2909
1516,"African Pride",africanpridebk,https://lumina.viberyte.com/partner/1516,none,Brooklyn,NY,"[""cultural"", ""intimate""]",,african-pride-12413
1541,Ainslie,ainslienyc,https://lumina.viberyte.com/partner/1541,none,Brooklyn,NY,"[""upscale"", ""romantic""]",,ainslie-12438
1543,"Al Dente Fresh Pasta",aldente_freshpasta,https://lumina.viberyte.com/partner/1543,none,Brooklyn,NY,"[""upscale"", ""intimate""]",,al-dente-fresh-pasta-12440
1552,"Alma BK",almabklyn,https://lumina.viberyte.com/partner/1552,none,Brooklyn,NY,"[""trendy"", ""rooftop""]",,alma-bk-12449
1549,"Alta Calidad",altacalidadbk,https://lumina.viberyte.com/partner/1549,none,Brooklyn,NY,"[""upscale"", ""lively""]",,alta-calidad-12446
1619,Arden,ardenbk,https://lumina.viberyte.com/partner/1619,none,Brooklyn,NY,"[""trendy"", ""brunch_spot""]",,arden-12516
1604,"Athena Mediterranean Cuisine",athena_cuisine,https://lumina.viberyte.com/partner/1604,none,Brooklyn,NY,"[""casual"", ""intimate""]",,athena-mediterranean-cuisine-12501
1564,"Atithi Indian Cuisine",atithindiancuisine,https://lumina.viberyte.com/partner/1564,none,Brooklyn,NY,"[""casual"", ""cultural""]",,atithi-indian-cuisine-12461
181,"Aura Cocina",auracocina,https://lumina.viberyte.com/partner/181,none,Brooklyn,NY,"[""vibrant"",""energetic"",""social""]","[""latin"",""live-music""]",aura-cocina-1490
670,"Aurora Brooklyn",aurorabrooklyn,https://lumina.viberyte.com/partner/670,none,Brooklyn,NY,,[],aurora-brooklyn-2997
1614,"Ayat Ditmas Park",ayat.nyc,https://lumina.viberyte.com/partner/1614,none,Brooklyn,NY,"[""upscale"", ""cultural""]",,ayat-ditmas-park-12511
622,"B66 Club",b66club,https://lumina.viberyte.com/partner/622,none,Brooklyn,NY,,"[""house"",""hip-hop""]",b66-club-2903
1740,BK9,bk9restaurant,https://lumina.viberyte.com/partner/1740,none,Brooklyn,NY,"[""upscale"", ""trendy""]",,bk9-12637
1398,"Baby's All Right",babysallright,https://lumina.viberyte.com/partner/1398,none,Brooklyn,,,Hip-Hop,baby-s-all-right-11443
641,"Bad Luck Bar",badluck_nyc,https://lumina.viberyte.com/partner/641,none,Brooklyn,NY,"[""lively"",""casual"",""fun""]","[""hip-hop"",""dancehall""]",bad-luck-bar-2931
1497,"Bar Bayeux",barbayeux,https://lumina.viberyte.com/partner/1497,none,Brooklyn,NY,"[""intimate"", ""cultural""]",,bar-bayeux-12394
662,"Bar Francis",teosicecream,https://lumina.viberyte.com/partner/662,none,Brooklyn,NY,"[""trendy"",""upscale"",""vibrant""]","[""live-jazz""]",bar-francis-2974
1499,"Bar Louise",barlouisenyc,https://lumina.viberyte.com/partner/1499,none,Brooklyn,NY,"[""upscale"", ""intimate""]",,bar-louise-12396
1508,"Bar Madonna",barmadonnabk,https://lumina.viberyte.com/partner/1508,none,Brooklyn,NY,"[""upscale"", ""intimate""]",,bar-madonna-12405
698,"Barbalu Bklyn",barbalubklyn,https://lumina.viberyte.com/partner/698,none,Brooklyn,NY,,[],barbalu-bklyn-3041
697,"Barbuto Brooklyn",1hotels,https://lumina.viberyte.com/partner/697,none,Brooklyn,NY,,[],barbuto-brooklyn-3040
1496,"Barbès",barbesbrooklyn,https://lumina.viberyte.com/partner/1496,none,Brooklyn,NY,"[""intimate"", ""cultural""]",,barb-s-12393
635,"Barely Disfigured",barelydisfigured,https://lumina.viberyte.com/partner/635,none,Brooklyn,NY,"[""lively"",""vibrant"",""energetic"",""social""]","[""hip-hop"",""r&b"",""afrobeats"",""dancehall""]",barely-disfigured-2924
633,"Bearded Lady",beardedladybrooklyn,https://lumina.viberyte.com/partner/633,none,Brooklyn,NY,"[""vibrant"",""casual"",""social""]","[""mixed""]",bearded-lady-2922
1535,"Belli Ristorante & Bar",bellibrooklyn,https://lumina.viberyte.com/partner/1535,none,Brooklyn,NY,"[""intimate"", ""date_night""]",,belli-ristorante-bar-12432
1399,Bembe,bembebrooklyn,https://lumina.viberyte.com/partner/1399,none,Brooklyn,,,Reggae,bembe-11449
1400,"Bk Backyard Bar",bkbackyardbar,https://lumina.viberyte.com/partner/1400,none,Brooklyn,,,EDM,bk-backyard-bar-11450
1500,"Black Mountain Wine House",blkmtnbk,https://lumina.viberyte.com/partner/1500,none,Brooklyn,NY,"[""intimate"", ""romantic""]",,black-mountain-wine-house-12397
1509,Blueprint,blueprintbar,https://lumina.viberyte.com/partner/1509,none,Brooklyn,NY,"[""upscale"", ""intimate""]",,blueprint-12406
1490,"Bogota Latin Bistro",bogotabistro,https://lumina.viberyte.com/partner/1490,none,Brooklyn,NY,"[""cultural"", ""lively""]",,bogota-latin-bistro-12387
1597,"Bonnie's",bonniesbrooklyn,https://lumina.viberyte.com/partner/1597,none,Brooklyn,NY,"[""casual"", ""trendy""]",,bonnie-s-12494
634,"Boobie Trap",boobietrapbushwick,https://lumina.viberyte.com/partner/634,none,Brooklyn,NY,"[""vibrant"",""energetic"",""lively""]","[""hip-hop"",""r&b"",""afrobeats""]",boobie-trap-2923
678,"Bordeaux Steakhouse",bordeauxsteakhouse,https://lumina.viberyte.com/partner/678,none,Brooklyn,NY,,[],bordeaux-steakhouse-3009
1106,"Bossa Nova Civic Club",bossanovacivicclub,https://lumina.viberyte.com/partner/1106,none,Brooklyn,NY,,"[""edm"",""house""]",bossa-nova-civic-club-10865
1511,"Botanica at Widow Jane",widowjane,https://lumina.viberyte.com/partner/1511,none,Brooklyn,NY,"[""intimate"", ""upscale""]",,botanica-at-widow-jane-12408
1505,Bouquet,bouquetwinebar,https://lumina.viberyte.com/partner/1505,none,Brooklyn,NY,"[""intimate"", ""hidden_gem""]",,bouquet-12402
1606,Boutros,boutrosbk,https://lumina.viberyte.com/partner/1606,none,Brooklyn,NY,"[""upscale"", ""trendy""]",,boutros-12503
1593,Breeze,breezehexu,https://lumina.viberyte.com/partner/1593,none,Brooklyn,NY,"[""upscale"", ""date_night""]",,breeze-12490
1601,"Brooklyn Crab",brooklyn_crab,https://lumina.viberyte.com/partner/1601,none,Brooklyn,NY,"[""casual"", ""waterfront""]",,brooklyn-crab-12498
1568,"Brooklyn Curry Project",brooklyncurryproject,https://lumina.viberyte.com/partner/1568,none,Brooklyn,NY,"[""cultural"", ""intimate""]",,brooklyn-curry-project-12465
1611,"Brooklyn Kabab House",brooklynkabab,https://lumina.viberyte.com/partner/1611,none,Brooklyn,NY,"[""casual"", ""cultural""]",,brooklyn-kabab-house-12508
639,"Brooklyn Public House",brooklynpublichouse,https://lumina.viberyte.com/partner/639,none,Brooklyn,NY,"[""vibrant"",""casual"",""local""]",[],brooklyn-public-house-2929
632,"Brooklyn Social",brooklynsocialbar,https://lumina.viberyte.com/partner/632,none,Brooklyn,NY,"[""lively"",""vibrant"",""energetic"",""social""]","[""hip-hop"",""r&b"",""afrobeats"",""dancehall""]",brooklyn-social-2921
1359,"Brooklyn Steel",bowerypresents,https://lumina.viberyte.com/partner/1359,none,Brooklyn,,"[""vibrant"",""energetic"",""iconic""]","[""live-music"",""rock""]",brooklyn-steel-11294
1356,"Brooklyn Storehouse",brooklynstorehouse,https://lumina.viberyte.com/partner/1356,none,Brooklyn,,,House,brooklyn-storehouse-11289
1514,"Brooklyn Suya",brooklynsuya,https://lumina.viberyte.com/partner/1514,none,Brooklyn,NY,"[""cultural"", ""lively""]",,brooklyn-suya-12411
1629,"Butcher Grill House",butcher_grill_house,https://lumina.viberyte.com/partner/1629,none,Brooklyn,NY,"[""upscale"", ""intimate""]",,butcher-grill-house-12526
1373,"C'mon Everybody",cmoneverybodybk,https://lumina.viberyte.com/partner/1373,none,Brooklyn,,"[""vibrant"",""intimate"",""community-oriented""]","[""live-music"",""mixed""]",c-mon-everybody-11348
690,"Cafe Colette",CAFE_COLETTE,https://lumina.viberyte.com/partner/690,none,Brooklyn,NY,,[],cafe-colette-3030
1374,"Cafe Erzulie",cafe.erzulie,https://lumina.viberyte.com/partner/1374,none,Brooklyn,,"[""lively"",""vibrant"",""energetic""]","[""hip-hop"",""afrobeats"",""live-music""]",cafe-erzulie-11349
1525,Camillo,camillobk,https://lumina.viberyte.com/partner/1525,none,Brooklyn,NY,"[""upscale"", ""date_night""]",,camillo-12422
1544,"Cavatappi NYC",cavatappi_restaurant,https://lumina.viberyte.com/partner/1544,none,Brooklyn,NY,"[""upscale"", ""date_night""]",,cavatappi-nyc-12441
238,"Cecconi’s Dumbo",cecconisrestaurants,https://lumina.viberyte.com/partner/238,none,Brooklyn,NY,"[""upscale"",""romantic"",""instagram-worthy""]",[],cecconi-s-dumbo-2101
1538,"Cent'Anni",centannibrooklyn,https://lumina.viberyte.com/partner/1538,none,Brooklyn,NY,"[""trendy"", ""date_night""]",,cent-anni-12435
135,"Charm Bar",charmbarbk,https://lumina.viberyte.com/partner/135,none,Brooklyn,NY,"[""cozy"",""vibrant"",""inviting""]","[""dancehall"",""soca"",""afrobeats""]",charm-bar-1106
1546,"Chavela's",chavelasnyc,https://lumina.viberyte.com/partner/1546,none,Brooklyn,NY,"[""casual"", ""family""]",,chavela-s-12443
1492,Chela,chelaparkslope,https://lumina.viberyte.com/partner/1492,none,Brooklyn,NY,"[""casual"", ""lively""]",,chela-12389
1503,"Cherry on Top",cherry.on.top.nyc,https://lumina.viberyte.com/partner/1503,none,Brooklyn,NY,"[""upscale"", ""rooftop""]",,cherry-on-top-12400
1104,"Chez Moi",chezmoiny,https://lumina.viberyte.com/partner/1104,none,Brooklyn,NY,,[],chez-moi-10863
624,"Ciao Ciao Disco",ciaociaodisco,https://lumina.viberyte.com/partner/624,none,Brooklyn,NY,,"[""hip-hop"",""dancehall"",""reggaeton"",""house"",""top-40""]",ciao-ciao-disco-2907
1551,Claro,claro.bk,https://lumina.viberyte.com/partner/1551,none,Brooklyn,NY,"[""upscale"", ""date_night""]",,claro-12448
627,"Clover Club",cloverclubny,https://lumina.viberyte.com/partner/627,none,Brooklyn,NY,"[""upscale"",""trendy"",""vibrant""]","[""edm"",""live-jazz""]",clover-club-2914
664,"Cocktail Bedstuy",cocktailbedstuy,https://lumina.viberyte.com/partner/664,none,Brooklyn,NY,"[""vibrant"",""cozy"",""trendy"",""lively"",""instagram-worthy""]","[""hip-hop"",""afrobeats"",""r&b"",""reggaeton""]",cocktail-bedstuy-2980
1553,"Colonia Verde",coloniaverde,https://lumina.viberyte.com/partner/1553,none,Brooklyn,NY,"[""upscale"", ""trendy""]",,colonia-verde-12450
154,Continent,continentbrooklyn,https://lumina.viberyte.com/partner/154,none,Brooklyn,NY,"[""romantic"",""trendy"",""upscale""]","[""hip-hop"",""reggae"",""soca""]",continent-1288
682,"Convivium Osteria",conviviumosteria,https://lumina.viberyte.com/partner/682,none,Brooklyn,NY,,[],convivium-osteria-3017
695,"Cornbread Brooklyn",Cornbreadsoul,https://lumina.viberyte.com/partner/695,none,Brooklyn,NY,,[],cornbread-brooklyn-3037
1554,"Coszcal De Allende",coszcaldeallende,https://lumina.viberyte.com/partner/1554,none,Brooklyn,NY,"[""cultural"", ""family""]",,coszcal-de-allende-12451
643,"Cpt. Dan's Good Time Tavern",captdansgoodtimetavern,https://lumina.viberyte.com/partner/643,none,Brooklyn,NY,"[""lively"",""casual"",""vibrant""]","[""hip-hop"",""top-40""]",cpt-dan-s-good-time-tavern-2934
1517,"Cross Road Brooklyn",crossroadbk,https://lumina.viberyte.com/partner/1517,none,Brooklyn,NY,"[""casual"", ""family""]",,cross-road-brooklyn-12414
1534,"DOC Wine Bar",docwinebar,https://lumina.viberyte.com/partner/1534,none,Brooklyn,NY,"[""romantic"", ""intimate""]",,doc-wine-bar-12431
1426,Damballa,damballa.nyc,https://lumina.viberyte.com/partner/1426,none,Brooklyn,,,"Hip-Ho,""afrobeats""]",damballa-11502
1567,"De Tandoori Knight (Halal)",detandooriknight,https://lumina.viberyte.com/partner/1567,none,Brooklyn,NY,"[""cultural"", ""family""]",,de-tandoori-knight-halal-12464
1366,"Dead Letter No. 9",no9nyc,https://lumina.viberyte.com/partner/1366,none,Brooklyn,,,"Latin,Live Music",dead-letter-no-9-11319
650,"Delia's Lounge & Restaurant",deliaslounge,https://lumina.viberyte.com/partner/650,none,Brooklyn,NY,"[""vibrant"",""cozy"",""lively"",""trendy""]","[""hip-hop"",""r&b"",""afrobeats"",""live-jazz""]",delia-s-lounge-restaurant-2946
1628,"Delmonico's",delmonicosnewyork,https://lumina.viberyte.com/partner/1628,none,Brooklyn,NY,"[""upscale"", ""romantic""]",,delmonico-s-12525
1427,"Desert 5 Spot",desertfivespotla,https://lumina.viberyte.com/partner/1427,none,Brooklyn,,,"[""mixed""]",desert-5-spot-11503
85,"Di Fara",difaranyc,https://lumina.viberyte.com/partner/85,none,Brooklyn,NJ,"[""iconic"",""casual""]",[],di-fara-654
691,"Dinner Party",dinnerpartybk,https://lumina.viberyte.com/partner/691,none,Brooklyn,NY,,[],dinner-party-3032
1428,"Dive BK",divebarbk,https://lumina.viberyte.com/partner/1428,none,Brooklyn,,,R&B,dive-bk-11505
214,"Djon Djon",djondjon.bk,https://lumina.viberyte.com/partner/214,none,Brooklyn,NY,"[""vibrant"",""casual"",""inviting""]","[""hip-hop"",""afrobeats""]",djon-djon-1790
1578,"Don Neo Fusion 丼",donneofusion,https://lumina.viberyte.com/partner/1578,none,Brooklyn,NY,"[""upscale"", ""intimate""]",,don-neo-fusion-12475
647,"Drink Lounge & Café",drinklounge,https://lumina.viberyte.com/partner/647,none,Brooklyn,NY,"[""vibrant"",""cozy"",""social""]","[""hip-hop"",""r&b"",""afrobeats"",""dancehall"",""soca""]",drink-lounge-caf-2939
132,"Dumbo House",sohohouse,https://lumina.viberyte.com/partner/132,none,Brooklyn,NY,"[""upscale"",""exclusive"",""trendy""]","[""afrobeats"",""house"",""live-band"",""soca""]",dumbo-house-1061
1494,"El Ambiente",elambienteny,https://lumina.viberyte.com/partner/1494,none,Brooklyn,NY,"[""lively"", ""cultural""]",,el-ambiente-12391
222,"El Nico",reel,https://lumina.viberyte.com/partner/222,none,Brooklyn,NY,"[""vibrant"",""cozy"",""instagram-worthy"",""energetic""]","[""latin"",""reggaeton"",""pop""]",el-nico-1898
1575,"Elephant District",elephant.district,https://lumina.viberyte.com/partner/1575,none,Brooklyn,NY,"[""upscale"", ""trendy""]",,elephant-district-12472
1506,"Entre Nous",entrenous.bk,https://lumina.viberyte.com/partner/1506,none,Brooklyn,NY,"[""intimate"", ""upscale""]",,entre-nous-12403
692,"Essence Bar and Grill",essencebar,https://lumina.viberyte.com/partner/692,none,Brooklyn,NY,,"[""afrobeats"",""dancehall"",""soca"",""house""]",essence-bar-and-grill-3033
1562,"Estancia Piola",estanciapiola,https://lumina.viberyte.com/partner/1562,none,Brooklyn,NY,"[""casual"", ""family""]",,estancia-piola-12459
654,"Estelle Lounge and Karaoke Bar",estelle_karaoke_bar,https://lumina.viberyte.com/partner/654,none,Brooklyn,NY,,"[""top-40""]",estelle-lounge-and-karaoke-bar-2955
645,"Eve's Lounge",eveslounge,https://lumina.viberyte.com/partner/645,none,Brooklyn,NY,"[""lively"",""trendy"",""cozy"",""energetic""]","[""hip-hop"",""r&b"",""house"",""live-jazz""]",eve-s-lounge-2937
1520,Evelina,evelinarestaurant,https://lumina.viberyte.com/partner/1520,none,Brooklyn,NY,"[""upscale"", ""date_night""]",,evelina-12417
694,"Fly Private Social",casa_dpaco,https://lumina.viberyte.com/partner/694,none,Brooklyn,NY,,"[""hip-hop"",""r&b""]",fly-private-social-3036
215,"Forever Thai",foreverthaibushwick,https://lumina.viberyte.com/partner/215,none,Brooklyn,NY,"[""cozy"",""trendy"",""instagram-worthy""]",[],forever-thai-1809
235,"Forma Pasta Factory",formapasta,https://lumina.viberyte.com/partner/235,none,Brooklyn,NY,"[""cozy"",""casual"",""friendly""]",[],forma-pasta-factory-2059
170,"Fornino Pizza",forninopizza,https://lumina.viberyte.com/partner/170,none,Brooklyn,NY,"[""vibrant"",""casual"",""social""]",[],fornino-pizza-1409
1623,Francie,franciebrooklyn,https://lumina.viberyte.com/partner/1623,none,Brooklyn,NY,"[""upscale"", ""trendy""]",,francie-12520
637,"Freddy's Bar",freddysbrklyn,https://lumina.viberyte.com/partner/637,none,Brooklyn,NY,"[""vibrant"",""casual"",""local""]","[""house""]",freddy-s-bar-2926
684,"French Louie",frenchlouienyc,https://lumina.viberyte.com/partner/684,none,Brooklyn,NY,,[],french-louie-3020
623,"Friends and Lovers",friendsandloversbk,https://lumina.viberyte.com/partner/623,none,Brooklyn,NY,,"[""afrobeats"",""hip-hop"",""dancehall"",""reggaeton""]",friends-and-lovers-2904
1375,Gabriela,gabriela90.nyc,https://lumina.viberyte.com/partner/1375,none,Brooklyn,,,Hip-Hop,gabriela-11359
683,"Gage & Tollner",gage.and.tollner,https://lumina.viberyte.com/partner/683,none,Brooklyn,NY,,[],gage-tollner-3019
1532,"Gargiulo's",gargiulosrestaurant,https://lumina.viberyte.com/partner/1532,none,Brooklyn,NY,"[""upscale"", ""romantic""]",,gargiulo-s-12429
1630,"Glatt A La Carte",glattalacarte,https://lumina.viberyte.com/partner/1630,none,Brooklyn,NY,"[""upscale"", ""intimate""]",,glatt-a-la-carte-12527
1487,"Golden Blue Bar & Restaurant",goldenbluebarrestaurant,https://lumina.viberyte.com/partner/1487,none,Brooklyn,NY,"[""lively"", ""hidden_gem""]",,golden-blue-bar-restaurant-12384
42,"Golfzon Social",golfzon_social,https://lumina.viberyte.com/partner/42,none,Brooklyn,NY,"[""vibrant"",""casual"",""social""]",[],golfzon-social-208
1600,"Grand Army",grandarmybar,https://lumina.viberyte.com/partner/1600,none,Brooklyn,NY,"[""upscale"", ""trendy""]",,grand-army-12497
203,"Grinchy’s at Roberta’s",robertaspizza,https://lumina.viberyte.com/partner/203,none,Brooklyn,NY,"[""vibrant"",""social"",""lively""]","[""house"",""latin"",""live-music""]",grinchy-s-at-roberta-s-1654
1609,"Gus and Marty's",gusandmartys,https://lumina.viberyte.com/partner/1609,none,Brooklyn,NY,"[""upscale"", ""intimate""]",,gus-and-marty-s-12506
34,"HAAM Caribbean Plant Cuisine",healthyasamotha,https://lumina.viberyte.com/partner/34,none,Brooklyn,NY,"[""vibrant"",""cozy"",""trendy""]","[""hip-hop"",""reggaeton"",""afrobeats""]",haam-caribbean-plant-cuisine-135
1571,Haenyeo,haenyeobk,https://lumina.viberyte.com/partner/1571,none,Brooklyn,NY,"[""upscale"", ""intimate""]",,haenyeo-12468
1377,"Hart Bar",hartbarnyc,https://lumina.viberyte.com/partner/1377,none,Brooklyn,,"[""lively"",""energetic"",""welcoming""]","[""mixed"",""dancehall"",""hip-hop""]",hart-bar-11364
1438,"Hello Bar BK",hellobarandbites,https://lumina.viberyte.com/partner/1438,none,Brooklyn,,"[""lively"",""energetic"",""trendy""]","[""hip-hop"",""afrobeats"",""dancehall""]",hello-bar-bk-11532
659,"Hide & Seek",hideandseekbk,https://lumina.viberyte.com/partner/659,none,Brooklyn,NY,"[""vibrant"",""trendy"",""lively"",""hidden-gem""]","[""hip-hop"",""afrobeats"",""r&b"",""live-jazz""]",hide-seek-2970
685,"Hole In The Wall",holeinthewall,https://lumina.viberyte.com/partner/685,none,Brooklyn,NY,,[],hole-in-the-wall-3021
629,"Hollow Nickel",hollownickel,https://lumina.viberyte.com/partner/629,none,Brooklyn,NY,"[""vibrant"",""energetic"",""lively""]","[""hip-hop"",""dancehall""]",hollow-nickel-2918
581,"House of Yes",houseofyesnyc,https://lumina.viberyte.com/partner/581,none,Brooklyn,NY,"[""vibrant"",""immersive"",""iconic"",""energetic""]","[""house"",""edm"",""hip-hop""]",house-of-yes-2836
147,"Hudson Table",hudsontablebk,https://lumina.viberyte.com/partner/147,none,Brooklyn,NY,"[""vibrant"",""social"",""engaging""]",[],hudson-table-1162
1565,"INDAY's Bar and Restaurant",indayallday,https://lumina.viberyte.com/partner/1565,none,Brooklyn,NY,"[""upscale"", ""trendy""]",,inday-s-bar-and-restaurant-12462
1555,"INKAICO Peruvian Kitchen",inkaico.peruvian.kitchen,https://lumina.viberyte.com/partner/1555,none,Brooklyn,NY,"[""upscale"", ""cultural""]",,inkaico-peruvian-kitchen-12452
1566,"Indian Table",indiantableny,https://lumina.viberyte.com/partner/1566,none,Brooklyn,NY,"[""upscale"", ""cultural""]",,indian-table-12463
1616,"Isla & Co",islaandco,https://lumina.viberyte.com/partner/1616,none,Brooklyn,NY,"[""trendy"", ""date_night""]",,isla-co-12513
1612,"Istanbul Bay",istanbulbaybayridge,https://lumina.viberyte.com/partner/1612,none,Brooklyn,NY,"[""casual"", ""cultural""]",,istanbul-bay-12509
1498,"Jazz 966",fortgreenecouncil,https://lumina.viberyte.com/partner/1498,none,Brooklyn,NY,"[""intimate"", ""cultural""]",,jazz-966-12395
1515,Joloff,joloffrestaurant,https://lumina.viberyte.com/partner/1515,none,Brooklyn,NY,"[""cultural"", ""lively""]",,joloff-12412
1501,June,junewinebk,https://lumina.viberyte.com/partner/1501,none,Brooklyn,NY,"[""intimate"", ""date_night""]",,june-12398
1105,"Jupiter Disco",jupiterdisco,https://lumina.viberyte.com/partner/1105,none,Brooklyn,NY,"[""vibrant"",""energetic"",""eclectic""]","[""house"",""techno"",""dance""]",jupiter-disco-10864
1587,"KYURAMEN Park Slope, Brooklyn",kyuramen.official,https://lumina.viberyte.com/partner/1587,none,Brooklyn,NY,"[""upscale"", ""intimate""]",,kyuramen-park-slope-brooklyn-12484
1589,Karasu,karasubk,https://lumina.viberyte.com/partner/1589,none,Brooklyn,NY,"[""upscale"", ""intimate""]",,karasu-12486
1563,"Kashi Indian Cuisine & Bar",kashibklyn,https://lumina.viberyte.com/partner/1563,none,Brooklyn,NY,"[""upscale"", ""intimate""]",,kashi-indian-cuisine-bar-12460
165,Khaosan,khaosan_nyc,https://lumina.viberyte.com/partner/165,none,Brooklyn,NY,"[""cozy"",""trendy"",""hidden-gem""]",[],khaosan-1395
1596,"Kings Co Imperial",kingscoimperial,https://lumina.viberyte.com/partner/1596,none,Brooklyn,NY,"[""intimate"", ""date_night""]",,kings-co-imperial-12493
666,"Kissa Kissa",kissakissa.us,https://lumina.viberyte.com/partner/666,none,Brooklyn,NY,"[""trendy"",""upscale"",""cozy"",""vibrant""]","[""house"",""top-40"",""live-jazz""]",kissa-kissa-2982
1591,Kiwami,kiwami.nyc,https://lumina.viberyte.com/partner/1591,none,Brooklyn,NY,"[""intimate"", ""date_night""]",,kiwami-12488
658,"Koi Bā",koibabrooklyn,https://lumina.viberyte.com/partner/658,none,Brooklyn,NY,"[""lively"",""trendy"",""casual"",""social""]","[""hip-hop"",""afrobeats"",""house"",""edm"",""live-jazz""]",koi-b-2969
1734,"Kokomo Restaurant & Lounge",kokomonyc,https://lumina.viberyte.com/partner/1734,none,Brooklyn,NY,"[""upscale"", ""lively""]",,kokomo-restaurant-lounge-12631
680,"LILLI RESTAURANT",lillirestaurant,https://lumina.viberyte.com/partner/680,none,Brooklyn,NY,,[],lilli-restaurant-3014
1569,LORE,lore.brooklyn,https://lumina.viberyte.com/partner/1569,none,Brooklyn,NY,"[""upscale"", ""brunch_spot""]",,lore-12466
269,"La Nonna Ristorante & Bar - Williamsburg, Brooklyn",lanonnabrooklyn,https://lumina.viberyte.com/partner/269,none,Brooklyn,NY,"[""romantic"",""upscale""]","[""jazz"",""live-music"",""acoustic""]",la-nonna-ristorante-bar-willia-2396
1522,"LaRina Pastificio & Vino",larinabrooklyn,https://lumina.viberyte.com/partner/1522,none,Brooklyn,NY,"[""upscale"", ""romantic""]",,larina-pastificio-vino-12419
1518,"Lakou Cafe",lakoucafe,https://lumina.viberyte.com/partner/1518,none,Brooklyn,NY,"[""casual"", ""cultural""]",,lakou-cafe-12415
243,Laserwolf,laserwolf_bk,https://lumina.viberyte.com/partner/243,none,Brooklyn,NY,"[""trendy"",""vibrant"",""instagram-worthy""]","[""mixed""]",laserwolf-2141
1510,"Lavender Lake",lavenderlakebrooklyn,https://lumina.viberyte.com/partner/1510,none,Brooklyn,NY,"[""upscale"", ""intimate""]",,lavender-lake-12407
696,"Lavender Room Brooklyn",lavenderroomnyc,https://lumina.viberyte.com/partner/696,none,Brooklyn,NY,,"[""hip-hop"",""r&b"",""live-band""]",lavender-room-brooklyn-3039
648,"Le Boudoir",leboudoirbrooklyn,https://lumina.viberyte.com/partner/648,none,Brooklyn,NY,"[""vibrant"",""trendy"",""energetic"",""social""]","[""hip-hop"",""r&b"",""afrobeats""]",le-boudoir-2941
679,"Le Crocodile",lecrocodilebk,https://lumina.viberyte.com/partner/679,none,Brooklyn,NY,,[],le-crocodile-3013
1615,"Le Sajj",lesajjrestaurant,https://lumina.viberyte.com/partner/1615,none,Brooklyn,NY,"[""cultural"", ""lively""]",,le-sajj-12512
1577,"Ler Lers",lerlersnyc,https://lumina.viberyte.com/partner/1577,none,Brooklyn,NY,"[""cozy"", ""intimate""]",,ler-lers-12474
1608,"Let's Go Ya Souvlakia",letsgoyabrooklyn,https://lumina.viberyte.com/partner/1608,none,Brooklyn,NY,"[""upscale"", ""cultural""]",,let-s-go-ya-souvlakia-12505
674,"Levant on Smith",levantonsmith,https://lumina.viberyte.com/partner/674,none,Brooklyn,NY,,[],levant-on-smith-3004
1530,Lilia,lilianewyork,https://lumina.viberyte.com/partner/1530,none,Brooklyn,NY,"[""upscale"", ""trendy""]",,lilia-12427
1447,"Lillistar Rooftop",lillistarbk,https://lumina.viberyte.com/partner/1447,none,Brooklyn,,,"[""mixed""]",lillistar-rooftop-11567
207,Limosneros,limosnerosnyc,https://lumina.viberyte.com/partner/207,none,Brooklyn,NY,"[""vibrant"",""cozy"",""lively""]","[""latin"",""reggaeton""]",limosneros-1697
1489,LoHi,lohibar,https://lumina.viberyte.com/partner/1489,none,Brooklyn,NY,"[""intimate"", ""rooftop""]",,lohi-12386
1542,"Locanda Vini & Olii",locandaviniolii,https://lumina.viberyte.com/partner/1542,none,Brooklyn,NY,"[""upscale"", ""intimate""]",,locanda-vini-olii-12439
646,"Lou Lou Lounge",loulouloungenyc,https://lumina.viberyte.com/partner/646,none,Brooklyn,NY,,"[""edm""]",lou-lou-lounge-2938
1507,"Lovebirds Wine Bar + Bistro",lovebirdsbk,https://lumina.viberyte.com/partner/1507,none,Brooklyn,NY,"[""intimate"", ""date_night""]",,lovebirds-wine-bar-bistro-12404
1450,Lovejoys,lovejoysnyc,https://lumina.viberyte.com/partner/1450,none,Brooklyn,,,"[""mixed""]",lovejoys-11574
1626,"LuAnne's Wild Ginger",luanneswildginger,https://lumina.viberyte.com/partner/1626,none,Brooklyn,NY,"[""intimate"", ""trendy""]",,luanne-s-wild-ginger-12523
1486,"LunÀtico",barlunatico,https://lumina.viberyte.com/partner/1486,none,Brooklyn,NY,"[""intimate"", ""cultural""]",,lun-tico-12383
1488,MIDNIGHTS,midnightsbrooklyn,https://lumina.viberyte.com/partner/1488,none,Brooklyn,NY,"[""intimate"", ""lively""]",,midnights-12385
652,"MOOD Brooklyn",accounts,https://lumina.viberyte.com/partner/652,none,Brooklyn,NY,,"[""top-40""]",mood-brooklyn-2951
1526,"Macosa Trattoria",macosa_trattoria,https://lumina.viberyte.com/partner/1526,none,Brooklyn,NY,"[""casual"", ""family""]",,macosa-trattoria-12423
1109,"Maison Premiere",maisonpremiere,https://lumina.viberyte.com/partner/1109,none,Brooklyn,NY,,[],maison-premiere-10872
677,"Maison Sun",maisonsun.nyc,https://lumina.viberyte.com/partner/677,none,Brooklyn,NY,,[],maison-sun-3007
1738,"Mango Bay",mangobaynyc,https://lumina.viberyte.com/partner/1738,none,Brooklyn,NY,"[""upscale"", ""brunch_spot""]",,mango-bay-12635
1512,"MangoSeed Restaurant",mangoseed_restaurant,https://lumina.viberyte.com/partner/1512,none,Brooklyn,NY,"[""casual"", ""lively""]",,mangoseed-restaurant-12409
1491,"Marcela's",marcelastfc,https://lumina.viberyte.com/partner/1491,none,Brooklyn,NY,"[""lively"", ""cultural""]",,marcela-s-12388
1539,"Marco Polo",marcopoloristorante,https://lumina.viberyte.com/partner/1539,none,Brooklyn,NY,"[""casual"", ""family"", ""date_night""]",,marco-polo-12436
1453,"Market Hotel",market.hotel,https://lumina.viberyte.com/partner/1453,none,Brooklyn,,,"[""mixed""]",market-hotel-11586
1592,"Masuta Japanese Fusion",masutanyc,https://lumina.viberyte.com/partner/1592,none,Brooklyn,NY,"[""upscale"", ""intimate""]",,masuta-japanese-fusion-12489
1607,"Meraki Greek Bistro Williamsburg",merakibrooklyn,https://lumina.viberyte.com/partner/1607,none,Brooklyn,NY,"[""intimate"", ""cultural""]",,meraki-greek-bistro-williamsbu-12504
1548,"Mesa Coyoacan",mesacoyoacannyc,https://lumina.viberyte.com/partner/1548,none,Brooklyn,NY,"[""casual"", ""family"", ""group_friendly""]",,mesa-coyoacan-12445
1582,"Mikado - Park Slope",mikado.nyc,https://lumina.viberyte.com/partner/1582,none,Brooklyn,NY,"[""intimate"", ""group_friendly""]",,mikado-park-slope-12479
1556,Mikhuy,mikhuybrooklyn,https://lumina.viberyte.com/partner/1556,none,Brooklyn,NY,"[""upscale"", ""family""]",,mikhuy-12453
241,"Milk + Roses",milkandrosesbistro,https://lumina.viberyte.com/partner/241,none,Brooklyn,NY,"[""intimate"",""romantic"",""cozy"",""upscale""]",[],milk-roses-2126
672,"Miriam Restaurant",miriamrest,https://lumina.viberyte.com/partner/672,none,Brooklyn,NY,,[],miriam-restaurant-3000
1550,"Miti Miti",mitimitinyc,https://lumina.viberyte.com/partner/1550,none,Brooklyn,NY,"[""casual"", ""lively""]",,miti-miti-12447
1588,"Monarch Izakaya Restaurant",monarchizakaya_bk,https://lumina.viberyte.com/partner/1588,none,Brooklyn,NY,"[""trendy"", ""hidden_gem""]",,monarch-izakaya-restaurant-12485
1527,Montesacro,montesacro_walnutcreek,https://lumina.viberyte.com/partner/1527,none,Brooklyn,NY,"[""casual"", ""group_friendly""]",,montesacro-12424
1456,"Mood Ring",moodringnyc,https://lumina.viberyte.com/partner/1456,none,Brooklyn,,,"[""mixed""]",mood-ring-11595
675,"Muse Thai",musethai,https://lumina.viberyte.com/partner/675,none,Brooklyn,NY,,[],muse-thai-3005
1613,"Nabila's",nabilasbrooklyn,https://lumina.viberyte.com/partner/1613,none,Brooklyn,NY,"[""intimate"", ""cultural""]",,nabila-s-12510
1594,"Nin Hao",ninhaonyc,https://lumina.viberyte.com/partner/1594,none,Brooklyn,NY,"[""upscale"", ""group_friendly""]",,nin-hao-12491
1459,"Old Savings Bank",inhouse.scot,https://lumina.viberyte.com/partner/1459,none,Brooklyn,,"[""vibrant"",""energetic"",""unique""]","[""live-music"",""dancehall""]",old-savings-bank-11608
1605,Olea,olea_mediterranean_taverna,https://lumina.viberyte.com/partner/1605,none,Brooklyn,NY,"[""casual"", ""intimate""]",,olea-12502
681,"Osteria Brooklyn",osteriabrooklyn,https://lumina.viberyte.com/partner/681,none,Brooklyn,NY,,[],osteria-brooklyn-3016
1547,Oxomoco,_oxomoco_,https://lumina.viberyte.com/partner/1547,none,Brooklyn,NY,"[""upscale"", ""trendy""]",,oxomoco-12444
1559,Palenque,palenquefood,https://lumina.viberyte.com/partner/1559,none,Brooklyn,NY,"[""intimate"", ""hidden_gem""]",,palenque-12456
1358,Paragon,paragonbroadway,https://lumina.viberyte.com/partner/1358,none,Brooklyn,,"[""lively"",""energetic"",""trendy"",""vibrant""]","[""hip-hop"",""r&b"",""afrobeats"",""latin""]",paragon-11293
1560,"Parceros Restaurant",parcerosusa,https://lumina.viberyte.com/partner/1560,none,Brooklyn,NY,"[""cultural"", ""lively""]",,parceros-restaurant-12457
1523,"Pasta Louise Restaurant",pastalouise,https://lumina.viberyte.com/partner/1523,none,Brooklyn,NY,"[""casual"", ""date_night""]",,pasta-louise-restaurant-12420
1545,"Pasta Night",pastanightbk,https://lumina.viberyte.com/partner/1545,none,Brooklyn,NY,"[""lively"", ""family""]",,pasta-night-12442
1732,"Peaches HotHouse",peacheshothouse,https://lumina.viberyte.com/partner/1732,none,Brooklyn,NY,"[""casual"", ""lively""]",,peaches-hothouse-12629
686,"Peaches Lewis",PeachesBrooklyn,https://lumina.viberyte.com/partner/686,none,Brooklyn,NY,,[],peaches-lewis-3025
687,"Peaches Prime",peachesprime,https://lumina.viberyte.com/partner/687,none,Brooklyn,NY,,[],peaches-prime-3026
1602,"Pearl Street Restaurant",pearlstreetrestaurant,https://lumina.viberyte.com/partner/1602,none,Brooklyn,NY,"[""upscale"", ""date_night""]",,pearl-street-restaurant-12499
1382,"Penny Williamsburg",pennyhotel,https://lumina.viberyte.com/partner/1382,none,Brooklyn,,"[""lively"",""energetic"",""trendy"",""vibrant""]","[""hip-hop"",""r&b"",""afrobeats"",""dancehall""]",penny-williamsburg-11378
1524,"Piccoli Trattoria",piccolinyc,https://lumina.viberyte.com/partner/1524,none,Brooklyn,NY,"[""casual"", ""intimate""]",,piccoli-trattoria-12421
1462,"Pioneer Works",pioneerworks,https://lumina.viberyte.com/partner/1462,none,Brooklyn,,"[""vibrant"",""energetic"",""trendy""]","[""live-music"",""hip-hop"",""edm""]",pioneer-works-11619
1529,"Ponte Vecchio",pvristorante,https://lumina.viberyte.com/partner/1529,none,Brooklyn,NY,"[""upscale"", ""date_night""]",,ponte-vecchio-12426
105,"Prestige Lounge",prestigelounge.nyc,https://lumina.viberyte.com/partner/105,none,Brooklyn,NY,"[""lively"",""trendy"",""vibrant"",""social""]","[""hip-hop"",""house""]",prestige-lounge-807
53,Psarakis,psarakinyc,https://lumina.viberyte.com/partner/53,none,Brooklyn,NY,"[""intimate"",""romantic"",""upscale""]",[],psarakis-267
1107,"Public Records",publicrecordsnyc,https://lumina.viberyte.com/partner/1107,none,Brooklyn,NY,,"[""soca"",""house"",""live-band""]",public-records-10868
1495,"Puerto Viejo",puertoviejony,https://lumina.viberyte.com/partner/1495,none,Brooklyn,NY,"[""casual"", ""cultural""]",,puerto-viejo-12392
20,"Pura Vida Miami - Williamsburg Kent Ave",puravidamiami,https://lumina.viberyte.com/partner/20,none,Brooklyn,NY,"[""vibrant"",""cozy"",""inviting""]","[""pop"",""acoustic""]",pura-vida-miami-williamsburg-k-3
1574,"RUA Thai - Thai Restaurant Brooklyn",ruathainyc,https://lumina.viberyte.com/partner/1574,none,Brooklyn,NY,"[""upscale"", ""cultural""]",,rua-thai-thai-restaurant-brook-12471
661,"Ra-Ra Rhino",rararhinonyc,https://lumina.viberyte.com/partner/661,none,Brooklyn,NY,"[""vibrant"",""lively"",""trendy"",""fun"",""social""]","[""afrobeats"",""hip-hop"",""r&b"",""dancehall""]",ra-ra-rhino-2972
201,Razzan,razzanj,https://lumina.viberyte.com/partner/201,none,Brooklyn,NJ,"[""vibrant"",""welcoming"",""authentic""]",[],razzan-1627
1869,"Red Hook Lobster Pound",redhooklobster,https://lumina.viberyte.com/partner/1869,none,Brooklyn,NY,"[""casual"", ""date_night""]",,red-hook-lobster-pound-12766
144,"Red Hook Winery",redhookwinery,https://lumina.viberyte.com/partner/144,none,Brooklyn,NY,"[""intimate"",""cozy"",""hidden-gem""]",[],red-hook-winery-1153
628,"Refuge | Hi Def Dance Club",eventbrite,https://lumina.viberyte.com/partner/628,none,Brooklyn,NY,"[""vibrant"",""energetic"",""lively""]","[""hip-hop"",""afrobeats"",""dancehall"",""live-jazz""]",refuge-hi-def-dance-club-2916
1595,"Ren 稔",ren_brooklyn,https://lumina.viberyte.com/partner/1595,none,Brooklyn,NY,"[""upscale"", ""intimate""]",,ren-12492
625,"Republic Latin Fusion Nightclub",republiclatinfusion,https://lumina.viberyte.com/partner/625,none,Brooklyn,NY,,"[""afrobeats"",""hip-hop"",""dancehall"",""reggaeton"",""house"",""edm"",""live-band""]",republic-latin-fusion-nightclu-2908
1625,Resident,meetresident,https://lumina.viberyte.com/partner/1625,none,Brooklyn,NY,"[""upscale"", ""intimate""]",,resident-12522
1504,"Rhodora Wine Bar",rhodora_wine_bar,https://lumina.viberyte.com/partner/1504,none,Brooklyn,NY,"[""intimate"", ""upscale""]",,rhodora-wine-bar-12401
177,"River Cafe",therivercafe,https://lumina.viberyte.com/partner/177,none,Brooklyn,NY,"[""upscale"",""romantic"",""instagram-worthy""]",[],river-cafe-1437
655,"Rocca Cafe & Lounge",roccacafe,https://lumina.viberyte.com/partner/655,none,Brooklyn,NY,,"[""hip-hop""]",rocca-cafe-lounge-2957
1536,"Roman's",romansnyc,https://lumina.viberyte.com/partner/1536,none,Brooklyn,NY,"[""upscale"", ""intimate""]",,roman-s-12433
1485,"Rose's R&R Bar",rosesrandrbar,https://lumina.viberyte.com/partner/1485,none,Brooklyn,NY,"[""trendy"", ""lively"", ""hidden_gem""]",,rose-s-r-r-bar-12382
274,"Rule of Thirds",thirdsbk,https://lumina.viberyte.com/partner/274,none,Brooklyn,NY,"[""romantic"",""upscale""]","[""traditional-japanese"",""ambient"",""chill-out""]",rule-of-thirds-2422
689,"Rustik Tavern",rustik_tavern,https://lumina.viberyte.com/partner/689,none,Brooklyn,NY,,[],rustik-tavern-3028
1354,SILO,silobrooklyn,https://lumina.viberyte.com/partner/1354,none,Brooklyn,,"[""vibrant"",""energetic"",""iconic""]","[""edm"",""house""]",silo-11283
1580,SOBOKU,sobokunyc,https://lumina.viberyte.com/partner/1580,none,Brooklyn,NY,"[""intimate"", ""date_night""]",,soboku-12477
1622,"SSAW Brooklyn",ssaw.brooklyn,https://lumina.viberyte.com/partner/1622,none,Brooklyn,NY,"[""upscale"", ""intimate""]",,ssaw-brooklyn-12519
1576,SUKH,sukh.nyc,https://lumina.viberyte.com/partner/1576,none,Brooklyn,NY,"[""upscale"", ""trendy""]",,sukh-12473
1573,SYKO,syko_restaurant,https://lumina.viberyte.com/partner/1573,none,Brooklyn,NY,"[""trendy"", ""cultural""]",,syko-12470
1521,"Scottadito Osteria Toscana",scottaditoosteriatoscana,https://lumina.viberyte.com/partner/1521,none,Brooklyn,NY,"[""upscale"", ""romantic""]",,scottadito-osteria-toscana-12418
638,"Secret Pour",secretpour,https://lumina.viberyte.com/partner/638,none,Brooklyn,NY,"[""lively"",""vibrant"",""hidden-gem"",""intimate""]","[""hip-hop"",""afrobeats"",""dancehall"",""live-band""]",secret-pour-2928
1388,"Selva NYC",selva_nyc,https://lumina.viberyte.com/partner/1388,none,Brooklyn,,"[""vibrant"",""energetic"",""exclusive"",""trendy""]","[""latin"",""reggaeton"",""hip-hop""]",selva-nyc-11386
1590,"Shota omakase",shotaomakase,https://lumina.viberyte.com/partner/1590,none,Brooklyn,NY,"[""intimate"", ""upscale""]",,shota-omakase-12487
1360,Signal,signalnyc,https://lumina.viberyte.com/partner/1360,none,Brooklyn,,"[""vibrant"",""energetic"",""loud""]","[""hip-hop"",""afrobeats"",""edm""]",signal-11303
1599,"Siren Restaurant & Bar",siren.bk,https://lumina.viberyte.com/partner/1599,none,Brooklyn,NY,"[""upscale"", ""trendy""]",,siren-restaurant-bar-12496
651,"Sky Lounge",skyloungeny,https://lumina.viberyte.com/partner/651,none,Brooklyn,NY,"[""lively"",""trendy"",""social"",""vibrant""]","[""hip-hop"",""afrobeats"",""reggaeton""]",sky-lounge-2947
160,"Skywise Lounge",skywiselounge,https://lumina.viberyte.com/partner/160,none,Brooklyn,NY,"[""vibrant"",""romantic"",""trendy"",""instagram-worthy""]","[""afrobeats"",""hip-hop"",""r&b"",""soca"",""top-40""]",skywise-lounge-1318
1617,"St. Anselm",stanselmbk,https://lumina.viberyte.com/partner/1617,none,Brooklyn,NY,"[""upscale"", ""intimate""]",,st-anselm-12514
649,"Star Lounge bar",star_loungebar__,https://lumina.viberyte.com/partner/649,none,Brooklyn,NY,"[""vibrant"",""social"",""energetic""]","[""hip-hop"",""afrobeats"",""reggaeton"",""live-band""]",star-lounge-bar-2945
1519,"Sugar'd",sugardbk,https://lumina.viberyte.com/partner/1519,none,Brooklyn,NY,"[""upscale"", ""lively""]",,sugar-d-12416
671,"Sunday In Brooklyn",sundayinbrooklyn,https://lumina.viberyte.com/partner/671,none,Brooklyn,NY,,"indie,acoustic",sunday-in-brooklyn-2999
630,"Sunken Harbor Club",sunkenharborclubnyc,https://lumina.viberyte.com/partner/630,none,Brooklyn,NY,"[""vibrant"",""trendy"",""exclusive"",""instagram-worthy""]","[""hip-hop"",""afrobeats"",""latin"",""dancehall"",""house""]",sunken-harbor-club-2919
1598,"Surf Bar Seafood Restaurant & Grill",surfbarbrooklyn,https://lumina.viberyte.com/partner/1598,none,Brooklyn,NY,"[""lively"", ""casual""]",,surf-bar-seafood-restaurant-gr-12495
1584,"Sushi Lin Brooklyn Heights",sushilinny,https://lumina.viberyte.com/partner/1584,none,Brooklyn,NY,"[""intimate"", ""date_night""]",,sushi-lin-brooklyn-heights-12481
193,"Sushi On Me",sushionmenyc,https://lumina.viberyte.com/partner/193,none,Brooklyn,NY,"[""lively"",""energetic"",""cozy""]",[],sushi-on-me-1565
1513,"Sweet Catch BK",sweetcatchbk,https://lumina.viberyte.com/partner/1513,none,Brooklyn,NY,"[""casual"", ""lively""]",,sweet-catch-bk-12410
668,"Sweet Polly",sweetpollynyc,https://lumina.viberyte.com/partner/668,none,Brooklyn,NY,"[""intimate"",""trendy"",""vibrant"",""cozy"",""social""]","[""live-jazz"",""live-band""]",sweet-polly-2984
1585,"TONCHIN BROOKLYN",tonchinus,https://lumina.viberyte.com/partner/1585,none,Brooklyn,NY,"[""upscale"", ""trendy""]",,tonchin-brooklyn-12482
82,Tabu,tabu.bk,https://lumina.viberyte.com/partner/82,none,Brooklyn,NY,"[""vibrant"",""trendy"",""instagram-worthy""]","[""latin"",""reggaeton"",""pop""]",tabu-618
58,"Taste of Heaven",a_taste_of_heaven_ny,https://lumina.viberyte.com/partner/58,none,Brooklyn,NY,"[""cozy"",""inviting""]",[],taste-of-heaven-336
1537,"Terre| Pasta & Natural wine",terre.bk,https://lumina.viberyte.com/partner/1537,none,Brooklyn,NY,"[""upscale"", ""intimate""]",,terre-pasta-natural-wine-12434
48,"The Acoustik Garden Lounge",acoustikgardenlounge,https://lumina.viberyte.com/partner/48,none,Brooklyn,NY,"[""vibrant"",""cozy"",""lively"",""social""]","[""afrobeats"",""dancehall"",""edm"",""house"",""r&b"",""soca""]",the-acoustik-garden-lounge-236
653,"The Attic Hookah Cafe",theatticnyc,https://lumina.viberyte.com/partner/653,none,Brooklyn,NY,"[""vibrant"",""cozy"",""social""]","[""hip-hop"",""afrobeats"",""r&b""]",the-attic-hookah-cafe-2953
669,"The Binc",the_binc,https://lumina.viberyte.com/partner/669,none,Brooklyn,NY,"[""vibrant"",""lively"",""trendy"",""social""]","[""hip-hop"",""r&b"",""afrobeats""]",the-binc-2985
1477,"The Bush",bushdykebar,https://lumina.viberyte.com/partner/1477,none,Brooklyn,,,"[""mixed""]",the-bush-11677
665,"The C List Cocktail Bar",theclistcocktailbar,https://lumina.viberyte.com/partner/665,none,Brooklyn,NY,"[""vibrant"",""lively"",""trendy"",""social""]","[""hip-hop"",""r&b"",""afrobeats"",""soca""]",the-c-list-cocktail-bar-2981
1493,"The Cactus Shop",thecactusshopnyc,https://lumina.viberyte.com/partner/1493,none,Brooklyn,NY,"[""trendy"", ""lively""]",,the-cactus-shop-12390
640,"The Canary",thecanarybk,https://lumina.viberyte.com/partner/640,none,Brooklyn,NY,"[""vibrant"",""energetic"",""social""]","[""dancehall"",""hip-hop""]",the-canary-2930
657,"The Hidden Pearl",hiddenpearlbk,https://lumina.viberyte.com/partner/657,none,Brooklyn,NY,"[""vibrant"",""trendy"",""intimate"",""upscale""]","[""house"",""hip-hop""]",the-hidden-pearl-2968
1479,"The House",thehouse.nyc,https://lumina.viberyte.com/partner/1479,none,Brooklyn,,,"[""mixed""]",the-house-11682
1603,"The King of Fish",elreydelpescadooficial,https://lumina.viberyte.com/partner/1603,none,Brooklyn,NY,"[""upscale"", ""trendy""]",,the-king-of-fish-12500
636,"The Little Pig",thelittlepigbk,https://lumina.viberyte.com/partner/636,none,Brooklyn,NY,"[""vibrant"",""energetic"",""intimate""]","[""hip-hop"",""dancehall""]",the-little-pig-2925
676,"The Loft Steakhouse",theloftsteakhouse,https://lumina.viberyte.com/partner/676,none,Brooklyn,NY,,[],the-loft-steakhouse-3006
78,"The Love Lounge",lovesclubnyc,https://lumina.viberyte.com/partner/78,none,Brooklyn,NY,"[""vibrant"",""community-focused"",""unique""]","[""hip-hop"",""live-band"",""soca""]",the-love-lounge-549
1368,"The Meadows",thebrooklynmonarch,https://lumina.viberyte.com/partner/1368,none,Brooklyn,,,"Hip-Hop,Latin",the-meadows-11332
1618,"The Ox Tavern",westwoodbk,https://lumina.viberyte.com/partner/1618,none,Brooklyn,NY,"[""casual"", ""trendy""]",,the-ox-tavern-12515
1480,"The Red Pavilion",redpavilionbk,https://lumina.viberyte.com/partner/1480,none,Brooklyn,,"[""vibrant"",""energetic"",""lively""]","[""live-music"",""hip-hop"",""afrobeats""]",the-red-pavilion-11685
663,"The Richardson",therichardsonnyc,https://lumina.viberyte.com/partner/663,none,Brooklyn,NY,"[""vibrant"",""casual"",""social""]","[""live-jazz""]",the-richardson-2977
656,"The Roof",wholefoods,https://lumina.viberyte.com/partner/656,none,Brooklyn,NY,,"[""mixed""]",the-roof-2965
631,"The Rum Bar BK",therumbarbk,https://lumina.viberyte.com/partner/631,none,Brooklyn,NY,,"[""dancehall"",""soca""]",the-rum-bar-bk-2920
60,"The Simpson",chefwsimpson,https://lumina.viberyte.com/partner/60,none,Brooklyn,NY,"[""vibrant"",""casual"",""energetic""]","[""hip-hop"",""afrobeats"",""reggae""]",the-simpson-340
148,"The Simpson Restaurant & Bar",thesimpsonbk,https://lumina.viberyte.com/partner/148,none,Brooklyn,NY,"[""vibrant"",""energetic"",""community-oriented""]","[""dancehall""]",the-simpson-restaurant-bar-1168
1361,"The Sultan Room",thesultanroom,https://lumina.viberyte.com/partner/1361,none,Brooklyn,,"[""vibrant"",""energetic"",""trendy""]","[""live-music"",""afrobeats"",""hip-hop""]",the-sultan-room-11305
1627,"Trad Room",tradroom,https://lumina.viberyte.com/partner/1627,none,Brooklyn,NY,"[""cozy"", ""intimate""]",,trad-room-12524
1624,Traif,traifny,https://lumina.viberyte.com/partner/1624,none,Brooklyn,NY,"[""upscale"", ""trendy""]",,traif-12521
1583,Ume,ume.williamsburg,https://lumina.viberyte.com/partner/1583,none,Brooklyn,NY,"[""intimate"", ""cultural""]",,ume-12480
673,"Verde on Smith",verdeonsmith,https://lumina.viberyte.com/partner/673,none,Brooklyn,NY,,[],verde-on-smith-3002
1502,"Vine Bar",vinebk,https://lumina.viberyte.com/partner/1502,none,Brooklyn,NY,"[""intimate"", ""trendy""]",,vine-bar-12399
1620,"Vinegar Hill House",vinegarhillhouse,https://lumina.viberyte.com/partner/1620,none,Brooklyn,NY,"[""upscale"", ""intimate""]",,vinegar-hill-house-12517
51,"Viva Toro",vivatoro,https://lumina.viberyte.com/partner/51,none,Brooklyn,NY,"[""vibrant"",""energetic"",""fun""]","[""latin"",""house""]",viva-toro-261
1581,"Wasan Brooklyn",wasanbrooklyn,https://lumina.viberyte.com/partner/1581,none,Brooklyn,NY,"[""upscale"", ""intimate""]",,wasan-brooklyn-12478
1621,"Westville Dumbo",westvillenyc,https://lumina.viberyte.com/partner/1621,none,Brooklyn,NY,"[""casual"", ""family""]",,westville-dumbo-12518
667,"Whisk & Whiskey",whiskandwhiskeybklyn,https://lumina.viberyte.com/partner/667,none,Brooklyn,NY,"[""vibrant"",""social"",""lively"",""trendy""]","[""hip-hop"",""r&b"",""afrobeats"",""dancehall""]",whisk-whiskey-2983
1561,"White Maize",whitemaize,https://lumina.viberyte.com/partner/1561,none,Brooklyn,NY,"[""casual"", ""cultural""]",,white-maize-12458
642,"Witching Hour",witchinghourbk,https://lumina.viberyte.com/partner/642,none,Brooklyn,NY,"[""vibrant"",""energetic"",""lively""]","[""hip-hop"",""afrobeats"",""dancehall"",""house""]",witching-hour-2933
1528,"al di là Trattoria",aldilabrooklyn,https://lumina.viberyte.com/partner/1528,none,Brooklyn,NY,"[""intimate"", ""date_night""]",,al-di-l-trattoria-12425
118,atti.nyc,atti.nyc,https://lumina.viberyte.com/partner/118,none,Brooklyn,NY,"[""upscale"",""trendy"",""romantic""]",[],atti-nyc-997
1540,bar56,taste56wines,https://lumina.viberyte.com/partner/1540,none,Brooklyn,NY,"[""upscale"", ""date_night""]",,bar56-12437
688,"flamingoBABY Kitchen",flamingobabykitchen,https://lumina.viberyte.com/partner/688,none,Brooklyn,NY,,[],flamingobaby-kitchen-3027
1586,"ippudo V Brooklyn",ippudo,https://lumina.viberyte.com/partner/1586,none,Brooklyn,NY,"[""upscale"", ""trendy""]",,ippudo-v-brooklyn-12483
121,level.restaurant,level.restaurant,https://lumina.viberyte.com/partner/121,none,Brooklyn,NY,"[""vibrant"",""upscale"",""trendy"",""energetic""]","[""live-music""]",level-restaurant-1004
1610,"tava turkish and mediterranean",tavagrill,https://lumina.viberyte.com/partner/1610,none,Brooklyn,NY,"[""upscale"", ""intimate""]",,tava-turkish-and-mediterranean-12507
1108,"Cloverleaf Tavern",cloverleaftavern,https://lumina.viberyte.com/partner/1108,none,Caldwell,NJ,"[""lively"",""casual"",""welcoming""]","[""live-band""]",cloverleaf-tavern-10871
113,"il Vecchio Cafe",calandrasbakery,https://lumina.viberyte.com/partner/113,none,Caldwell,NJ,"[""upscale"",""romantic"",""cozy""]","[""mixed""]",il-vecchio-cafe-932
1974,"Hunkar Restaurant",hunkarrestaurant_nj,https://lumina.viberyte.com/partner/1974,none,Carlstadt,NJ,"[""cultural"", ""family""]",,hunkar-restaurant-12871
77,"Ou La",oulacarteret,https://lumina.viberyte.com/partner/77,none,Carteret,NJ,"[""upscale"",""trendy"",""vibrant""]","[""hip-hop"",""r&b"",""afrobeats""]",ou-la-507
996,"BRAZEIRO Churrascaria & Rodizio",brazeirobbq,https://lumina.viberyte.com/partner/996,none,"Cliffside Park",NJ,,[],brazeiro-churrascaria-rodizio-3647
976,"Blackbird Pub & Restaurant",bbpcliffside,https://lumina.viberyte.com/partner/976,none,"Cliffside Park",NJ,,[],blackbird-pub-restaurant-3611
998,"MINKA NIKKEI",minkanikkei,https://lumina.viberyte.com/partner/998,none,"Cliffside Park",NJ,,[],minka-nikkei-3650
970,"Rustica Lounge Bar & Restaurant",rusticaloungenj,https://lumina.viberyte.com/partner/970,none,"Cliffside Park",NJ,,"lounge,chill-out",rustica-lounge-bar-restaurant-3595
1002,"Sabor Y Punto Colombian Restaurant",saborypuntorestaurant,https://lumina.viberyte.com/partner/1002,none,"Cliffside Park",NJ,,[],sabor-y-punto-colombian-restau-3655
975,"Sedona Taphouse",sedonataphouse,https://lumina.viberyte.com/partner/975,none,"Cliffside Park",NJ,"[""lively"",""energetic"",""vibrant""]","[""live-music"",""dancehall"",""top-40""]",sedona-taphouse-3610
1965,"Sushi Bada Cliffside Park NJ - Omakase, Cocktail, Japanese Restaurant, Lounge",sushibada74,https://lumina.viberyte.com/partner/1965,none,"Cliffside Park",NJ,"[""upscale"", ""intimate""]",,sushi-bada-cliffside-park-nj-o-12862
997,"Villa Amalfi",villaamalfi,https://lumina.viberyte.com/partner/997,none,"Cliffside Park",NJ,,[],villa-amalfi-3648
1068,"Beirut Restaurant",mandalounrestaurantnj,https://lumina.viberyte.com/partner/1068,none,Clifton,NJ,"[""vibrant"",""cozy"",""inviting""]","[""live-music"",""pop""]",beirut-restaurant-3857
69,"Bubamara Cafe",cafebubamara,https://lumina.viberyte.com/partner/69,none,Clifton,NJ,"[""cozy"",""vibrant"",""friendly""]",[],bubamara-cafe-405
1062,"The Barrow House",thebarrownj,https://lumina.viberyte.com/partner/1062,none,Clifton,NJ,"[""vibrant"",""energetic"",""lively"",""social""]","[""hip-hop"",""r&b"",""afrobeats"",""dancehall""]",the-barrow-house-3839
1090,"Songbird Karaoke",songbirdcwood,https://lumina.viberyte.com/partner/1090,none,Collingswood,NJ,"[""romantic"",""trendy"",""date-friendly""]","[""karaoke""]",songbird-karaoke-10687
124,"The Pasta Shop",the.pasta.shop,https://lumina.viberyte.com/partner/124,none,Denville,NJ,"[""cozy"",""hidden-gem"",""casual""]",[],the-pasta-shop-1022
59,"Pietro's Pizzeria East Meadow",pietros_pizzeria_east_meadow,https://lumina.viberyte.com/partner/59,none,"East Meadow",NY,"[""cozy"",""friendly"",""inviting""]",[],pietro-s-pizzeria-east-meadow-337
108,Jarana,jarana.nj,https://lumina.viberyte.com/partner/108,none,"East Rutherford",NJ,"[""vibrant"",""festive"",""social""]","[""latin""]",jarana-850
994,"Brownstone Pancake Factory",brownstone_pancake_factory,https://lumina.viberyte.com/partner/994,none,Edgewater,NJ,,[],brownstone-pancake-factory-3644
995,"Caviar By DNHG",caviaredgewater,https://lumina.viberyte.com/partner/995,none,Edgewater,NJ,,[],caviar-by-dnhg-3646
969,"De Novo European Pub",denovoedgewater,https://lumina.viberyte.com/partner/969,none,Edgewater,NJ,,"[""house"",""top-40""]",de-novo-european-pub-3594
971,"Dino's Bar and Grill",dinos_nj,https://lumina.viberyte.com/partner/971,none,Edgewater,NJ,"[""lively"",""casual"",""local-favorite""]","[""live-music"",""rock""]",dino-s-bar-and-grill-3596
991,"Don Coqui",doncoquionthehudson,https://lumina.viberyte.com/partner/991,none,Edgewater,NJ,,"[""latin"",""live-music""]",don-coqui-3641
978,"Fleming’s Prime Steakhouse & Wine Bar",flemingssteakhouse,https://lumina.viberyte.com/partner/978,none,Edgewater,NJ,,"jazz,lounge",fleming-s-prime-steakhouse-win-3613
906,"Haven Riverfront Restaurant and Bar",havenedgewaterrestaurant,https://lumina.viberyte.com/partner/906,none,Edgewater,NJ,,[],haven-riverfront-restaurant-an-3463
1003,"Loui Boil",louiboil,https://lumina.viberyte.com/partner/1003,none,Edgewater,NJ,,[],loui-boil-3659
981,"Lulu Mediterranean Grill - Edgewater",lululoungejersey,https://lumina.viberyte.com/partner/981,none,Edgewater,NJ,"[""lively"",""trendy"",""instagram-worthy"",""casual"",""energetic""]","[""hip-hop"",""afrobeats"",""pop""]",lulu-mediterranean-grill-edgew-3616
993,"Madison Cafe & Grill",madisoncafeandgrilledgewater,https://lumina.viberyte.com/partner/993,none,Edgewater,NJ,,[],madison-cafe-grill-3643
1000,"Original Pancake House",ophedgewater,https://lumina.viberyte.com/partner/1000,none,Edgewater,NJ,,[],original-pancake-house-3652
974,"Pizza Club",pizzaclubnj,https://lumina.viberyte.com/partner/974,none,Edgewater,NJ,"[""lively"",""casual"",""social""]","[""mixed"",""karaoke""]",pizza-club-3606
992,"Rebecca's Edgewater-Mediterranean cuisine",rebeccasedgewater,https://lumina.viberyte.com/partner/992,none,Edgewater,NJ,,[],rebecca-s-edgewater-mediterran-3642
968,"Spirit Restaurant & Bar",spiritrestaurantbar,https://lumina.viberyte.com/partner/968,none,Edgewater,NJ,,[],spirit-restaurant-bar-3592
973,"Taverna Veranda",TavernaVeranda,https://lumina.viberyte.com/partner/973,none,Edgewater,NJ,"[""upscale"",""lively"",""trendy"",""instagram-worthy""]","[""live-music"",""pop""]",taverna-veranda-3600
986,"Terravita Edgewater",terravitanj,https://lumina.viberyte.com/partner/986,none,Edgewater,NJ,"[""upscale"",""trendy"",""romantic"",""instagram-worthy""]","[""live-music""]",terravita-edgewater-3628
977,"The River Palm Terrace",riverpalm_edgewater,https://lumina.viberyte.com/partner/977,none,Edgewater,NJ,"[""upscale"",""romantic"",""trendy""]","[""live-music"",""jazz""]",the-river-palm-terrace-3612
1004,"Urban Tomato",urban.tomato,https://lumina.viberyte.com/partner/1004,none,Edgewater,NJ,,[],urban-tomato-3660
212,"Clo Coffee",clocoffeeco,https://lumina.viberyte.com/partner/212,none,Edison,NJ,"[""cozy"",""hidden-gem"",""welcoming""]",[],clo-coffee-1769
1047,"DEL PORTO ITALIAN RESTAURANT",delportoitalianristorante,https://lumina.viberyte.com/partner/1047,none,Elizabeth,NJ,,[],del-porto-italian-restaurant-3799
1978,"KAI Restaurant & Bar",kai_restaurantbar,https://lumina.viberyte.com/partner/1978,none,Elizabeth,NJ,"[""upscale"", ""romantic""]",,kai-restaurant-bar-12875
1940,"La Tamaleria Colombiana NJ Elizabeth",latamaleriacolombiana,https://lumina.viberyte.com/partner/1940,none,Elizabeth,NJ,"[""cultural"", ""family""]",,la-tamaleria-colombiana-nj-eli-12837
1943,"Tiki Mojito",tikimojito,https://lumina.viberyte.com/partner/1943,none,Elizabeth,NJ,"[""lively"", ""date_night""]",,tiki-mojito-12840
1045,"Valenca Restaurant",valencarestaurant,https://lumina.viberyte.com/partner/1045,none,Elizabeth,NJ,,[],valenca-restaurant-3794
1933,"Mexcal Tequila Bar",mexcalnj,https://lumina.viberyte.com/partner/1933,none,Englewood,NJ,"[""lively"", ""group_friendly""]",,mexcal-tequila-bar-12830
159,czenenglewood,czenenglewood,https://lumina.viberyte.com/partner/159,none,Englewood,NJ,"[""vibrant"",""energetic"",""trendy"",""casual""]","[""hip-hop"",""r&b"",""live-music""]",czenenglewood-1317
213,"Tall Oaks Brew",talloaksbrew,https://lumina.viberyte.com/partner/213,none,Farmingdale,NJ,"[""vibrant"",""family-friendly"",""social""]","[""live-music"",""pop""]",tall-oaks-brew-1787
980,"JJ DAK",jj.dak,https://lumina.viberyte.com/partner/980,none,"Fort Lee",NJ,"[""vibrant"",""lively"",""energetic""]","[""hip-hop"",""r&b"",""dancehall""]",jj-dak-3615
982,"VENTANAS Restaurant and Lounge",ventanasatthemodern,https://lumina.viberyte.com/partner/982,none,"Fort Lee",NJ,"[""trendy"",""upscale"",""vibrant"",""instagram-worthy""]","[""hip-hop"",""afrobeats"",""top-40""]",ventanas-restaurant-and-lounge-3618
1022,"Farm & Flour",farm_flournj,https://lumina.viberyte.com/partner/1022,none,"Franklin Lakes",NJ,,[],farm-flour-3707
1952,"Samudhra Premium Restaurant & Lounge, Franklin Park, New Jersey",samudhrausa,https://lumina.viberyte.com/partner/1952,none,"Franklin Park",NJ,"[""upscale"", ""trendy""]",,samudhra-premium-restaurant-lo-12849
67,Charkol,thecharkol,https://lumina.viberyte.com/partner/67,none,Freehold,NJ,"[""upscale"",""trendy"",""romantic""]","[""upbeat"",""modern""]",charkol-393
166,"Da Rosario Ristorante",darosarionj,https://lumina.viberyte.com/partner/166,none,Freehold,NJ,"[""cozy"",""festive"",""family-friendly""]",[],da-rosario-ristorante-1396
1023,"Honey Day Cafe",honeyday.cafe,https://lumina.viberyte.com/partner/1023,none,"Glen Rock",NJ,,[],honey-day-cafe-3708
1006,"Rumba Cubana - Guttenberg",rumbacubana_official,https://lumina.viberyte.com/partner/1006,none,Guttenberg,NJ,"[""lively"",""energetic"",""vibrant""]","[""latin"",""reggaeton"",""live-music""]",rumba-cubana-guttenberg-3667
948,"Wild Rover Pub",wildrover_nj,https://lumina.viberyte.com/partner/948,none,Guttenberg,NJ,"[""vibrant"",""energetic"",""casual""]","[""live-music"",""rock""]",wild-rover-pub-3550
92,"Rats Restaurant",rats.restaurant,https://lumina.viberyte.com/partner/92,none,"Hamilton Township",NJ,"[""intimate"",""romantic"",""upscale"",""cozy""]",[],rats-restaurant-698
1945,"Urban Tandoor - Indian Restaurant & Bar, Harrison, New Jersey",urbantandoornj,https://lumina.viberyte.com/partner/1945,none,Harrison,NJ,"[""upscale"", ""trendy""]",,urban-tandoor-indian-restauran-12842
999,"Ivy Inn Restaurant & Bar",ivy_inn_restaurant,https://lumina.viberyte.com/partner/999,none,"Hasbrouck Heights",NJ,,[],ivy-inn-restaurant-bar-3651
1082,"Bottagra Restaurant",bottagra,https://lumina.viberyte.com/partner/1082,none,Hawthorne,NJ,,[],bottagra-restaurant-3884
1021,"Graze Brunch Kitchen",graze_brunch_kitchen,https://lumina.viberyte.com/partner/1021,none,Ho-Ho-Kus,NJ,,[],graze-brunch-kitchen-3704
921,"8th Street Tavern",8thstreettavern,https://lumina.viberyte.com/partner/921,none,Hoboken,NJ,,"rock,pop",8th-street-tavern-3494
940,"Anthony David's",anthonydavids_,https://lumina.viberyte.com/partner/940,none,Hoboken,NJ,,[],anthony-david-s-3535
932,"Antique Bar & Bakery",antique_bar_bakery,https://lumina.viberyte.com/partner/932,none,Hoboken,NJ,"[""trendy"",""upscale"",""vibrant"",""cozy""]","[""hip-hop"",""r&b"",""pop""]",antique-bar-bakery-3522
890,"Backstage Lounge",backstagehoboken,https://lumina.viberyte.com/partner/890,none,Hoboken,NJ,,"jazz,blues",backstage-lounge-3431
1646,Balaboosta,balaboostanyc,https://lumina.viberyte.com/partner/1646,none,Hoboken,NJ,"[""upscale"", ""intimate""]",,balaboosta-12543
923,"Belo Bar & kitchen",belobar,https://lumina.viberyte.com/partner/923,none,Hoboken,NJ,,"[""top-40""]",belo-bar-kitchen-3498
1634,"Bin 14",bin14winebar,https://lumina.viberyte.com/partner/1634,none,Hoboken,NJ,"[""upscale"", ""intimate""]",,bin-14-12531
919,"Black Bear Hoboken Bar & Grill",blackbearhoboken,https://lumina.viberyte.com/partner/919,none,Hoboken,NJ,,"[""live-band"",""top-40""]",black-bear-hoboken-bar-grill-3491
931,"Blue Eyes",blueeyeshoboken,https://lumina.viberyte.com/partner/931,none,Hoboken,NJ,,"[""live-jazz""]",blue-eyes-3520
1638,"Caffe Buon Gusto",cafebuongusto,https://lumina.viberyte.com/partner/1638,none,Hoboken,NJ,"[""casual"", ""group_friendly""]",,caffe-buon-gusto-12535
1633,"Chango Kitchen",changokitchen_official,https://lumina.viberyte.com/partner/1633,none,Hoboken,NJ,"[""lively"", ""cultural""]",,chango-kitchen-12530
925,"City Bistro",citybistrohoboken,https://lumina.viberyte.com/partner/925,none,Hoboken,NJ,,"rock,pop",city-bistro-3502
889,"Dear Maud",dearmaudnj,https://lumina.viberyte.com/partner/889,none,Hoboken,NJ,"[""cozy"",""vibrant"",""trendy"",""intimate"",""lively""]","[""live-music"",""pop""]",dear-maud-3430
930,"Del Frisco's Grille",dfgrille,https://lumina.viberyte.com/partner/930,none,Hoboken,NJ,,"lounge,ambient",del-frisco-s-grille-3517
939,"Dino & Harry's Steakhouse",dinoandharryssteakhouse,https://lumina.viberyte.com/partner/939,none,Hoboken,NJ,,[],dino-harry-s-steakhouse-3534
936,"Dipped N' Smashed",dippednsmashed,https://lumina.viberyte.com/partner/936,none,Hoboken,NJ,,[],dipped-n-smashed-3529
1642,"Dolsan Korean BBQ and Sushi Restaurant",dolsankorean,https://lumina.viberyte.com/partner/1642,none,Hoboken,NJ,"[""upscale"", ""group_friendly""]",,dolsan-korean-bbq-and-sushi-re-12539
935,"Elysian Cafe",elysiancafehoboken,https://lumina.viberyte.com/partner/935,none,Hoboken,NJ,,[],elysian-cafe-3528
934,"Grand Vin",grandvinhoboken,https://lumina.viberyte.com/partner/934,none,Hoboken,NJ,"[""cozy"",""vibrant"",""intimate""]","[""live-music"",""acoustic""]",grand-vin-3524
916,"Green Rock Tap & Grill",greenrockhoboken,https://lumina.viberyte.com/partner/916,none,Hoboken,NJ,,"[""top-40""]",green-rock-tap-grill-3484
1635,Halifax,halifax.hoboken,https://lumina.viberyte.com/partner/1635,none,Hoboken,NJ,"[""upscale"", ""trendy""]",,halifax-12532
941,"Il Tavolo di Palmisano",il_tavolo_di_palmisano,https://lumina.viberyte.com/partner/941,none,Hoboken,NJ,,[],il-tavolo-di-palmisano-3537
1643,"Jongro Gopchang",jongro.gopchang,https://lumina.viberyte.com/partner/1643,none,Hoboken,NJ,"[""upscale"", ""group_friendly""]",,jongro-gopchang-12540
943,"La Bouche",labouchecafe,https://lumina.viberyte.com/partner/943,none,Hoboken,NJ,,[],la-bouche-3540
944,"La Isla Downtown",laislahoboken,https://lumina.viberyte.com/partner/944,none,Hoboken,NJ,,"reggaeton,latin",la-isla-downtown-3543
1647,"Leblon Steak",leblonsteak,https://lumina.viberyte.com/partner/1647,none,Hoboken,NJ,"[""upscale"", ""date_night""]",,leblon-steak-12544
922,"Louise & Jerry's",louiseandjerrysbar,https://lumina.viberyte.com/partner/922,none,Hoboken,NJ,"[""iconic"",""family-friendly"",""lively""]","[""live-music"",""pop""]",louise-jerry-s-3496
872,"Madd Hatter Hoboken",maddhatterhoboken,https://lumina.viberyte.com/partner/872,none,Hoboken,NJ,,"electronic,pop,hip-hop",madd-hatter-hoboken-3401
1640,"Made in Dominican Republic",madein_domrep,https://lumina.viberyte.com/partner/1640,none,Hoboken,NJ,"[""intimate"", ""cultural""]",,made-in-dominican-republic-12537
1632,Metropolis,metropolishoboken,https://lumina.viberyte.com/partner/1632,none,Hoboken,NJ,"[""trendy"", ""rooftop""]",,metropolis-12529
917,"Mulligan's Pub",mulliganshoboken,https://lumina.viberyte.com/partner/917,none,Hoboken,NJ,"[""vibrant"",""casual"",""social""]","[""rock"",""pop""]",mulligan-s-pub-3488
1641,"Prime No. 7 x Ugly Chicken",primeno.7,https://lumina.viberyte.com/partner/1641,none,Hoboken,NJ,"[""intimate"", ""cultural""]",,prime-no-7-x-ugly-chicken-12538
1636,"Sassa Bienne Afro Caribbean and Cajun Restaurant",sassabiennenj,https://lumina.viberyte.com/partner/1636,none,Hoboken,NJ,"[""casual"", ""cultural""]",,sassa-bienne-afro-caribbean-an-12533
924,"Schmitty's Hoboken",schmittys_hoboken,https://lumina.viberyte.com/partner/924,none,Hoboken,NJ,"[""lively"",""energetic"",""social""]","[""hip-hop"",""live-music""]",schmitty-s-hoboken-3499
915,"Stingray Lounge",stingraylounge,https://lumina.viberyte.com/partner/915,none,Hoboken,NJ,"[""vibrant"",""lively"",""social""]","[""hip-hop"",""afrobeats"",""r&b""]",stingray-lounge-3483
1637,"Sun Island Bar-BQ & Jerk Supreme",sunislandsupreme,https://lumina.viberyte.com/partner/1637,none,Hoboken,NJ,"[""casual"", ""lively""]",,sun-island-bar-bq-jerk-supreme-12534
928,"Sushi Lounge",hobokensushilounge,https://lumina.viberyte.com/partner/928,none,Hoboken,NJ,,"[""hip-hop"",""top-40""]",sushi-lounge-3514
933,"The Brass Rail",thebrassrailnj,https://lumina.viberyte.com/partner/933,none,Hoboken,NJ,,"jazz,vintage",the-brass-rail-3523
937,"The Hive",hellofromthehive,https://lumina.viberyte.com/partner/937,none,Hoboken,NJ,,[],the-hive-3530
918,"The Madison Bar & Grill",_madisonbarandgrill,https://lumina.viberyte.com/partner/918,none,Hoboken,NJ,,"[""live-band"",""top-40""]",the-madison-bar-grill-3489
914,"The Shannon",shannonhoboken,https://lumina.viberyte.com/partner/914,none,Hoboken,NJ,,"electronic,hip-hop,pop",the-shannon-3479
920,"The Shepherd & the Knucklehead of Hoboken",theshep_hoboken,https://lumina.viberyte.com/partner/920,none,Hoboken,NJ,"[""vibrant"",""casual"",""social""]","[""live-music"",""rock""]",the-shepherd-the-knucklehead-o-3492
1639,"Tierra Colombia",tierracolombia_restaurante,https://lumina.viberyte.com/partner/1639,none,Hoboken,NJ,"[""upscale"", ""cultural""]",,tierra-colombia-12536
938,"Toast x Bowl",toastxbowl,https://lumina.viberyte.com/partner/938,none,Hoboken,NJ,,[],toast-x-bowl-3531
942,"Turning Point of Hoboken",turningpointrestaurants,https://lumina.viberyte.com/partner/942,none,Hoboken,NJ,,[],turning-point-of-hoboken-3539
63,Thumkaa,thumkaarestaurant,https://lumina.viberyte.com/partner/63,none,Jamesburg,NJ,"[""trendy"",""vibrant"",""cozy""]","[""live-music"",""pop""]",thumkaa-370
843,"143 Social",143_social,https://lumina.viberyte.com/partner/843,none,"Jersey City",NJ,,"[""dancehall"",""latin"",""reggaeton""]",143-social-3346
896,"87 Sussex",87sussex,https://lumina.viberyte.com/partner/896,none,"Jersey City",NJ,,"ambient,lounge",87-sussex-3447
1963,"Ani Ramen House",aniramen,https://lumina.viberyte.com/partner/1963,none,"Jersey City",NJ,"[""intimate"", ""date_night""]",,ani-ramen-house-12860
875,"BOOTS & BONES",bootsandbonesjc,https://lumina.viberyte.com/partner/875,none,"Jersey City",NJ,,"hip-hop,electronic,pop",boots-bones-3409
1946,"Balaji Bhavan pure vegetarian South Indian restaurant",balaji_bhavan,https://lumina.viberyte.com/partner/1946,none,"Jersey City",NJ,"[""cultural"", ""family""]",,balaji-bhavan-pure-vegetarian--12843
1531,Battello,battellojc,https://lumina.viberyte.com/partner/1531,none,"Jersey City",NY,"[""upscale"", ""waterfront""]",,battello-12428
908,"Buddy's JC",buddysjc,https://lumina.viberyte.com/partner/908,none,"Jersey City",NJ,,[],buddy-s-jc-3466
912,"Cafe Dream Vista Cafe/Shop/Event",dreamvistajc,https://lumina.viberyte.com/partner/912,none,"Jersey City",NJ,,"[""live-music""]",cafe-dream-vista-cafe-shop-eve-3475
1650,"Capoeira Restaurant",capoeirarestaurant,https://lumina.viberyte.com/partner/1650,none,"Jersey City",NJ,"[""casual"", ""family""]",,capoeira-restaurant-12547
874,"Cellar 335",knott.jamie,https://lumina.viberyte.com/partner/874,none,"Jersey City",NJ,"[""intimate"",""vibrant"",""energetic"",""social""]","[""hip-hop"",""afrobeats"",""dancehall""]",cellar-335-3407
869,"Cherry's Lounge",cherryslounge_bar_grill_,https://lumina.viberyte.com/partner/869,none,"Jersey City",NJ,,"lounge,ambient",cherry-s-lounge-3397
1949,"Clove Garden of India",clovegardennj,https://lumina.viberyte.com/partner/1949,none,"Jersey City",NJ,"[""intimate"", ""cultural""]",,clove-garden-of-india-12846
1960,"DOMODOMO Jersey City",domodomojc,https://lumina.viberyte.com/partner/1960,none,"Jersey City",NJ,"[""upscale"", ""date_night""]",,domodomo-jersey-city-12857
1950,"Deccan Spice",deccanspice,https://lumina.viberyte.com/partner/1950,none,"Jersey City",NJ,"[""cultural"", ""family""]",,deccan-spice-12847
902,"Edward's Steakhouse",edwardssteaksjc,https://lumina.viberyte.com/partner/902,none,"Jersey City",NJ,,[],edward-s-steakhouse-3455
909,"Eggs Up",eggsupjc,https://lumina.viberyte.com/partner/909,none,"Jersey City",NJ,,[],eggs-up-3467
1103,"Felina Steak",felinasteak,https://lumina.viberyte.com/partner/1103,none,"Jersey City",NJ,,[],felina-steak-10861
895,"Gaia & Loki",gaiaandloki_,https://lumina.viberyte.com/partner/895,none,"Jersey City",NJ,,[],gaia-loki-3446
913,"Gulp - Jersey City",jiabungulp_nyc,https://lumina.viberyte.com/partner/913,none,"Jersey City",NJ,,[],gulp-jersey-city-3478
911,"Gussy's Cafe",gussyscafe,https://lumina.viberyte.com/partner/911,none,"Jersey City",NJ,,[],gussy-s-cafe-3471
881,"Hudson Hall",hudsonhalljc,https://lumina.viberyte.com/partner/881,none,"Jersey City",NJ,,"[""hip-hop"",""house""]",hudson-hall-3417
899,"Jane Doe",janedoejc,https://lumina.viberyte.com/partner/899,none,"Jersey City",NJ,,[],jane-doe-3451
1651,Kaaram,kaaramjc,https://lumina.viberyte.com/partner/1651,none,"Jersey City",NJ,"[""cultural"", ""intimate""]",,kaaram-12548
1648,"King's Pride Food",kingspridefoods,https://lumina.viberyte.com/partner/1648,none,"Jersey City",NJ,"[""casual"", ""cultural""]",,king-s-pride-food-12545
903,"Liberty Prime Steakhouse",libertyprimesteakhouse,https://lumina.viberyte.com/partner/903,none,"Jersey City",NJ,,[],liberty-prime-steakhouse-3456
884,"Lokal Eatery & Bar",lokaljc,https://lumina.viberyte.com/partner/884,none,"Jersey City",NJ,,"[""top-40""]",lokal-eatery-bar-3421
891,"Low Fidelity",lowfidelitybar,https://lumina.viberyte.com/partner/891,none,"Jersey City",NJ,"[""lively"",""trendy"",""social""]","[""live-music"",""hip-hop"",""R&B""]",low-fidelity-3436
871,"Lucky 7 Tavern",lucky7tavernjc,https://lumina.viberyte.com/partner/871,none,"Jersey City",NJ,"[""lively"",""casual"",""vibrant""]","[""live-music"",""rock""]",lucky-7-tavern-3400
1099,"Maddy Rose",maddyrose_jc,https://lumina.viberyte.com/partner/1099,none,"Jersey City",NJ,,[],maddy-rose-10854
910,"Mathews Food and Drink",mathewsfoodanddrink,https://lumina.viberyte.com/partner/910,none,"Jersey City",NJ,,[],mathews-food-and-drink-3469
98,Meximodo,meximodo,https://lumina.viberyte.com/partner/98,none,"Jersey City",NJ,"[""vibrant"",""festive"",""social""]","[""latin"",""reggaeton""]",meximodo-748
1924,"Mezcal Kitchen",mezcalkitchen,https://lumina.viberyte.com/partner/1924,none,"Jersey City",NJ,"[""casual"", ""lively""]",,mezcal-kitchen-12821
1923,"Mezcal Kitchen JC",mezcalkitchenjc,https://lumina.viberyte.com/partner/1923,none,"Jersey City",NJ,"[""lively"", ""group_friendly""]",,mezcal-kitchen-jc-12820
880,"Miracle on Mercer at Franklin Social",franklinsocial,https://lumina.viberyte.com/partner/880,none,"Jersey City",NJ,,"[""top-40""]",miracle-on-mercer-at-franklin--3415
873,"O'Hara's Bar & Grill",oharasjc,https://lumina.viberyte.com/partner/873,none,"Jersey City",NJ,"[""lively"",""social"",""energetic""]","[""live-music"",""rock""]",o-hara-s-bar-grill-3406
904,"Porto Leggero",portoleggero,https://lumina.viberyte.com/partner/904,none,"Jersey City",NJ,,[],porto-leggero-3460
110,"Rooftop at Exchange Place",rooftopatexchangeplace,https://lumina.viberyte.com/partner/110,none,"Jersey City",NJ,"[""vibrant"",""upscale"",""instagram-worthy""]","[""house"",""latin"",""soca"",""top-40""]",rooftop-at-exchange-place-866
888,"San Patricios Jersey City",sanpatriciosnj,https://lumina.viberyte.com/partner/888,none,"Jersey City",NJ,"[""lively"",""trendy"",""social"",""vibrant""]","[""hip-hop"",""afrobeats"",""reggaeton""]",san-patricios-jersey-city-3429
897,"Satis Bistro",satisbistrojc,https://lumina.viberyte.com/partner/897,none,"Jersey City",NJ,,[],satis-bistro-3448
868,"Six26 - Lounge and Rooftop",six26_lounge,https://lumina.viberyte.com/partner/868,none,"Jersey City",NJ,,"house,hip-hop,lounge",six26-lounge-and-rooftop-3395
898,"Skinner's Loft",skinnersloft_jc,https://lumina.viberyte.com/partner/898,none,"Jersey City",NJ,,[],skinner-s-loft-3449
892,"South House",southhousejc,https://lumina.viberyte.com/partner/892,none,"Jersey City",NJ,,"dance,electronic",south-house-3437
1962,"Sushi by Bou - Jersey City NJ @ Ani Ramen",sushibybou_,https://lumina.viberyte.com/partner/1962,none,"Jersey City",NJ,"[""upscale"", ""intimate""]",,sushi-by-bou-jersey-city-nj-an-12859
17,"The Alps",thealpsjc,https://lumina.viberyte.com/partner/17,none,"Jersey City",NJ,"[""upscale"",""trendy"",""romantic"",""instagram-worthy""]","[""house"",""top-40"",""hip-hop""]",thealps01
879,"The Archer",archerbar,https://lumina.viberyte.com/partner/879,none,"Jersey City",NJ,"[""lively"",""energetic"",""trendy"",""social""]","[""hip-hop"",""afrobeats"",""dancehall""]",the-archer-3414
877,"The Brightside Tavern",brightsidetavern,https://lumina.viberyte.com/partner/877,none,"Jersey City",NJ,"[""casual"",""vibrant"",""social""]","[""live-music"",""rock""]",the-brightside-tavern-3411
870,"The District",thedistrictjc,https://lumina.viberyte.com/partner/870,none,"Jersey City",NJ,,"hip-hop,house,top-40",the-district-3399
885,"The Factory",thefactorynj,https://lumina.viberyte.com/partner/885,none,"Jersey City",NJ,,"hip-hop,house",the-factory-3422
900,"The Feathered Fox",featheredfoxnj,https://lumina.viberyte.com/partner/900,none,"Jersey City",NJ,,"[""live-music""]",the-feathered-fox-3453
905,"The Franklin",thefranklinnj,https://lumina.viberyte.com/partner/905,none,"Jersey City",NJ,,[],the-franklin-3461
894,"The Grove Station",thegrovestation,https://lumina.viberyte.com/partner/894,none,"Jersey City",NJ,,"[""hip-hop""]",the-grove-station-3441
883,"The Horseshoe Kitchen & Bar",thehorseshoejc,https://lumina.viberyte.com/partner/883,none,"Jersey City",NJ,"[""vibrant"",""social"",""energetic""]","[""hip-hop"",""r&b"",""live-music""]",the-horseshoe-kitchen-bar-3420
882,"The Hutton Restaurant and Bar",thehuttonjc,https://lumina.viberyte.com/partner/882,none,"Jersey City",NJ,"[""vibrant"",""lively"",""trendy""]","[""hip-hop"",""r&b"",""pop""]",the-hutton-restaurant-and-bar-3418
876,"The Junto: Attic Bar",the.junto,https://lumina.viberyte.com/partner/876,none,"Jersey City",NJ,"[""vibrant"",""cozy"",""energetic"",""friendly""]","[""hip-hop"",""afrobeats"",""dancehall""]",the-junto-attic-bar-3410
926,"The Leaf Joint",theleafjointjerseycity,https://lumina.viberyte.com/partner/926,none,"Jersey City",NJ,"[""vibrant"",""social"",""energetic""]","[""hip-hop"",""r&b"",""live-music""]",the-leaf-joint-3511
907,"The Table",thetable_jc,https://lumina.viberyte.com/partner/907,none,"Jersey City",NJ,,[],the-table-3464
893,"White Eagle Hall",17841403115761749,https://lumina.viberyte.com/partner/893,none,"Jersey City",NJ,"[""vibrant"",""energetic"",""iconic""]","[""live-music"",""rock"",""pop""]",white-eagle-hall-3438
878,"White Star Bar",whitestarbar,https://lumina.viberyte.com/partner/878,none,"Jersey City",NJ,"[""vibrant"",""energetic"",""loud""]","[""afrobeats"",""soca""]",white-star-bar-3412
1661,"American Cut",americancut,https://lumina.viberyte.com/partner/1661,none,Jersey_City,NJ,"[""upscale"", ""date_night""]",,american-cut-12558
1659,"Efes Mediterranean Grill Jersey City",efesmediterranean,https://lumina.viberyte.com/partner/1659,none,Jersey_City,NJ,"[""casual"", ""family""]",,efes-mediterranean-grill-jerse-12556
1653,"Empyrean Indian Kitchen & Bar",empyreankitchen,https://lumina.viberyte.com/partner/1653,none,Jersey_City,NJ,"[""upscale"", ""date_night""]",,empyrean-indian-kitchen-bar-12550
1655,"Genesis House",genesishousenyc,https://lumina.viberyte.com/partner/1655,none,Jersey_City,NJ,"[""upscale"", ""trendy""]",,genesis-house-12552
1660,"Gypsy Grill (Bayonne)",gypsygrillnj,https://lumina.viberyte.com/partner/1660,none,Jersey_City,NJ,"[""upscale"", ""intimate""]",,gypsy-grill-bayonne-12557
1649,"Leña Y Carbón Bergenline",lenaycarbonparsippany,https://lumina.viberyte.com/partner/1649,none,Jersey_City,NJ,"[""upscale"", ""cultural""]",,le-a-y-carb-n-bergenline-12546
1656,"Ms. Yoo",ms.yoo,https://lumina.viberyte.com/partner/1656,none,Jersey_City,NJ,"[""upscale"", ""lively""]",,ms-yoo-12553
1654,"O2 K-BBQ",o2kbbq,https://lumina.viberyte.com/partner/1654,none,Jersey_City,NJ,"[""casual"", ""group_friendly""]",,o2-k-bbq-12551
1658,"Peppercorn Station 青花椒 Jersey City",peppercornstation.ny,https://lumina.viberyte.com/partner/1658,none,Jersey_City,NJ,"[""upscale"", ""lively""]",,peppercorn-station-jersey-city-12555
1657,"RYNN Thai Restaurant & Bar",rynn.nyc,https://lumina.viberyte.com/partner/1657,none,Jersey_City,NJ,"[""upscale"", ""intimate""]",,rynn-thai-restaurant-bar-12554
1652,"The Indian Tapas",indiantapas101,https://lumina.viberyte.com/partner/1652,none,Jersey_City,NJ,"[""intimate"", ""hidden_gem""]",,the-indian-tapas-12549
100,Kpot,kpotbbqandhotpot,https://lumina.viberyte.com/partner/100,none,Kearny,NJ,"[""vibrant"",""social""]",[],kpot-757
196,"Chez Alice",chezaliceprinceton,https://lumina.viberyte.com/partner/196,none,Lambertville,NJ,"[""cozy"",""charming"",""instagram-worthy""]",[],chez-alice-1590
197,"Under the Moon",underthemoon_catering,https://lumina.viberyte.com/partner/197,none,Lambertville,NJ,"[""cozy"",""charming"",""friendly""]",[],under-the-moon-1592
68,"La Lupa",lalupanj,https://lumina.viberyte.com/partner/68,none,"Manalapan Township",NJ,"[""cozy"",""romantic"",""trendy""]",[],la-lupa-395
146,"12 Matcha",12.matcha,https://lumina.viberyte.com/partner/146,none,Manhattan,NY,"[""cozy"",""serene""]",[],12-matcha-1156
275,16prospect,16prospect,https://lumina.viberyte.com/partner/275,none,Manhattan,NY,,"[""pop"",""rock"",""electronic""]",16prospect-2429
276,230fifthrooftop,230fifthrooftop,https://lumina.viberyte.com/partner/276,none,Manhattan,NY,,"[""edm"",""hip-hop"",""house""]",230fifthrooftop-2430
277,2floorsnyc,2ndavedeli,https://lumina.viberyte.com/partner/277,none,Manhattan,NY,,"[""pop"",""indie"",""acoustic""]",2floorsnyc-2431
1675,"4West Lounge",4westatl,https://lumina.viberyte.com/partner/1675,none,Manhattan,NY,"[""lively"", ""trendy""]",,4west-lounge-12572
278,53nyc,53nyc,https://lumina.viberyte.com/partner/278,none,Manhattan,NY,,"[""chill-out"",""contemporary"",""acoustic""]",53nyc-2432
1694,809,americanexpress,https://lumina.viberyte.com/partner/1694,none,Manhattan,NY,"[""lively"", ""group_friendly""]",,809-12591
565,"ART SoHo - Soho Rooftop Bars, NYC (Arlo Soho)",artrooftops,https://lumina.viberyte.com/partner/565,none,Manhattan,NY,,"[""house""]",art-soho-soho-rooftop-bars-nyc-2805
1877,Acadia,acadianyc,https://lumina.viberyte.com/partner/1877,none,Manhattan,NY,"[""upscale"", ""intimate""]",,acadia-12774
1362,"Ace Hotel",acehotel,https://lumina.viberyte.com/partner/1362,none,Manhattan,,,"Live Music",ace-hotel-11307
1889,"Ali Baba Mediterranean & turkish Cuisine",alibabamediterraneancusine,https://lumina.viberyte.com/partner/1889,none,Manhattan,NY,"[""upscale"", ""intimate""]",,ali-baba-mediterranean-turkish-12786
263,"Altair Restaurant NYC",altairnyc,https://lumina.viberyte.com/partner/263,none,Manhattan,NY,"[""upscale"",""inviting"",""mysterious""]","[""jazz"",""blues"",""chill-out"",""acoustic""]",altair-restaurant-nyc-2370
249,Ambra,ambranyc,https://lumina.viberyte.com/partner/249,none,Manhattan,NY,"[""intimate"",""romantic"",""trendy""]",[],ambra-2160
1364,"Amelia's",ameliasparkave,https://lumina.viberyte.com/partner/1364,none,Manhattan,,"[""vibrant"",""energetic"",""exclusive""]","[""hip-hop"",""afrobeats"",""reggaeton""]",amelia-s-11314
620,"Amor Loco",amorloconyc,https://lumina.viberyte.com/partner/620,none,Manhattan,NY,,"reggaeton,latin",amor-loco-2900
1727,"Amy Ruth's",amyruthsharlem,https://lumina.viberyte.com/partner/1727,none,Manhattan,NY,"[""casual"", ""family""]",,amy-ruth-s-12624
579,"Angel’s Share",angelssharenyc,https://lumina.viberyte.com/partner/579,none,Manhattan,NY,"[""intimate"",""upscale"",""hidden-gem""]","[""top-40""]",angel-s-share-2829
1883,"Anixi Mediterranean Vegan Restaurant",anixinyc,https://lumina.viberyte.com/partner/1883,none,Manhattan,NY,"[""upscale"", ""trendy""]",,anixi-mediterranean-vegan-rest-12780
1888,"Antalia NYC Restaurant/Caterer",antalianyc,https://lumina.viberyte.com/partner/1888,none,Manhattan,NY,"[""upscale"", ""intimate""]",,antalia-nyc-restaurant-caterer-12785
1815,"Antoya Korean BBQ",antoyabbq,https://lumina.viberyte.com/partner/1815,none,Manhattan,NY,"[""upscale"", ""group_friendly""]",,antoya-korean-bbq-12712
102,"Aperol Spritz Bar",aperibar,https://lumina.viberyte.com/partner/102,none,Manhattan,NY,"[""vibrant"",""cozy"",""lively"",""trendy""]",[],aperol-spritz-bar-767
1866,"Aquarelle NYC",aquarellenyc,https://lumina.viberyte.com/partner/1866,none,Manhattan,NY,"[""upscale"", ""romantic""]",,aquarelle-nyc-12763
1759,"Aria Hell's Kitchen",ariawestvillage,https://lumina.viberyte.com/partner/1759,none,Manhattan,NY,"[""intimate"", ""romantic""]",,aria-hell-s-kitchen-12656
245,Artesano,artesanony,https://lumina.viberyte.com/partner/245,none,Manhattan,NY,"[""cozy"",""clubby""]","[""world-music"",""latin"",""soft-jazz""]",artesano-2149
547,"Ascent Lounge",ascentloungeny,https://lumina.viberyte.com/partner/547,none,Manhattan,NY,"[""upscale"",""trendy"",""romantic"",""instagram-worthy""]","[""live-jazz"",""house""]",ascent-lounge-2771
1674,"Ashford & Simpson's Sugar Bar",sugarbarnyc,https://lumina.viberyte.com/partner/1674,none,Manhattan,NY,"[""lively"", ""cultural""]",,ashford-simpson-s-sugar-bar-12571
74,"Atlantic Restaurant",atlanticgrillnyc,https://lumina.viberyte.com/partner/74,none,Manhattan,NY,"[""upscale"",""romantic"",""trendy"",""cozy""]",[],atlantic-restaurant-476
1920,"Atlantis Prime",atlantisprimenyc,https://lumina.viberyte.com/partner/1920,none,Manhattan,NY,"[""upscale"", ""romantic""]",,atlantis-prime-12817
1395,"Attic Rooftop & Lounge",attic_urbanrooftop,https://lumina.viberyte.com/partner/1395,none,Manhattan,,,Hip-Hop,attic-rooftop-lounge-11438
236,"Au Cheval",AuChevalDiner,https://lumina.viberyte.com/partner/236,none,Manhattan,NY,"[""vibrant"",""casual"",""intimate""]",[],au-cheval-2069
1882,"Au Za'atar - Midtown East",auzaatar,https://lumina.viberyte.com/partner/1882,none,Manhattan,NY,"[""upscale"", ""date_night""]",,au-za-atar-midtown-east-12779
1396,"Avalon Yacht",yachtsforallseasons,https://lumina.viberyte.com/partner/1396,none,Manhattan,,,"Live Music",avalon-yacht-11439
229,"Avant Garden",overthrowhospitality,https://lumina.viberyte.com/partner/229,none,Manhattan,NY,"[""cozy"",""trendy"",""vibrant""]",[],avant-garden-1984
1884,"Avra Rockefeller Center",avraestiatorio,https://lumina.viberyte.com/partner/1884,none,Manhattan,NY,"[""upscale"", ""date_night""]",,avra-rockefeller-center-12781
143,"Ayzan NYC",ayzanyc,https://lumina.viberyte.com/partner/143,none,Manhattan,NY,"[""intimate"",""cozy"",""upscale""]",[],ayzan-nyc-1150
244,"Azul On The Rooftop",hotelhugosoho,https://lumina.viberyte.com/partner/244,none,Manhattan,NY,"[""vibrant"",""trendy"",""instagram-worthy""]","[""latin"",""reggaeton"",""soca""]",azul-on-the-rooftop-2143
1100,"Añejo Tribeca",anejo_nyc,https://lumina.viberyte.com/partner/1100,none,Manhattan,NY,,"[""latin"",""mixed""]",a-ejo-tribeca-10858
1397,"B Bar aka Bowery Bar",310bowerybar,https://lumina.viberyte.com/partner/1397,none,Manhattan,,,"[""mixed""]",b-bar-aka-bowery-bar-11441
1715,"BAR V",barvnyc,https://lumina.viberyte.com/partner/1715,none,Manhattan,NY,"[""intimate"", ""brunch_spot""]",,bar-v-12612
1872,BARBOUNIA,barbounianyc,https://lumina.viberyte.com/partner/1872,none,Manhattan,NY,"[""upscale"", ""lively""]",,barbounia-12769
1739,"BIG TINGS MENU",bigtingsnyc,https://lumina.viberyte.com/partner/1739,none,Manhattan,NY,"[""casual"", ""cultural""]",,big-tings-menu-12636
37,"Baby Grand",babygrandnyc,https://lumina.viberyte.com/partner/37,none,Manhattan,NY,"[""intimate"",""vibrant"",""fun"",""social""]","[""mixed""]",baby-grand-169
194,"Baccarat Hotel",baccarathotel,https://lumina.viberyte.com/partner/194,none,Manhattan,NY,"[""upscale"",""romantic"",""classy""]",[],baccarat-hotel-1579
129,"Baccarat Hotel New York",baccarathotels,https://lumina.viberyte.com/partner/129,none,Manhattan,NY,"[""upscale"",""classy"",""romantic""]",[],baccarat-hotel-new-york-1044
21,"Baires Grill",bairesgrill,https://lumina.viberyte.com/partner/21,none,Manhattan,NY,"[""upscale"",""cozy"",""vibrant""]",[],baires-grill-9
1793,Balvanera,balvanerarestaurants,https://lumina.viberyte.com/partner/1793,none,Manhattan,NY,"[""intimate"", ""cultural""]",,balvanera-12690
609,"Bangkok Supper Club",bangkoksupperclubnyc,https://lumina.viberyte.com/partner/609,none,Manhattan,NY,"[""vibrant"",""trendy"",""energetic"",""instagram-worthy""]","[""hip-hop"",""r&b"",""dancehall""]",bangkok-supper-club-2886
588,"Banter NYC",banter_nyc,https://lumina.viberyte.com/partner/588,none,Manhattan,NY,,[],banter-nyc-2856
954,"Bar 92 – Cocktails & Happy Hour Near Times Square",bar92nyc,https://lumina.viberyte.com/partner/954,none,Manhattan,NY,"[""vibrant"",""energetic"",""trendy""]","[""latin"",""live-music"",""top-40""]",bar-92-cocktails-happy-hour-ne-3566
1755,"Bar B",bar.b.nyc,https://lumina.viberyte.com/partner/1755,none,Manhattan,NY,"[""intimate"", ""hidden_gem""]",,bar-b-12652
38,"Bar Calico",barcaliconyc,https://lumina.viberyte.com/partner/38,none,Manhattan,NY,"[""intimate"",""trendy"",""vibrant"",""cozy""]","[""latin"",""house"",""afrobeats""]",bar-calico-173
1684,"Bar Goyana",bargoyana,https://lumina.viberyte.com/partner/1684,none,Manhattan,NY,"[""lively"", ""cultural""]",,bar-goyana-12581
141,"Bar Sprezzatura",barsprezzaturanyc,https://lumina.viberyte.com/partner/141,none,Manhattan,NY,"[""trendy"",""instagram-worthy"",""cozy""]","[""hip-hop"",""live-band""]",bar-sprezzatura-1136
259,Barawine,barawine_harlem,https://lumina.viberyte.com/partner/259,none,Manhattan,NY,"[""upscale"",""cozy"",""romantic"",""date night""]","[""mixed""]",barawine-2322
191,"Bartley Dunne's",bartleydunnes,https://lumina.viberyte.com/partner/191,none,Manhattan,NY,"[""vibrant"",""lively"",""trendy"",""casual"",""social""]","[""house"",""soca"",""top-40""]",bartley-dunne-s-1556
567,"Bathtub Gin",bathtubginnyc,https://lumina.viberyte.com/partner/567,none,Manhattan,NY,,"[""live-jazz""]",bathtub-gin-2810
96,"Beast and Butterflies",beastandbutterfliesnyc,https://lumina.viberyte.com/partner/96,none,Manhattan,NY,"[""vibrant"",""trendy"",""social"",""instagram-worthy""]","[""hip-hop"",""pop"",""dancehall""]",beast-and-butterflies-731
1691,"Bemelmans Bar",rosewoodthecarlyle,https://lumina.viberyte.com/partner/1691,none,Manhattan,NY,"[""upscale"", ""intimate""]",,bemelmans-bar-12588
1802,"Benares Tribeca Indian Restaurant",benares_tribeca,https://lumina.viberyte.com/partner/1802,none,Manhattan,NY,"[""upscale"", ""cultural""]",,benares-tribeca-indian-restaur-12699
183,"Berimbau Brazilian Cuisine",berimbau_nyc,https://lumina.viberyte.com/partner/183,none,Manhattan,NY,"[""vibrant"",""cozy"",""lively""]","[""live-music""]",berimbau-brazilian-cuisine-1516
960,"Big Apple Brunch",bigapplebrunch,https://lumina.viberyte.com/partner/960,none,Manhattan,NJ,,[],big-apple-brunch-3580
607,"Bill's Supper Club",billssupperclub,https://lumina.viberyte.com/partner/607,none,Manhattan,NY,"[""vibrant"",""upscale"",""trendy"",""lively""]","[""hip-hop"",""r&b""]",bill-s-supper-club-2883
1676,"Black Hound Bar & Lounge",blackhoundbar,https://lumina.viberyte.com/partner/1676,none,Manhattan,NY,"[""intimate"", ""date_night""]",,black-hound-bar-lounge-12573
1401,"Blue Lounge",algonquinnyc,https://lumina.viberyte.com/partner/1401,none,Manhattan,,,Hip-Hop,blue-lounge-11452
1668,"Blue Note",bluenotenyc,https://lumina.viberyte.com/partner/1668,none,Manhattan,NY,"[""intimate"", ""cultural""]",,blue-note-12565
1402,Boardroom,theboardroomny,https://lumina.viberyte.com/partner/1402,none,Manhattan,,,House,boardroom-11453
1823,"Boho Karaoke Orchard",karaokeboho_orchard,https://lumina.viberyte.com/partner/1823,none,Manhattan,NY,"[""lively"", ""group_friendly""]",,boho-karaoke-orchard-12720
1801,"Bombay Chowk",bombaychowk,https://lumina.viberyte.com/partner/1801,none,Manhattan,NY,"[""cultural"", ""intimate""]",,bombay-chowk-12698
596,"Boucherie Union Square",boucherie_us,https://lumina.viberyte.com/partner/596,none,Manhattan,NY,,[],boucherie-union-square-2867
30,"Bourbon Steak",bourbonsteaknyc,https://lumina.viberyte.com/partner/30,none,Manhattan,NY,"[""upscale"",""romantic"",""classy""]",[],bourbon-steak-75
1405,"Bourbon Street Bar & Grille restaurant",bourbonorleanshotel,https://lumina.viberyte.com/partner/1405,none,Manhattan,,,"Live Music",bourbon-street-bar-grille-rest-11460
538,"Bourbon and Branch",bourbonbranchnyc,https://lumina.viberyte.com/partner/538,none,Manhattan,NY,"[""lively"",""trendy"",""social""]","[""hip-hop"",""top-40"",""house""]",bourbon-and-branch-2760
1725,"Brandy Library",brandylibrarynyc,https://lumina.viberyte.com/partner/1725,none,Manhattan,NY,"[""upscale"", ""intimate""]",,brandy-library-12622
1406,Bravos,bravokosherpizza,https://lumina.viberyte.com/partner/1406,none,Manhattan,,,Afrobeats,bravos-11464
1758,Briciola,briciolawinebar,https://lumina.viberyte.com/partner/1758,none,Manhattan,NY,"[""intimate"", ""date_night""]",,briciola-12655
1711,"Brick Wine Bar",brick.winebar,https://lumina.viberyte.com/partner/1711,none,Manhattan,NY,"[""intimate"", ""trendy""]",,brick-wine-bar-12608
1407,"Bronze Owl",sweetgraffitidoughnuts,https://lumina.viberyte.com/partner/1407,none,Manhattan,,"[""vibrant"",""energetic"",""social""]","[""live-music"",""dancehall"",""hip-hop""]",bronze-owl-11466
1408,"Brooklyn Chop House",brooklynchophouse,https://lumina.viberyte.com/partner/1408,none,Manhattan,,,House,brooklyn-chop-house-11467
1409,"Broome Street Ganesha Temple",broomestreetganesh,https://lumina.viberyte.com/partner/1409,none,Manhattan,,"[""vibrant"",""community-oriented"",""cultural""]","[""hip-hop"",""afrobeats"",""live-music""]",broome-street-ganesha-temple-11469
1410,"Bryant Park Grill",bryantparkgrill,https://lumina.viberyte.com/partner/1410,none,Manhattan,,,"Live Music",bryant-park-grill-11470
1372,"Buca di Beppo",bucadibeppo,https://lumina.viberyte.com/partner/1372,none,Manhattan,,,"House,Live Music",buca-di-beppo-11347
1906,Buddakan,buddakannyc,https://lumina.viberyte.com/partner/1906,none,Manhattan,NY,"[""upscale"", ""trendy""]",,buddakan-12803
1681,"Buena Vista Restaurant & Bar",buenavistany,https://lumina.viberyte.com/partner/1681,none,Manhattan,NY,"[""upscale"", ""trendy""]",,buena-vista-restaurant-bar-12578
1911,"C as in Charlie",c.asincharlie,https://lumina.viberyte.com/partner/1911,none,Manhattan,NY,"[""lively"", ""trendy""]",,c-as-in-charlie-12808
1717,"CARTA Wine Bar New York",cartanewyork,https://lumina.viberyte.com/partner/1717,none,Manhattan,NY,"[""upscale"", ""intimate""]",,carta-wine-bar-new-york-12614
1411,"CATCH Roof",catch,https://lumina.viberyte.com/partner/1411,none,Manhattan,,,Hip-Hop,catch-roof-11472
1833,"CHADA NYC",chadanyc,https://lumina.viberyte.com/partner/1833,none,Manhattan,NY,"[""upscale"", ""intimate""]",,chada-nyc-12730
127,"Cacao Bar",mariebelleofficial,https://lumina.viberyte.com/partner/127,none,Manhattan,NY,"[""intimate"",""cozy"",""upscale"",""hidden-gem""]",[],cacao-bar-1028
1754,"Cafe Luce - Italian Restaurant & Wine Bar",cafelucenyc,https://lumina.viberyte.com/partner/1754,none,Manhattan,NY,"[""upscale"", ""romantic""]",,cafe-luce-italian-restaurant-w-12651
273,"Cafe d’Alsace",cafedalsacenyc,https://lumina.viberyte.com/partner/273,none,Manhattan,NY,"[""warm"",""inviting"",""lively""]",[],cafe-d-alsace-2421
1800,"Café Habana",cafehabana,https://lumina.viberyte.com/partner/1800,none,Manhattan,NY,"[""casual"", ""cultural""]",,caf-habana-12697
557,"Café Nuñez",cafenunezny,https://lumina.viberyte.com/partner/557,none,Manhattan,NY,,"[""latin"",""dancehall"",""reggaeton""]",caf-nu-ez-2792
1768,"Caliente Cab Co.",calientecab,https://lumina.viberyte.com/partner/1768,none,Manhattan,NY,"[""lively"", ""group_friendly""]",,caliente-cab-co-12665
1685,"Cantina Rooftop",cantinarooftop,https://lumina.viberyte.com/partner/1685,none,Manhattan,NY,"[""upscale"", ""rooftop""]",,cantina-rooftop-12582
1412,Capitale,capitalenyc,https://lumina.viberyte.com/partner/1412,none,Manhattan,,"[""vibrant"",""exclusive"",""energetic"",""trendy""]","[""hip-hop"",""r&b"",""afrobeats"",""latin""]",capitale-11477
1750,"Carbone New York",carbonerestaurants,https://lumina.viberyte.com/partner/1750,none,Manhattan,NY,"[""upscale"", ""trendy""]",,carbone-new-york-12647
1789,"Casa Colven",casacolven,https://lumina.viberyte.com/partner/1789,none,Manhattan,NY,"[""family"", ""cultural""]",,casa-colven-12686
1788,"Casa Restaurant",casabrazilian,https://lumina.viberyte.com/partner/1788,none,Manhattan,NY,"[""intimate"", ""cultural""]",,casa-restaurant-12685
140,Cathedrale,cathedralenewyork,https://lumina.viberyte.com/partner/140,none,Manhattan,NY,"[""upscale"",""trendy"",""vibrant"",""instagram-worthy""]","[""mixed""]",cathedrale-1129
133,"Central Park Boathouse",nycboathouse,https://lumina.viberyte.com/partner/133,none,Manhattan,NY,"[""upscale"",""romantic"",""iconic""]",[],central-park-boathouse-1103
1414,"Central Park Lanes",centralparknyc,https://lumina.viberyte.com/partner/1414,none,Manhattan,,"[""vibrant"",""energetic"",""fun"",""laid-back""]","[""hip-hop"",""dancehall"",""mixed""]",central-park-lanes-11482
1052,"Charley Bistro",charley.bistro,https://lumina.viberyte.com/partner/1052,none,Manhattan,NY,,[],charley-bistro-3808
1415,"Chelsea Table & Stage",chelseatableandstage,https://lumina.viberyte.com/partner/1415,none,Manhattan,,,"[""mixed""]",chelsea-table-stage-11484
1416,"Chelsea's Hotel Hayden",hotelhaydennyc,https://lumina.viberyte.com/partner/1416,none,Manhattan,,,"Live Music",chelsea-s-hotel-hayden-11485
1417,"Chevy's",chevynyc,https://lumina.viberyte.com/partner/1417,none,Manhattan,,,"[""mixed""]",chevy-s-11486
1859,"Chi Restaurant & Bar",chi_restaurant_bar,https://lumina.viberyte.com/partner/1859,none,Manhattan,NY,"[""upscale"", ""trendy""]",,chi-restaurant-bar-12756
43,"Chica and the Don",chicaandthedon,https://lumina.viberyte.com/partner/43,none,Manhattan,NY,"[""vibrant"",""trendy"",""upscale""]","[""latin"",""reggaeton""]",chica-and-the-don-210
1817,"Cho Dang Gol",chodanggol,https://lumina.viberyte.com/partner/1817,none,Manhattan,NY,"[""casual"", ""cultural""]",,cho-dang-gol-12714
1813,"Chor Bazaar",chorbazaarnyc,https://lumina.viberyte.com/partner/1813,none,Manhattan,NY,"[""cultural"", ""intimate""]",,chor-bazaar-12710
1784,"Churrascaria Plataforma Steakhouse",churrascariaplataforma,https://lumina.viberyte.com/partner/1784,none,Manhattan,NY,"[""upscale"", ""lively""]",,churrascaria-plataforma-steakh-12681
1744,"Ci Siamo",cisiamonyc,https://lumina.viberyte.com/partner/1744,none,Manhattan,NY,"[""upscale"", ""date_night""]",,ci-siamo-12641
1418,Cipriani,cipriani,https://lumina.viberyte.com/partner/1418,none,Manhattan,,,House,cipriani-11488
1419,"Cipriani 42nd St.",ciprianievents,https://lumina.viberyte.com/partner/1419,none,Manhattan,,"[""upscale"",""trendy"",""vibrant"",""iconic""]","[""live-music"",""pop""]",cipriani-42nd-st-11489
87,"City Vineyards",cityvineyardnyc,https://lumina.viberyte.com/partner/87,none,Manhattan,NY,"[""vibrant"",""upscale"",""trendy"",""instagram-worthy""]","[""live-music"",""pop""]",city-vineyards-672
1420,"Classic Car Club Manhattan",cccmanhattan,https://lumina.viberyte.com/partner/1420,none,Manhattan,,"[""trendy"",""vibrant"",""stylish"",""unique""]","[""live-music"",""pop"",""rock""]",classic-car-club-manhattan-11491
152,"Clemente Bar",theclementebar,https://lumina.viberyte.com/partner/152,none,Manhattan,NY,"[""vibrant"",""cozy"",""intimate"",""social""]","[""hip-hop"",""r&b"",""latin""]",clemente-bar-1281
610,"Club A Steakhouse",clubasteakhousenyc,https://lumina.viberyte.com/partner/610,none,Manhattan,NY,"[""upscale"",""romantic"",""trendy""]","[""hip-hop""]",club-a-steakhouse-2888
1669,"Coby Club",cobyclubnyc,https://lumina.viberyte.com/partner/1669,none,Manhattan,NY,"[""lively"", ""trendy""]",,coby-club-12566
1772,"Cocina Consuelo",cocinaconsuelonyc,https://lumina.viberyte.com/partner/1772,none,Manhattan,NY,"[""casual"", ""date_night""]",,cocina-consuelo-12669
987,"Cocteleria Perla Negra",perlanegranyc,https://lumina.viberyte.com/partner/987,none,Manhattan,NJ,"[""lively"",""trendy"",""vibrant"",""social""]","[""hip-hop"",""afrobeats"",""latin""]",cocteleria-perla-negra-3629
1421,"Common Country",commoncountryeast,https://lumina.viberyte.com/partner/1421,none,Manhattan,,,"[""mixed""]",common-country-11493
1683,Coppelia,coppelianyc1,https://lumina.viberyte.com/partner/1683,none,Manhattan,NY,"[""casual"", ""lively""]",,coppelia-12580
1771,Cosme,eatatla,https://lumina.viberyte.com/partner/1771,none,Manhattan,NY,"[""upscale"", ""trendy""]",,cosme-12668
1765,Covacha,covachany,https://lumina.viberyte.com/partner/1765,none,Manhattan,NY,"[""upscale"", ""trendy""]",,covacha-12662
84,"Cover Restaurant",versanyc,https://lumina.viberyte.com/partner/84,none,Manhattan,NY,"[""lively"",""trendy"",""casual""]",[],cover-restaurant-630
1423,"Cowboy Tom's",cowboytomsnyc,https://lumina.viberyte.com/partner/1423,none,Manhattan,,"[""lively"",""friendly"",""unpretentious""]","[""live-music"",""country""]",cowboy-tom-s-11498
528,"Coyote Ugly New York",coyoteuglyusa,https://lumina.viberyte.com/partner/528,none,Manhattan,NY,,"pop,rock,dance",coyote-ugly-new-york-2744
599,"Craft New York",craft_newyork,https://lumina.viberyte.com/partner/599,none,Manhattan,NY,,[],craft-new-york-2873
1424,Craftsman,TheCraftsmanNYC,https://lumina.viberyte.com/partner/1424,none,Manhattan,,,Hip-Hop,craftsman-11499
1093,"Crane Club",craneclubnyc,https://lumina.viberyte.com/partner/1093,none,Manhattan,NY,,"[""live-music"",""top-40""]",crane-club-10846
178,"Crazy Pizza",crazypizza__official,https://lumina.viberyte.com/partner/178,none,Manhattan,NY,"[""vibrant"",""energetic"",""trendy""]","[""live-music"",""pop""]",crazy-pizza-1458
1677,"Creature's Rooftop",creaturesrooftopnyc,https://lumina.viberyte.com/partner/1677,none,Manhattan,NY,"[""lively"", ""rooftop""]",,creature-s-rooftop-12574
1865,"Cull & Pistol",cullandpistol,https://lumina.viberyte.com/partner/1865,none,Manhattan,NY,"[""upscale"", ""casual""]",,cull-pistol-12762
266,"Célon Bar & Lounge",bryantparkhotel,https://lumina.viberyte.com/partner/266,none,Manhattan,NY,"[""romantic"",""intimate""]","[""edm"",""latin"",""live-jazz"",""reggaeton""]",c-lon-bar-lounge-2389
1858,"DAO Dim Sum & Chinese Cuisine",dao_dimsum,https://lumina.viberyte.com/partner/1858,none,Manhattan,NY,"[""upscale"", ""intimate""]",,dao-dim-sum-chinese-cuisine-12755
1425,DOM,thedomnyc,https://lumina.viberyte.com/partner/1425,none,Manhattan,,,"[""mixed""]",dom-11500
1698,DROM,dromnyc,https://lumina.viberyte.com/partner/1698,none,Manhattan,NY,"[""lively"", ""cultural""]",,drom-12595
1703,"Daddy Rabbit",daddyrabbitnyc,https://lumina.viberyte.com/partner/1703,none,Manhattan,NY,"[""intimate"", ""lively""]",,daddy-rabbit-12600
1879,Dagon,dagonnyc,https://lumina.viberyte.com/partner/1879,none,Manhattan,NY,"[""upscale"", ""romantic""]",,dagon-12776
139,Daintree,daintreenyc,https://lumina.viberyte.com/partner/139,none,Manhattan,NY,"[""trendy"",""upscale"",""vibrant"",""instagram-worthy""]","[""pop"",""dance"",""mixed""]",daintree-1127
1912,Daniel,restaurantdaniel,https://lumina.viberyte.com/partner/1912,none,Manhattan,NY,"[""upscale"", ""romantic""]",,daniel-12809
1720,"Dante West Village",dantenewyorkcity,https://lumina.viberyte.com/partner/1720,none,Manhattan,NY,"[""upscale"", ""romantic""]",,dante-west-village-12617
1365,"Darling Rooftop",darlingrooftop,https://lumina.viberyte.com/partner/1365,none,Manhattan,,,House,darling-rooftop-11318
1901,"Death Ave",deathavenyc,https://lumina.viberyte.com/partner/1901,none,Manhattan,NY,"[""upscale"", ""group_friendly""]",,death-ave-12798
603,"Del Frisco's Double Eagle Steakhouse",del.friscos,https://lumina.viberyte.com/partner/603,none,Manhattan,NY,,[],del-frisco-s-double-eagle-stea-2878
1810,"Dhaba Indian Cuisine",dhabanewyork,https://lumina.viberyte.com/partner/1810,none,Manhattan,NY,"[""cultural"", ""date_night""]",,dhaba-indian-cuisine-12707
22,"Din Tai Fung",dintaifungusa,https://lumina.viberyte.com/partner/22,none,Manhattan,NY,"[""upscale"",""vibrant"",""trendy""]",[],din-tai-fung-18
1700,"Dizzy's Club",jazzdotorg,https://lumina.viberyte.com/partner/1700,none,Manhattan,NY,"[""upscale"", ""intimate"", ""romantic""]",,dizzy-s-club-12597
174,"Django Jazz",thedjangonyc,https://lumina.viberyte.com/partner/174,none,Manhattan,NY,"[""intimate"",""upscale"",""romantic"",""trendy""]","[""live-jazz"",""soca""]",django-jazz-1425
569,"Do Not Disturb",donotdisturb.ny,https://lumina.viberyte.com/partner/569,none,Manhattan,NY,"[""intimate"",""trendy"",""lively"",""hidden-gem""]","[""hip-hop"",""r&b"",""afrobeats""]",do-not-disturb-2813
1855,"Domo omakase",domo_omakase,https://lumina.viberyte.com/partner/1855,none,Manhattan,NY,"[""upscale"", ""intimate""]",,domo-omakase-12752
1749,"Don Angie",donangienyc,https://lumina.viberyte.com/partner/1749,none,Manhattan,NY,"[""upscale"", ""date_night""]",,don-angie-12646
1777,"Don Ceviche",doncevicheny,https://lumina.viberyte.com/partner/1777,none,Manhattan,NY,"[""upscale"", ""cultural""]",,don-ceviche-12674
1816,"Don Don Korean BBQ",dondon.nyc,https://lumina.viberyte.com/partner/1816,none,Manhattan,NY,"[""upscale"", ""group_friendly""]",,don-don-korean-bbq-12713
1686,Donna,donnacocktailclub,https://lumina.viberyte.com/partner/1686,none,Manhattan,NY,"[""trendy"", ""date_night""]",,donna-12583
1760,"Donna Margherita",donnamargheritanyc,https://lumina.viberyte.com/partner/1760,none,Manhattan,NY,"[""intimate"", ""date_night""]",,donna-margherita-12657
608,"Drai's Supper Club New York",draisnyc,https://lumina.viberyte.com/partner/608,none,Manhattan,NY,"[""vibrant"",""upscale"",""trendy""]","[""hip-hop"",""r&b"",""live-jazz""]",drai-s-supper-club-new-york-2885
109,"Drink Up NYC",theupandupnyc,https://lumina.viberyte.com/partner/109,none,Manhattan,NY,"[""intimate"",""trendy"",""cozy"",""vibrant"",""hidden-gem""]","[""latin"",""soca""]",drink-up-nyc-856
1781,"Dulce Vida Latin Bistro",dulcevidalatinbistro,https://lumina.viberyte.com/partner/1781,none,Manhattan,NY,"[""cozy"", ""cultural""]",,dulce-vida-latin-bistro-12678
35,"Dutch Fred’s",dutchfreds,https://lumina.viberyte.com/partner/35,none,Manhattan,NY,"[""vibrant"",""casual"",""social"",""trendy""]","[""live-music"",""pop""]",dutch-fred-s-136
1835,"East Japanese Restaurant",east.japanese.restaurant,https://lumina.viberyte.com/partner/1835,none,Manhattan,NY,"[""upscale"", ""intimate""]",,east-japanese-restaurant-12732
150,Eataly,eatalynewyorkcity,https://lumina.viberyte.com/partner/150,none,Manhattan,NY,"[""vibrant"",""casual"",""upscale""]",[],eataly-1245
1769,"El Coco",elcocotaqueria,https://lumina.viberyte.com/partner/1769,none,Manhattan,NY,"[""lively"", ""group_friendly""]",,el-coco-12666
1767,"El Kallejon",elkallejon,https://lumina.viberyte.com/partner/1767,none,Manhattan,NY,"[""casual"", ""lively""]",,el-kallejon-12664
260,Elea,elea_nyc,https://lumina.viberyte.com/partner/260,none,Manhattan,NY,"[""elegant"",""upscale""]","[""world-music"",""acoustic"",""soft-jazz""]",elea-2333
1429,"Electric Room",electricroomnyc,https://lumina.viberyte.com/partner/1429,none,Manhattan,,,EDM,electric-room-11510
80,"Electric Shuffle",electricshuffleusa,https://lumina.viberyte.com/partner/80,none,Manhattan,NY,"[""vibrant"",""energetic"",""social""]","[""hip-hop"",""dancehall""]",electric-shuffle-600
1827,"Elephant Ear",elephantear_official,https://lumina.viberyte.com/partner/1827,none,Manhattan,NY,"[""upscale"", ""intimate""]",,elephant-ear-12724
153,"Eleven Madison Park",elevenmadisonpark,https://lumina.viberyte.com/partner/153,none,Manhattan,NY,"[""upscale"",""romantic"",""classy""]",[],eleven-madison-park-1282
1430,"Elsie Penthouse",elsierooftop,https://lumina.viberyte.com/partner/1430,none,Manhattan,,,House,elsie-penthouse-11512
562,"Elsie Rooftop & Penthouse",onlyatelsie,https://lumina.viberyte.com/partner/562,none,Manhattan,NY,,"[""latin"",""live-band""]",elsie-rooftop-penthouse-2801
574,"Employees Only",employeesonlyny,https://lumina.viberyte.com/partner/574,none,Manhattan,NY,,[],employees-only-2823
1785,"Emporium Brasil Restaurant",emporiumbrasilnyc,https://lumina.viberyte.com/partner/1785,none,Manhattan,NY,"[""upscale"", ""cultural""]",,emporium-brasil-restaurant-12682
1431,"Empress Nautical Yacht",newyorkprincesscruises,https://lumina.viberyte.com/partner/1431,none,Manhattan,,,"[""mixed""]",empress-nautical-yacht-11514
1796,"Estancia 460",estancia460,https://lumina.viberyte.com/partner/1796,none,Manhattan,NY,"[""upscale"", ""intimate""]",,estancia-460-12693
39,"Euphoria Brunch",cafeeuphoria518,https://lumina.viberyte.com/partner/39,none,Manhattan,NY,"[""vibrant"",""inclusive"",""community-oriented""]","[""live-music"",""acoustic""]",euphoria-brunch-175
209,Everdene,EverdeneNYC,https://lumina.viberyte.com/partner/209,none,Manhattan,NY,"[""vibrant"",""trendy"",""upscale"",""instagram-worthy""]","[""pop"",""dance"",""live-music""]",everdene-1715
186,"Everdene at The Virgin Hotels",virginhotels,https://lumina.viberyte.com/partner/186,none,Manhattan,NY,"[""vibrant"",""trendy"",""upscale"",""instagram-worthy""]","[""mixed"",""top-40""]",everdene-at-the-virgin-hotels-1536
1432,"Evol NewYork",evolclubnyc,https://lumina.viberyte.com/partner/1432,none,Manhattan,,,"[""mixed""]",evol-newyork-11516
578,"Experimental Cocktail Club",experimentalcocktailclub,https://lumina.viberyte.com/partner/578,none,Manhattan,NY,"[""intimate"",""trendy"",""upscale"",""hidden-gem""]","[""live-jazz"",""afrobeats"",""dancehall"",""reggaeton"",""house"",""edm""]",experimental-cocktail-club-2828
604,"Felice 56",felice.restaurants,https://lumina.viberyte.com/partner/604,none,Manhattan,NY,,[],felice-56-2880
231,"Fig 19",fig19nyc,https://lumina.viberyte.com/partner/231,none,Manhattan,NY,"[""intimate"",""trendy"",""cozy""]","[""top-40""]",fig-19-2040
1433,"First Round's on Me Social Club",firstroundsonme,https://lumina.viberyte.com/partner/1433,none,Manhattan,,,"[""mixed""]",first-round-s-on-me-social-clu-11517
45,"Fleur Room",FleurRoomNY,https://lumina.viberyte.com/partner/45,none,Manhattan,NY,"[""trendy"",""vibrant"",""instagram-worthy"",""lively"",""upscale""]","[""hip-hop"",""dancehall""]",fleur-room-228
741,"Florence Prime Diner",florenceprimediner,https://lumina.viberyte.com/partner/741,none,Manhattan,NY,,[],florence-prime-diner-3136
1434,Folly,follynyc,https://lumina.viberyte.com/partner/1434,none,Manhattan,,,House,folly-11518
1726,"Foolproof Whiskey Bar",foolproofbk,https://lumina.viberyte.com/partner/1726,none,Manhattan,NY,"[""intimate"", ""upscale""]",,foolproof-whiskey-bar-12623
1435,Frames,framesnyc,https://lumina.viberyte.com/partner/1435,none,Manhattan,,,"Live Music",frames-11519
182,"Fushimi Group Times Square",fushiminyc,https://lumina.viberyte.com/partner/182,none,Manhattan,NY,"[""trendy"",""upscale"",""instagram-worthy""]","[""hip-hop"",""pop""]",fushimi-group-times-square-1501
1914,"Gabriel Kreuther",gabrielkreuther,https://lumina.viberyte.com/partner/1914,none,Manhattan,NY,"[""upscale"", ""romantic""]",,gabriel-kreuther-12811
1918,"Gallagher’s Steakhouse NYC",gallaghersnyc,https://lumina.viberyte.com/partner/1918,none,Manhattan,NY,"[""upscale"", ""date_night""]",,gallagher-s-steakhouse-nyc-12815
1436,"Gansevoort Park Rooftop",gansevoort,https://lumina.viberyte.com/partner/1436,none,Manhattan,,,Hip-Hop,gansevoort-park-rooftop-11522
1699,"George Bang Bang",gbbnewyork,https://lumina.viberyte.com/partner/1699,none,Manhattan,NY,"[""upscale"", ""intimate""]",,george-bang-bang-12596
1437,"Gilded Lily",gildedlilyevents,https://lumina.viberyte.com/partner/1437,none,Manhattan,,"[""upscale"",""lively"",""trendy"",""exclusive"",""instagram-worthy""]","[""hip-hop"",""r&b"",""afrobeats"",""dancehall""]",gilded-lily-11523
254,"Gitano NYC",gitano,https://lumina.viberyte.com/partner/254,none,Manhattan,NY,"[""vibrant"",""upscale"",""trendy"",""instagram-worthy""]","[""house"",""hip-hop"",""top-40""]",gitano-nyc-2264
1678,"Glass Ceiling Rooftop",igchospitality,https://lumina.viberyte.com/partner/1678,none,Manhattan,NY,"[""upscale"", ""rooftop"", ""brunch_spot""]",,glass-ceiling-rooftop-12575
1860,"Golden Unicorn",goldenunicornnyc,https://lumina.viberyte.com/partner/1860,none,Manhattan,NY,"[""lively"", ""cultural""]",,golden-unicorn-12757
1092,Gospel,gospel.nyc,https://lumina.viberyte.com/partner/1092,none,Manhattan,NY,,"[""house""]",gospel-10845
1667,Groove,clubgroovenyc,https://lumina.viberyte.com/partner/1667,none,Manhattan,NY,"[""lively"", ""cultural""]",,groove-12564
1808,GupShup,gupshupnyc,https://lumina.viberyte.com/partner/1808,none,Manhattan,NY,"[""upscale"", ""cultural""]",,gupshup-12705
1820,"Gurumé",gurumenyc,https://lumina.viberyte.com/partner/1820,none,Manhattan,NY,"[""lively"", ""trendy""]",,gurum-12717
1376,"HK Hall",hkhall_,https://lumina.viberyte.com/partner/1376,none,Manhattan,,,Hip-Hop,hk-hall-11362
1723,"Handcraft Kitchen & Cocktails",handcraft_nyc,https://lumina.viberyte.com/partner/1723,none,Manhattan,NY,"[""upscale"", ""trendy""]",,handcraft-kitchen-cocktails-12620
1665,"Harlem Nights",harlemnightsbar,https://lumina.viberyte.com/partner/1665,none,Manhattan,NY,"[""lively"", ""cultural""]",,harlem-nights-12562
1631,"Harry's",harrysbarrestaurant,https://lumina.viberyte.com/partner/1631,none,Manhattan,NY,"[""upscale"", ""date_night""]",,harry-s-12528
536,"Haswell Green's",haswellgreensnyc,https://lumina.viberyte.com/partner/536,none,Manhattan,NY,"[""vibrant"",""energetic"",""social""]","[""hip-hop"",""dancehall""]",haswell-green-s-2758
1378,"Headless Horseman",headlesshorsemanattractions,https://lumina.viberyte.com/partner/1378,none,Manhattan,,,"Live Music",headless-horseman-11365
1439,"Hendricks Hotel Rooftop",piedpipersf,https://lumina.viberyte.com/partner/1439,none,Manhattan,,,Hip-Hop,hendricks-hotel-rooftop-11533
219,"Hey Thai",heythai127,https://lumina.viberyte.com/partner/219,none,Manhattan,NY,"[""vibrant"",""cozy"",""trendy""]","[""latin"",""top-40""]",hey-thai-1867
570,"Hidden Tiger",gazebo.swag.0.2,https://lumina.viberyte.com/partner/570,none,Manhattan,NY,"[""intimate"",""trendy"",""vibrant"",""cozy""]","[""hip-hop"",""r&b"",""afrobeats""]",hidden-tiger-2814
545,"Hide Rooftop",hiderooftop,https://lumina.viberyte.com/partner/545,none,Manhattan,NY,"[""vibrant"",""trendy"",""energetic"",""instagram-worthy""]","[""hip-hop"",""afrobeats"",""top-40""]",hide-rooftop-2769
554,"Highkey Rainforest Rooftop",highkeyrooftop,https://lumina.viberyte.com/partner/554,none,Manhattan,NY,,"[""hip-hop""]",highkey-rainforest-rooftop-2789
544,"Holiday Cocktail Lounge",holidaycocktaillounge,https://lumina.viberyte.com/partner/544,none,Manhattan,NY,"[""vibrant"",""cozy"",""unpretentious""]",[],holiday-cocktail-lounge-2768
526,"Hoops Cabaret",hoopscabaret,https://lumina.viberyte.com/partner/526,none,Manhattan,NY,"[""vibrant"",""energetic"",""lively""]","[""live-music""]",hoops-cabaret-2735
559,"Horus Cafe on A",horuscafeona,https://lumina.viberyte.com/partner/559,none,Manhattan,NY,,[],horus-cafe-on-a-2795
556,"Horus Too",horustoo,https://lumina.viberyte.com/partner/556,none,Manhattan,NY,,"[""mixed""]",horus-too-2791
1440,"Hotel Alameda",hotelalamedahighline,https://lumina.viberyte.com/partner/1440,none,Manhattan,,,"[""mixed""]",hotel-alameda-11537
1379,"Hotel Chantelle",hotelchantelle,https://lumina.viberyte.com/partner/1379,none,Manhattan,,,Latin,hotel-chantelle-11367
1861,"House of Joy",houseofjoynyc,https://lumina.viberyte.com/partner/1861,none,Manhattan,NY,"[""cultural"", ""family""]",,house-of-joy-12758
1896,"Hummus Place",hummusplace,https://lumina.viberyte.com/partner/1896,none,Manhattan,NY,"[""intimate"", ""cultural""]",,hummus-place-12793
1862,"Hwa Yuan Szechuan",hwa.yuan.nyc,https://lumina.viberyte.com/partner/1862,none,Manhattan,NY,"[""upscale"", ""cultural""]",,hwa-yuan-szechuan-12759
1441,"IL Bastardo",ilbastardobrunchnyc,https://lumina.viberyte.com/partner/1441,none,Manhattan,,,EDM,il-bastardo-11541
1807,"INDN Small Plates & Cocktails",indn.nyc,https://lumina.viberyte.com/partner/1807,none,Manhattan,NY,"[""upscale"", ""cultural""]",,indn-small-plates-cocktails-12704
131,ISHQ,ishqnyc,https://lumina.viberyte.com/partner/131,none,Manhattan,NY,"[""upscale"",""romantic"",""trendy""]",[],ishq-1049
1746,"Il Cortile",ilcortile_nyc,https://lumina.viberyte.com/partner/1746,none,Manhattan,NY,"[""upscale"", ""family""]",,il-cortile-12643
216,"Il Mulino",ilmulinonyc,https://lumina.viberyte.com/partner/216,none,Manhattan,NY,"[""upscale"",""romantic"",""classy""]",[],il-mulino-1811
1442,"Industry City",industrycity,https://lumina.viberyte.com/partner/1442,none,Manhattan,,"[""vibrant"",""energetic"",""iconic""]","[""hip-hop"",""afrobeats"",""edm""]",industry-city-11543
531,"Iron Bar & Lounge NYC - Hell's Kitchen",ironbarloungenyc,https://lumina.viberyte.com/partner/531,none,Manhattan,NY,,"[""hip-hop"",""top-40""]",iron-bar-lounge-nyc-hell-s-kit-2753
1443,"Isola Brooklyn",isolabrooklyn,https://lumina.viberyte.com/partner/1443,none,Manhattan,,"[""lively"",""trendy"",""vibrant""]","[""hip-hop"",""afrobeats"",""reggaeton""]",isola-brooklyn-11547
1819,"Itaewon Pocha",itaewonnyc,https://lumina.viberyte.com/partner/1819,none,Manhattan,NY,"[""trendy"", ""lively""]",,itaewon-pocha-12716
57,Itakitchen,itakitchenny,https://lumina.viberyte.com/partner/57,none,Manhattan,NY,"[""vibrant"",""cozy"",""lively""]",[],itakitchen-282
1843,"Ivan Ramen",ramenjunkie,https://lumina.viberyte.com/partner/1843,none,Manhattan,NY,"[""casual"", ""intimate""]",,ivan-ramen-12740
1850,"Izakaya Futago",izakaya.futago,https://lumina.viberyte.com/partner/1850,none,Manhattan,NY,"[""intimate"", ""date_night""]",,izakaya-futago-12747
1846,"Izakaya Juraku",izakayajuraku,https://lumina.viberyte.com/partner/1846,none,Manhattan,NY,"[""casual"", ""lively""]",,izakaya-juraku-12743
1836,"Izakaya MEW",izakayamew,https://lumina.viberyte.com/partner/1836,none,Manhattan,NY,"[""casual"", ""late_night""]",,izakaya-mew-12733
1848,"Izakaya Toribar",izakayatoribar,https://lumina.viberyte.com/partner/1848,none,Manhattan,NY,"[""intimate"", ""casual""]",,izakaya-toribar-12745
1444,J.Bespoke,jbespokenyc,https://lumina.viberyte.com/partner/1444,none,Manhattan,,"[""exclusive"",""vibrant"",""trendy"",""upscale"",""energetic""]","[""hip-hop"",""r&b"",""afrobeats""]",j-bespoke-11548
104,"JBF Platform",beardfoundation,https://lumina.viberyte.com/partner/104,none,Manhattan,NY,"[""vibrant"",""upscale"",""trendy""]",[],jbf-platform-802
584,"Jack's Wife Freda",jackswifefreda,https://lumina.viberyte.com/partner/584,none,Manhattan,NY,,[],jack-s-wife-freda-2850
1729,"Jacob's Pickles",jacobspickles,https://lumina.viberyte.com/partner/1729,none,Manhattan,NY,"[""casual"", ""family""]",,jacob-s-pickles-12626
1724,"Jade & Clover",jadeandclovernyc,https://lumina.viberyte.com/partner/1724,none,Manhattan,NY,"[""upscale"", ""intimate""]",,jade-clover-12621
163,Jalao,jalaonyc,https://lumina.viberyte.com/partner/163,none,Manhattan,NY,"[""vibrant"",""energetic"",""social""]","[""live-music"",""latin"",""reggaeton""]",jalao-1369
1905,Jams,jams_nyc,https://lumina.viberyte.com/partner/1905,none,Manhattan,NY,"[""upscale"", ""brunch_spot""]",,jams-12802
1811,Jazba,jazbanyc,https://lumina.viberyte.com/partner/1811,none,Manhattan,NY,"[""upscale"", ""group_friendly""]",,jazba-12708
1913,Jean-Georges,jean_georgesnyc,https://lumina.viberyte.com/partner/1913,none,Manhattan,NY,"[""upscale"", ""romantic""]",,jean-georges-12810
1863,"Joe's Home of Soup Dumplings",joeshomeofsoupdumpling,https://lumina.viberyte.com/partner/1863,none,Manhattan,NY,"[""casual"", ""cultural""]",,joe-s-home-of-soup-dumplings-12760
1803,Junoon,junoonnyc,https://lumina.viberyte.com/partner/1803,none,Manhattan,NY,"[""upscale"", ""romantic""]",,junoon-12700
122,KYU,kyurestaurants,https://lumina.viberyte.com/partner/122,none,Manhattan,NY,"[""trendy"",""vibrant"",""upscale""]",[],kyu-1011
1735,Kabawa,momolongplay,https://lumina.viberyte.com/partner/1735,none,Manhattan,NY,"[""upscale"", ""trendy""]",,kabawa-12632
257,Kahlo,kahlonyc,https://lumina.viberyte.com/partner/257,none,Manhattan,NY,"[""intimate"",""vibrant""]","[""latino"",""pop"",""chill""]",kahlo-2315
19,"Kanü Bar & Grill",kanubarny,https://lumina.viberyte.com/partner/19,none,Manhattan,NJ,"[""trendy"",""vibrant"",""casual"",""social""]","[""afrobeats"",""house"",""hip-hop""]",kanubar01
582,"Karaoke City",KARAOKECITYNYC,https://lumina.viberyte.com/partner/582,none,Manhattan,NY,,"[""hip-hop""]",karaoke-city-2843
552,"Karizma Lounge",karizmalounge,https://lumina.viberyte.com/partner/552,none,Manhattan,NY,"[""lively"",""trendy"",""social""]","[""hip-hop"",""afrobeats"",""r&b""]",karizma-lounge-2780
1919,"Keens Steakhouse",keenssteakhouse,https://lumina.viberyte.com/partner/1919,none,Manhattan,NY,"[""upscale"", ""romantic""]",,keens-steakhouse-12816
571,"Keys & Heels",keysandheels,https://lumina.viberyte.com/partner/571,none,Manhattan,NY,,"[""live-band""]",keys-heels-2816
1798,"Kiosko 787",kiosko787,https://lumina.viberyte.com/partner/1798,none,Manhattan,NY,"[""intimate"", ""cultural""]",,kiosko-787-12695
71,Kjun,kjunnyc,https://lumina.viberyte.com/partner/71,none,Manhattan,NY,"[""cozy"",""vibrant"",""friendly""]",[],kjun-425
1857,"Koete Omakase",koeteomakase,https://lumina.viberyte.com/partner/1857,none,Manhattan,NY,"[""upscale"", ""intimate""]",,koete-omakase-12754
264,"Koi New York",koirestaurants,https://lumina.viberyte.com/partner/264,none,Manhattan,NY,"[""cool atmosphere"",""busy""]","[""chill-hop"",""lounge"",""contemporary""]",koi-new-york-2378
1824,"Koko Wings",kokowings,https://lumina.viberyte.com/partner/1824,none,Manhattan,NY,"[""trendy"", ""casual""]",,koko-wings-12721
1895,Kubeh,eatkubeh,https://lumina.viberyte.com/partner/1895,none,Manhattan,NY,"[""casual"", ""cultural""]",,kubeh-12792
1752,"L'Osteria",losterianyc,https://lumina.viberyte.com/partner/1752,none,Manhattan,NY,"[""upscale"", ""intimate""]",,l-osteria-12649
1682,LOLITA,lolitanewyorkcity,https://lumina.viberyte.com/partner/1682,none,Manhattan,NY,"[""upscale"", ""lively""]",,lolita-12579
1693,"LVG Salsa Social NYC",lvgsalsasocial,https://lumina.viberyte.com/partner/1693,none,Manhattan,NY,"[""lively"", ""cultural""]",,lvg-salsa-social-nyc-12590
112,"La Caverna",lacavernanyc,https://lumina.viberyte.com/partner/112,none,Manhattan,NY,"[""vibrant"",""casual"",""social"",""unique""]","[""latin"",""reggaeton"",""hip-hop""]",la-caverna-885
1773,"La Contenta",lacontentales,https://lumina.viberyte.com/partner/1773,none,Manhattan,NY,"[""casual"", ""lively""]",,la-contenta-12670
1775,"La Contenta Oeste",lacontentaoeste,https://lumina.viberyte.com/partner/1775,none,Manhattan,NY,"[""casual"", ""lively""]",,la-contenta-oeste-12672
1764,"La Esquina Brasserie",esquinanyc,https://lumina.viberyte.com/partner/1764,none,Manhattan,NY,"[""upscale"", ""hidden_gem""]",,la-esquina-brasserie-12661
555,"La Sultana",lasultanacafe,https://lumina.viberyte.com/partner/555,none,Manhattan,NY,,"[""afrobeats""]",la-sultana-2790
1707,"Lady Blue",ladyblue_nyc,https://lumina.viberyte.com/partner/1707,none,Manhattan,NY,"[""intimate"", ""trendy""]",,lady-blue-12604
40,"Lagos NYC",lagosnyc,https://lumina.viberyte.com/partner/40,none,Manhattan,NY,"[""vibrant"",""energetic"",""trendy""]","[""afrobeats"",""hip-hop"",""live-music""]",lagos-nyc-176
1445,"Laissez Faire",laissezfaire.nyc,https://lumina.viberyte.com/partner/1445,none,Manhattan,,,"[""mixed""]",laissez-faire-11558
1380,"Le Bain",lebainnyc,https://lumina.viberyte.com/partner/1380,none,Manhattan,,,"[""mixed""]",le-bain-11370
155,"Le Basque",lebasquenyc,https://lumina.viberyte.com/partner/155,none,Manhattan,NY,"[""vibrant"",""cozy"",""trendy""]","[""mixed""]",le-basque-1289
594,"Le Bernardin",lebernardinny,https://lumina.viberyte.com/partner/594,none,Manhattan,NY,,[],le-bernardin-2864
592,"Le Botaniste",le_botaniste,https://lumina.viberyte.com/partner/592,none,Manhattan,NY,,[],le-botaniste-2862
590,"Le Coucou",lecoucou_nyc,https://lumina.viberyte.com/partner/590,none,Manhattan,NY,,[],le-coucou-2859
1001,"Le Monde",lemondenyc,https://lumina.viberyte.com/partner/1001,none,Manhattan,NJ,,[],le-monde-3653
598,"Le Pavillon",lepavillonnyc,https://lumina.viberyte.com/partner/598,none,Manhattan,NY,,[],le-pavillon-2872
1446,"Le Poisson Rouge",lprnyc,https://lumina.viberyte.com/partner/1446,none,Manhattan,,,Latin,le-poisson-rouge-11565
1891,Leyla,leylanycity,https://lumina.viberyte.com/partner/1891,none,Manhattan,NY,"[""cozy"", ""intimate""]",,leyla-12788
176,"Lily of The Valley Afternoon Tea",thelowellhotel,https://lumina.viberyte.com/partner/176,none,Manhattan,NY,"[""upscale"",""classy"",""romantic""]",[],lily-of-the-valley-afternoon-t-1432
27,Limusina,limusinanyc,https://lumina.viberyte.com/partner/27,none,Manhattan,NY,"[""vibrant"",""trendy"",""casual""]","[""latin"",""reggaeton""]",limusina-67
149,"Little Charlie NYC",littlecharlinyc,https://lumina.viberyte.com/partner/149,none,Manhattan,NY,"[""cozy"",""trendy"",""instagram-worthy""]",[],little-charlie-nyc-1181
575,"Little Dipper",littledippernyc,https://lumina.viberyte.com/partner/575,none,Manhattan,NY,"[""fun"",""energetic"",""social"",""vibrant""]","[""hip-hop"",""r&b""]",little-dipper-2824
1448,"Little More",littlemorenyc,https://lumina.viberyte.com/partner/1448,none,Manhattan,,"[""vibrant"",""energetic"",""social"",""lively""]","[""hip-hop"",""r&b"",""afrobeats"",""dancehall""]",little-more-11568
1449,"Locust Grove",locustgrovehistoricsite,https://lumina.viberyte.com/partner/1449,none,Manhattan,,"[""lively"",""energetic"",""trendy"",""social""]","[""hip-hop"",""r&b"",""afrobeats"",""dancehall""]",locust-grove-11569
1886,"Loi Estiatorio",loiestiatorio,https://lumina.viberyte.com/partner/1886,none,Manhattan,NY,"[""upscale"", ""romantic""]",,loi-estiatorio-12783
1095,"Lola Taverna",lolataverna,https://lumina.viberyte.com/partner/1095,none,Manhattan,NY,,[],lola-taverna-10849
31,"Los Tacos No. 1",lostacos1,https://lumina.viberyte.com/partner/31,none,Manhattan,NY,"[""vibrant"",""casual""]",[],los-tacos-no-1-116
1849,"Lucky Cat",izakaya.luckycat,https://lumina.viberyte.com/partner/1849,none,Manhattan,NY,"[""intimate"", ""trendy""]",,lucky-cat-12746
1710,"MAD Bar and Lounge",madbarnyc,https://lumina.viberyte.com/partner/1710,none,Manhattan,NY,"[""upscale"", ""intimate""]",,mad-bar-and-lounge-12607
1909,"Macao Trading Company",macaonyc,https://lumina.viberyte.com/partner/1909,none,Manhattan,NY,"[""upscale"", ""trendy""]",,macao-trading-company-12806
1709,Mace,macebarnyc,https://lumina.viberyte.com/partner/1709,none,Manhattan,NY,"[""intimate"", ""trendy""]",,mace-12606
1812,"Madam Ji Ki Shaadi",madamjinyc,https://lumina.viberyte.com/partner/1812,none,Manhattan,NY,"[""upscale"", ""trendy""]",,madam-ji-ki-shaadi-12709
577,"Madam Mikette's",madammikettesnewyorkcity,https://lumina.viberyte.com/partner/577,none,Manhattan,NY,"[""vibrant"",""cozy"",""hidden-gem""]","[""hip-hop"",""r&b"",""afrobeats""]",madam-mikette-s-2827
535,"Madame George",madamegeorgenyc,https://lumina.viberyte.com/partner/535,none,Manhattan,NY,"[""lively"",""trendy"",""fun"",""inclusive""]",[],madame-george-2757
1663,"Madame X",madamexnyc,https://lumina.viberyte.com/partner/1663,none,Manhattan,NY,"[""intimate"", ""lively""]",,madame-x-12560
1804,"Madras Dosa Co. - Midtown East",madrasdosaco,https://lumina.viberyte.com/partner/1804,none,Manhattan,NY,"[""casual"", ""cultural""]",,madras-dosa-co-midtown-east-12701
1451,"Magic Hour Rooftop Bar & Lounge",moxytimessquare,https://lumina.viberyte.com/partner/1451,none,Manhattan,,,"[""mixed""]",magic-hour-rooftop-bar-lounge-11580
1736,"Malecon Restaurant (175th Street)",maleconrestaurant,https://lumina.viberyte.com/partner/1736,none,Manhattan,NY,"[""casual"", ""cultural""]",,malecon-restaurant-175th-stree-12633
1832,"Malii Gramercy",maliigramercy,https://lumina.viberyte.com/partner/1832,none,Manhattan,NY,"[""upscale"", ""intimate""]",,malii-gramercy-12729
1871,"Mama Mezze",mamamezzenyc,https://lumina.viberyte.com/partner/1871,none,Manhattan,NY,"[""upscale"", ""lively""]",,mama-mezze-12768
1452,"Margaritaville LandShark",margaritaville,https://lumina.viberyte.com/partner/1452,none,Manhattan,,,House,margaritaville-landshark-11585
25,"Market Table",markettablenyc,https://lumina.viberyte.com/partner/25,none,Manhattan,NY,"[""cozy"",""vibrant"",""trendy""]",[],market-table-21
1037,"Marlos Cocktail Lounge",official_clubmarlos,https://lumina.viberyte.com/partner/1037,none,Manhattan,NY,,"dance,electronic",marlos-cocktail-lounge-3769
271,"Marlow East",marlowues,https://lumina.viberyte.com/partner/271,none,Manhattan,NY,"[""modern"",""upscale""]",[],marlow-east-2415
1757,"Masseria Dei Vini",masseriadeivini,https://lumina.viberyte.com/partner/1757,none,Manhattan,NY,"[""upscale"", ""romantic""]",,masseria-dei-vini-12654
1688,Mayamezcal,maya.mezcal,https://lumina.viberyte.com/partner/1688,none,Manhattan,NY,"[""intimate"", ""trendy""]",,mayamezcal-12585
537,"McSorley’s Old Ale House",mcsorleysoldalehouse,https://lumina.viberyte.com/partner/537,none,Manhattan,NY,"[""historic"",""cozy"",""unpretentious""]","[""mixed""]",mcsorley-s-old-ale-house-2759
125,"Meduza Mediterrania",meduzamediterrania,https://lumina.viberyte.com/partner/125,none,Manhattan,NY,"[""upscale"",""romantic"",""trendy""]","[""live-music""]",meduza-mediterrania-1024
1454,Megu,meguworldwide,https://lumina.viberyte.com/partner/1454,none,Manhattan,,"[""upscale"",""vibrant"",""exclusive"",""energetic""]","[""hip-hop"",""edm"",""top-40""]",megu-11590
1455,"Mehanata Bar",mehanata,https://lumina.viberyte.com/partner/1455,none,Manhattan,,,Afrobeats,mehanata-bar-11591
1839,Meijin,meijinramenofficial,https://lumina.viberyte.com/partner/1839,none,Manhattan,NY,"[""upscale"", ""trendy""]",,meijin-12736
156,Meili,chilimeili,https://lumina.viberyte.com/partner/156,none,Manhattan,NY,"[""vibrant"",""casual"",""social""]","[""mixed""]",meili-1292
1097,Melbas,melbasrestaurant,https://lumina.viberyte.com/partner/1097,none,Manhattan,NY,,"[""live-band""]",melbas-10852
46,"Mercury Lounge",mercuryeast,https://lumina.viberyte.com/partner/46,none,Manhattan,NY,"[""intimate"",""vibrant"",""casual""]","[""afrobeats"",""edm"",""hip-hop"",""house"",""live-band"",""live-jazz"",""r&b""]",mercury-lounge-231
1864,"Mermaid Oyster Bar Times Square",themermaidnyc,https://lumina.viberyte.com/partner/1864,none,Manhattan,NY,"[""upscale"", ""lively""]",,mermaid-oyster-bar-times-squar-12761
61,Metropolis,metropolisbymarcus,https://lumina.viberyte.com/partner/61,none,Manhattan,NY,"[""vibrant"",""upscale"",""trendy"",""classy""]","[""live-music"",""hip-hop"",""r&b""]",metropolis-342
1689,Mezcali,mezcalifidi,https://lumina.viberyte.com/partner/1689,none,Manhattan,NY,"[""romantic"", ""intimate""]",,mezcali-12586
205,"Mia’s Cocina",mias_cocina,https://lumina.viberyte.com/partner/205,none,Manhattan,NY,"[""warm"",""inviting"",""community-oriented""]","[""latin""]",mia-s-cocina-1677
1704,"Midnight Blue",midnightblue_nyc,https://lumina.viberyte.com/partner/1704,none,Manhattan,NY,"[""intimate"", ""upscale""]",,midnight-blue-12601
1853,"Mido Omakase - West Village",mido.omakaseroom,https://lumina.viberyte.com/partner/1853,none,Manhattan,NY,"[""upscale"", ""intimate""]",,mido-omakase-west-village-12750
62,"Mikiya New York",chubbycattlehospitality,https://lumina.viberyte.com/partner/62,none,Manhattan,NY,"[""trendy"",""upscale"",""casual""]",[],mikiya-new-york-368
237,"Milano Market",milanomarketnyc,https://lumina.viberyte.com/partner/237,none,Manhattan,NY,"[""bustling"",""friendly"",""casual""]",[],milano-market-2089
616,"Minetta Tavern",minettatavernny,https://lumina.viberyte.com/partner/616,none,Manhattan,NY,,[],minetta-tavern-2896
130,"Minuto Bauli",minutobauli,https://lumina.viberyte.com/partner/130,none,Manhattan,NY,"[""cozy"",""inviting""]",[],minuto-bauli-1045
128,Mira,miranyc34,https://lumina.viberyte.com/partner/128,none,Manhattan,NY,"[""trendy"",""vibrant"",""lively"",""upscale""]","[""hip-hop"",""r&b"",""afrobeats""]",mira-1040
1673,"Miss Lily's 7A Cafe",misslilys,https://lumina.viberyte.com/partner/1673,none,Manhattan,NY,"[""casual"", ""lively""]",,miss-lily-s-7a-cafe-12570
1731,"Miss Mamie's Spoonbread Too",missmamiesspoonbreadtoo,https://lumina.viberyte.com/partner/1731,none,Manhattan,NY,"[""casual"", ""cultural""]",,miss-mamie-s-spoonbread-too-12628
185,"Miss Nellie’s Victorian Theme Restaurant",missnelliesnyc,https://lumina.viberyte.com/partner/185,none,Manhattan,NY,"[""cozy"",""charming"",""inviting""]","[""mixed""]",miss-nellie-s-victorian-theme--1533
1825,"Mitr Thai Restaurant",mitrthainyc,https://lumina.viberyte.com/partner/1825,none,Manhattan,NY,"[""upscale"", ""intimate""]",,mitr-thai-restaurant-12722
86,"Mojito by David Burke",dbtavern,https://lumina.viberyte.com/partner/86,none,Manhattan,NY,"[""intimate"",""romantic"",""upscale"",""trendy""]",[],mojito-by-david-burke-658
195,"Moka Matcha",mokacocoffee,https://lumina.viberyte.com/partner/195,none,Manhattan,NY,"[""cozy"",""vibrant"",""instagram-worthy""]",[],moka-matcha-1583
621,"Mom's Kitchen and Bar",momsmidtown,https://lumina.viberyte.com/partner/621,none,Manhattan,NY,,[],mom-s-kitchen-and-bar-2901
1915,"Momofuku Ko",superpeach,https://lumina.viberyte.com/partner/1915,none,Manhattan,NY,"[""upscale"", ""intimate""]",,momofuku-ko-12812
602,"Monkey Bar",thenycmonkeybar,https://lumina.viberyte.com/partner/602,none,Manhattan,NY,"[""upscale"",""lively"",""trendy"",""vibrant""]","[""live-band""]",monkey-bar-2876
1899,Monterey,monterey_nyc,https://lumina.viberyte.com/partner/1899,none,Manhattan,NY,"[""upscale"", ""date_night""]",,monterey-12796
117,"Morton’s Steakhouse",mortonssteak,https://lumina.viberyte.com/partner/117,none,Manhattan,NY,"[""upscale"",""classy"",""romantic""]",[],morton-s-steakhouse-993
36,Motek,motekcafe,https://lumina.viberyte.com/partner/36,none,Manhattan,NY,"[""vibrant"",""upscale"",""trendy"",""social""]",[],motek-165
161,"Ms. Kim's",ms.kims.nyc,https://lumina.viberyte.com/partner/161,none,Manhattan,NY,"[""vibrant"",""trendy"",""classy""]","[""mixed""]",ms-kim-s-1345
49,"Mulberry St Cigars",mulberrystcigars,https://lumina.viberyte.com/partner/49,none,Manhattan,NY,"[""upscale"",""chill"",""classy""]","[""hip-hop""]",mulberry-st-cigars-238
248,"Murray’s Cheese Shop",murrayscheese,https://lumina.viberyte.com/partner/248,none,Manhattan,NY,"[""cozy"",""intimate""]",[],murray-s-cheese-shop-2159
120,Musaek,wixstudio,https://lumina.viberyte.com/partner/120,none,Manhattan,NY,"[""vibrant"",""trendy"",""casual"",""lively""]","[""mixed""]",musaek-1002
1457,"Music For A While",musicforawhile.nyc,https://lumina.viberyte.com/partner/1457,none,Manhattan,,"[""intimate"",""cozy"",""hidden-gem""]","[""jazz"",""live-music""]",music-for-a-while-11599
1381,"Musica Club NYC",musicanyc,https://lumina.viberyte.com/partner/1381,none,Manhattan,,,R&B,musica-club-nyc-11375
81,"Mustrd Restaurant",mustardindianeatery,https://lumina.viberyte.com/partner/81,none,Manhattan,NY,"[""vibrant"",""cozy"",""friendly""]",[],mustrd-restaurant-603
95,"My fav bar",pocketbarnyc,https://lumina.viberyte.com/partner/95,none,Manhattan,NY,"[""cozy"",""vibrant"",""intimate""]","[""afrobeats"",""hip-hop"",""house""]",my-fav-bar-723
1887,"NAR Modern Turkish Cuisine",narrestaurantnyc,https://lumina.viberyte.com/partner/1887,none,Manhattan,NY,"[""upscale"", ""romantic""]",,nar-modern-turkish-cuisine-12784
568,"NOTHING REALLY MATTERS",nothingreallymattersbar,https://lumina.viberyte.com/partner/568,none,Manhattan,NY,"[""lively"",""trendy"",""casual"",""social""]","[""hip-hop"",""afrobeats"",""dancehall""]",nothing-really-matters-2812
1570,"NUBIANI - Koreatown",nubiani.nyc,https://lumina.viberyte.com/partner/1570,none,Manhattan,NY,"[""upscale"", ""casual""]",,nubiani-koreatown-12467
167,"NY Willy Wall",nywillywall,https://lumina.viberyte.com/partner/167,none,Manhattan,NY,"[""vibrant"",""casual"",""social"",""relaxed""]","[""latin"",""live-jazz""]",ny-willy-wall-1400
208,"Native Harlem",native125th,https://lumina.viberyte.com/partner/208,none,Manhattan,NY,"[""vibrant"",""energetic"",""trendy"",""upscale""]","[""hip-hop"",""afrobeats"",""r&b"",""live-music""]",native-harlem-1714
1352,"Nebula NYC",nebulanewyork,https://lumina.viberyte.com/partner/1352,none,Manhattan,,,"[""mixed""]",nebula-nyc-11279
169,Nerai,nerainyc,https://lumina.viberyte.com/partner/169,none,Manhattan,NY,"[""upscale"",""romantic"",""trendy""]",[],nerai-1402
1458,"New York has to offer",newyorklife,https://lumina.viberyte.com/partner/1458,none,Manhattan,,"[""vibrant"",""energetic"",""social"",""lively""]","[""hip-hop"",""r&b"",""afrobeats"",""live-music""]",new-york-has-to-offer-11603
262,Nizuc,nizuc_nyc,https://lumina.viberyte.com/partner/262,none,Manhattan,NY,"[""warm"",""inviting"",""trendy""]","[""latino"",""chill"",""acoustic""]",nizuc-2358
1705,"No Work Allowed",noworkallowednyc,https://lumina.viberyte.com/partner/1705,none,Manhattan,NY,"[""intimate"", ""cultural""]",,no-work-allowed-12602
256,"Nobu Fifty Seven",noburestaurants,https://lumina.viberyte.com/partner/256,none,Manhattan,NY,"[""intimate"",""chill""]",[],nobu-fifty-seven-2299
1762,"Norma Hell's Kitchen",norma.gastronomia.siciliana,https://lumina.viberyte.com/partner/1762,none,Manhattan,NY,"[""casual"", ""date_night""]",,norma-hell-s-kitchen-12659
1687,Nubeluz,nubeluzbyjose,https://lumina.viberyte.com/partner/1687,none,Manhattan,NY,"[""upscale"", ""rooftop""]",,nubeluz-12584
1363,Nublu,nublunyc,https://lumina.viberyte.com/partner/1363,none,Manhattan,,"[""vibrant"",""eclectic"",""intimate""]","[""live-music"",""jazz"",""eclectic""]",nublu-11311
1890,"Nusr-Et Steakhouse New York",wearenusret,https://lumina.viberyte.com/partner/1890,none,Manhattan,NY,"[""upscale"", ""date_night""]",,nusr-et-steakhouse-new-york-12787
1780,Nuyores,nuyores,https://lumina.viberyte.com/partner/1780,none,Manhattan,NY,"[""upscale"", ""trendy""]",,nuyores-12677
1670,"Nuyorican Poets Cafe",nuyoricanpoetscafe,https://lumina.viberyte.com/partner/1670,none,Manhattan,NY,"[""cultural"", ""lively""]",,nuyorican-poets-cafe-12567
1908,OBAO,obao_ny,https://lumina.viberyte.com/partner/1908,none,Manhattan,NY,"[""upscale"", ""trendy""]",,obao-12805
586,"OLIO E PIÙ",olioepiu,https://lumina.viberyte.com/partner/586,none,Manhattan,NY,,[],olio-e-pi-2854
1868,Oceana,oceananyc,https://lumina.viberyte.com/partner/1868,none,Manhattan,NY,"[""upscale"", ""romantic""]",,oceana-12765
1867,Oceans,oceansnewyork,https://lumina.viberyte.com/partner/1867,none,Manhattan,NY,"[""upscale"", ""date_night""]",,oceans-12764
887,"Off the Wagon",sharehousechs,https://lumina.viberyte.com/partner/887,none,Manhattan,NJ,,"hip-hop,top-40",off-the-wagon-3428
1774,Ofrenda,ofrendanyc,https://lumina.viberyte.com/partner/1774,none,Manhattan,NY,"[""intimate"", ""date_night""]",,ofrenda-12671
1644,"Oiji Mi",oiji.mi,https://lumina.viberyte.com/partner/1644,none,Manhattan,NJ,"[""upscale"", ""romantic""]",,oiji-mi-12541
540,"Old Town Bar",theoldtownbarnyc,https://lumina.viberyte.com/partner/540,none,Manhattan,NY,"[""historic"",""vibrant"",""casual""]","[""mixed""]",old-town-bar-2763
65,"Olly Olly Market",bar.avant,https://lumina.viberyte.com/partner/65,none,Manhattan,NY,"[""vibrant"",""casual"",""welcoming""]",[],olly-olly-market-379
1854,"Omakase Room by Shin",omakaseroom_us,https://lumina.viberyte.com/partner/1854,none,Manhattan,NY,"[""upscale"", ""intimate""]",,omakase-room-by-shin-12751
1851,"Omakase by Kun Tsuki",kuntsukiomakase,https://lumina.viberyte.com/partner/1851,none,Manhattan,NY,"[""upscale"", ""intimate""]",,omakase-by-kun-tsuki-12748
1664,"Omar's Kitchen and Rum Bar",omarskitchennyc,https://lumina.viberyte.com/partner/1664,none,Manhattan,NY,"[""lively"", ""casual""]",,omar-s-kitchen-and-rum-bar-12561
601,"One if by Land, Two if by Sea",oneifbylandnyc,https://lumina.viberyte.com/partner/601,none,Manhattan,NY,,[],one-if-by-land-two-if-by-sea-2875
142,"One40 Rooftop",one40rooftop,https://lumina.viberyte.com/partner/142,none,Manhattan,NY,"[""upscale"",""trendy"",""instagram-worthy"",""vibrant""]","[""top-40""]",one40-rooftop-1146
1837,"Ootoya Times Square",ootoyanyc,https://lumina.viberyte.com/partner/1837,none,Manhattan,NY,"[""upscale"", ""intimate""]",,ootoya-times-square-12734
258,Oso,oso_harlem,https://lumina.viberyte.com/partner/258,none,Manhattan,NY,"[""cozy"",""chill""]","[""latino"",""pop"",""chill""]",oso-2318
1741,"Osteria Barocca",osteria.barocca,https://lumina.viberyte.com/partner/1741,none,Manhattan,NY,"[""upscale"", ""date_night""]",,osteria-barocca-12638
1533,"Osteria Carlina Tribeca",osteriacarlina,https://lumina.viberyte.com/partner/1533,none,Manhattan,NY,"[""upscale"", ""romantic""]",,osteria-carlina-tribeca-12430
597,"Osteria La Baia",labaianyc,https://lumina.viberyte.com/partner/597,none,Manhattan,NY,,[],osteria-la-baia-2869
527,"Outer Heaven",outerheaven.nyc,https://lumina.viberyte.com/partner/527,none,Manhattan,NY,,"[""hip-hop"",""edm""]",outer-heaven-2740
23,Overstory,overstory,https://lumina.viberyte.com/partner/23,none,Manhattan,NY,"[""upscale"",""trendy"",""instagram-worthy"",""lively""]","[""hip-hop"",""top-40""]",overstory-19
1770,Oyamel,oyamelbyjose,https://lumina.viberyte.com/partner/1770,none,Manhattan,NY,"[""upscale"", ""trendy""]",,oyamel-12667
1916,"PARK AVE KITCHEN BY DAVID BURKE",parkavekitchenbydb,https://lumina.viberyte.com/partner/1916,none,Manhattan,NY,"[""upscale"", ""trendy""]",,park-ave-kitchen-by-david-burk-12813
1794,"Palermo Argentinian Bistro - NYC",palermoargentinianbistrohk,https://lumina.viberyte.com/partner/1794,none,Manhattan,NY,"[""intimate"", ""cultural""]",,palermo-argentinian-bistro-nyc-12691
1792,"Palermo Argentinian Bistro Gramercy",palermobistrogramercy,https://lumina.viberyte.com/partner/1792,none,Manhattan,NY,"[""upscale"", ""lively""]",,palermo-argentinian-bistro-gra-12689
1917,"Palm Street",palmstreet.nyc,https://lumina.viberyte.com/partner/1917,none,Manhattan,NY,"[""upscale"", ""trendy""]",,palm-street-12814
1460,"Paris Cafe",mylittlepariscafeplay,https://lumina.viberyte.com/partner/1460,none,Manhattan,,,House,paris-cafe-11613
1904,"Parker & Quinn",parkerandquinn,https://lumina.viberyte.com/partner/1904,none,Manhattan,NY,"[""upscale"", ""trendy""]",,parker-quinn-12801
168,Passerine,passerinenyc,https://lumina.viberyte.com/partner/168,none,Manhattan,NY,"[""upscale"",""trendy"",""romantic""]",[],passerine-1401
1761,Pastagasm,pastagasmnyc,https://lumina.viberyte.com/partner/1761,none,Manhattan,NY,"[""casual"", ""trendy""]",,pastagasm-12658
1101,"Patent Pending",patentpendingnyc,https://lumina.viberyte.com/partner/1101,none,Manhattan,NY,"[""vibrant"",""trendy"",""social""]","[""live-music"",""pop""]",patent-pending-10859
106,"Peak Restaurant & Bar",peakwithpriceless,https://lumina.viberyte.com/partner/106,none,Manhattan,NY,"[""upscale"",""romantic"",""instagram-worthy""]",[],peak-restaurant-bar-814
1722,"Penthouse on Park",parkavetavern,https://lumina.viberyte.com/partner/1722,none,Manhattan,NY,"[""upscale"", ""rooftop""]",,penthouse-on-park-12619
595,"Per Se",chefthomaskeller,https://lumina.viberyte.com/partner/595,none,Manhattan,NY,,[],per-se-2865
1692,Petite,petite__nyc,https://lumina.viberyte.com/partner/1692,none,Manhattan,NY,"[""lively"", ""trendy""]",,petite-12589
1461,Pianos,pianosnyc,https://lumina.viberyte.com/partner/1461,none,Manhattan,,,"[""mixed""]",pianos-11618
234,"Pier 17 Roof",rooftopatpier17,https://lumina.viberyte.com/partner/234,none,Manhattan,NY,"[""vibrant"",""instagram-worthy"",""energetic""]","[""live-music"",""pop""]",pier-17-roof-2054
585,"Pietro Nolita",pietronolita,https://lumina.viberyte.com/partner/585,none,Manhattan,NY,,[],pietro-nolita-2851
1690,"Pineapple Club",pineappleclubnyc,https://lumina.viberyte.com/partner/1690,none,Manhattan,NY,"[""lively"", ""brunch_spot""]",,pineapple-club-12587
1776,"Pio Pio 8",piopionyc,https://lumina.viberyte.com/partner/1776,none,Manhattan,NY,"[""casual"", ""family""]",,pio-pio-8-12673
1463,"Planet Hollywood Times Square",planethollywood,https://lumina.viberyte.com/partner/1463,none,Manhattan,,,"[""mixed""]",planet-hollywood-times-square-11620
187,"Point Seven Seafood Focused Restaurant",pointsevennyc,https://lumina.viberyte.com/partner/187,none,Manhattan,NY,"[""upscale"",""romantic"",""trendy""]",[],point-seven-seafood-focused-re-1537
184,"Polly’s Speakeasy",pollysnyc,https://lumina.viberyte.com/partner/184,none,Manhattan,NY,"[""lively"",""social"",""trendy"",""vibrant""]","[""live-jazz""]",polly-s-speakeasy-1525
1779,Popular,popularnyc,https://lumina.viberyte.com/partner/1779,none,Manhattan,NY,"[""upscale"", ""cultural""]",,popular-12676
33,"Popup Bagels",popupbagels,https://lumina.viberyte.com/partner/33,none,Manhattan,NY,"[""vibrant"",""casual""]",[],popup-bagels-132
1747,Portale,portalerestaurant,https://lumina.viberyte.com/partner/1747,none,Manhattan,NY,"[""upscale"", ""romantic""]",,portale-12644
1795,"Porteno Restaurant - Argentinian Cuisine",portenonyc,https://lumina.viberyte.com/partner/1795,none,Manhattan,NY,"[""intimate"", ""cultural""]",,porteno-restaurant-argentinian-12692
240,"Portrait Bar",theportraitbarnyc,https://lumina.viberyte.com/partner/240,none,Manhattan,NY,"[""upscale"",""trendy"",""vibrant"",""social""]","[""live-band""]",portrait-bar-2108
247,"Postcard Bakery",postcard.bakery,https://lumina.viberyte.com/partner/247,none,Manhattan,NY,"[""cozy"",""artistic""]","[""chill-hop"",""acoustic"",""lo-fi""]",postcard-bakery-2155
1464,"Pretty Ricky",prettyrickysbar,https://lumina.viberyte.com/partner/1464,none,Manhattan,,,"[""mixed""]",pretty-ricky-11624
47,"Prince Street Pizza",princestreetpizza,https://lumina.viberyte.com/partner/47,none,Manhattan,NY,"[""iconic"",""vibrant"",""casual""]",[],prince-street-pizza-235
1465,"Printer's Alley",printersalleynyc,https://lumina.viberyte.com/partner/1465,none,Manhattan,,,"Live Music",printer-s-alley-11625
1384,"Proper West",specsbarsf,https://lumina.viberyte.com/partner/1384,none,Manhattan,,,"Live Music",proper-west-11380
1385,"Public House",publichousenyc,https://lumina.viberyte.com/partner/1385,none,Manhattan,,,House,public-house-11381
1680,"Pulperia Latin Mediterranean Kitchen",pulperiatheaterdistrict,https://lumina.viberyte.com/partner/1680,none,Manhattan,NY,"[""upscale"", ""intimate""]",,pulperia-latin-mediterranean-k-12577
1885,Pylos,pylosnyc,https://lumina.viberyte.com/partner/1885,none,Manhattan,NY,"[""upscale"", ""intimate""]",,pylos-12782
1751,"Quality Italian",qualityitalian,https://lumina.viberyte.com/partner/1751,none,Manhattan,NY,"[""upscale"", ""trendy""]",,quality-italian-12648
1102,"RH Rooftop",rh_restorationhardware,https://lumina.viberyte.com/partner/1102,none,Manhattan,NY,,[],rh-rooftop-10860
1897,ROBERT,robertrestaurant,https://lumina.viberyte.com/partner/1897,none,Manhattan,NY,"[""upscale"", ""date_night""]",,robert-12794
543,"RT60 Rooftop Bar & Lounge",hardrockhotels,https://lumina.viberyte.com/partner/543,none,Manhattan,NY,"[""vibrant"",""trendy"",""upscale"",""instagram-worthy""]","[""hip-hop"",""afrobeats""]",rt60-rooftop-bar-lounge-2767
1386,"Racket NY",racketnewyork,https://lumina.viberyte.com/partner/1386,none,Manhattan,,"[""vibrant"",""energetic"",""trendy""]","[""hip-hop"",""r&b"",""live-music""]",racket-ny-11382
1466,"Radio City Music Hall",thegarden,https://lumina.viberyte.com/partner/1466,none,Manhattan,,"[""iconic"",""vibrant"",""energetic""]","[""live-music"",""pop"",""rock""]",radio-city-music-hall-11629
210,"Raf's",rafsnewyork,https://lumina.viberyte.com/partner/210,none,Manhattan,NY,"[""cozy"",""upscale"",""trendy""]",[],raf-s-1719
573,"Raines Law Room Chelsea",raineslawroom,https://lumina.viberyte.com/partner/573,none,Manhattan,NY,"[""intimate"",""upscale"",""cozy"",""hidden-gem""]","[""mixed""]",raines-law-room-chelsea-2820
1845,"Ramen Ishida Chelsea",ramenishida.chelsea,https://lumina.viberyte.com/partner/1845,none,Manhattan,NY,"[""casual"", ""date_night""]",,ramen-ishida-chelsea-12742
1748,"Rampoldi New York",rampoldinewyork,https://lumina.viberyte.com/partner/1748,none,Manhattan,NY,"[""upscale"", ""intimate""]",,rampoldi-new-york-12645
1766,"Rancho Tequileria",ranchoamsterdam,https://lumina.viberyte.com/partner/1766,none,Manhattan,NY,"[""casual"", ""date_night""]",,rancho-tequileria-12663
613,"Red Rooster Harlem",roosterharlem,https://lumina.viberyte.com/partner/613,none,Manhattan,NY,,"[""live-music""]",red-rooster-harlem-2892
1870,"Redeye Grill",redeyegrillnyc,https://lumina.viberyte.com/partner/1870,none,Manhattan,NY,"[""upscale"", ""lively""]",,redeye-grill-12767
525,Retroclubnyc,3895656147223256,https://lumina.viberyte.com/partner/525,none,Manhattan,NY,,"[""mixed""]",retroclubnyc-2724
1797,"Ricardo Steakhouse",ricardosteakhousenyc,https://lumina.viberyte.com/partner/1797,none,Manhattan,NY,"[""lively"", ""group_friendly""]",,ricardo-steakhouse-12694
1467,"Riff Raff",theriffraffclub,https://lumina.viberyte.com/partner/1467,none,Manhattan,,,House,riff-raff-11633
1468,"Rodney's Comedy Club",rodneycomedyclub,https://lumina.viberyte.com/partner/1468,none,Manhattan,,"[""lively"",""social"",""energetic""]","[""live-music""]",rodney-s-comedy-club-11634
1469,Rogue,roguegarms,https://lumina.viberyte.com/partner/1469,none,Manhattan,,"[""vibrant"",""energetic"",""social""]","[""hip-hop"",""dancehall"",""mixed""]",rogue-11635
1671,Rooftop93,rooftop93,https://lumina.viberyte.com/partner/1671,none,Manhattan,NY,"[""upscale"", ""rooftop""]",,rooftop93-12568
239,"Rory’s Rooftop Bar",rorysrooftop,https://lumina.viberyte.com/partner/239,none,Manhattan,NY,"[""cozy"",""vibrant"",""casual"",""social""]","[""mixed""]",rory-s-rooftop-bar-2103
1470,"Rosevale Cocktail Lounge",rosevalecocktailroom,https://lumina.viberyte.com/partner/1470,none,Manhattan,,"[""lively"",""trendy"",""exclusive"",""instagram-worthy""]","[""hip-hop"",""r&b"",""afrobeats""]",rosevale-cocktail-lounge-11637
1387,"Ruby Tuesday",rubytuesday,https://lumina.viberyte.com/partner/1387,none,Manhattan,,"[""lively"",""energetic"",""trendy"",""social""]","[""hip-hop"",""r&b"",""pop"",""dancehall""]",ruby-tuesday-11384
542,"Rudy's Bar & Grill",rudysbar,https://lumina.viberyte.com/partner/542,none,Manhattan,NY,"[""vibrant"",""casual"",""iconic""]","[""live-band""]",rudy-s-bar-grill-2766
1716,Ruffian,ruffian_nyc,https://lumina.viberyte.com/partner/1716,none,Manhattan,NY,"[""intimate"", ""upscale""]",,ruffian-12613
1666,"Rumpus Room",rumpusroomnyc,https://lumina.viberyte.com/partner/1666,none,Manhattan,NY,"[""trendy"", ""lively""]",,rumpus-room-12563
1821,"SEOUL SALON NYC",seoulsalon.nyc,https://lumina.viberyte.com/partner/1821,none,Manhattan,NY,"[""trendy"", ""intimate""]",,seoul-salon-nyc-12718
1840,"SHOGUN OMAKASE | Manhattan Sushi Restaurant",shogunomakase,https://lumina.viberyte.com/partner/1840,none,Manhattan,NY,"[""upscale"", ""intimate""]",,shogun-omakase-manhattan-sushi-12737
929,"STK Rooftop",eatstk,https://lumina.viberyte.com/partner/929,none,Manhattan,NJ,"[""trendy"",""upscale"",""vibrant"",""instagram-worthy""]","[""hip-hop"",""r&b"",""pop"",""dancehall""]",stk-rooftop-3516
1809,"Saar Indian Cuisine & Bar",saarnyc,https://lumina.viberyte.com/partner/1809,none,Manhattan,NY,"[""upscale"", ""trendy""]",,saar-indian-cuisine-bar-12706
553,"Sahara East",saharaeastnyc,https://lumina.viberyte.com/partner/553,none,Manhattan,NY,"[""vibrant"",""social"",""energetic""]","[""hip-hop"",""afrobeats"",""reggaeton""]",sahara-east-2787
242,"Sahola Coffee",saholaflowers,https://lumina.viberyte.com/partner/242,none,Manhattan,NY,"[""cozy"",""hidden-gem"",""serene""]",[],sahola-coffee-2134
1829,"SaiTong Thai",saitong.thai,https://lumina.viberyte.com/partner/1829,none,Manhattan,NY,"[""casual"", ""intimate""]",,saitong-thai-12726
1834,Sakagura,sakagurany,https://lumina.viberyte.com/partner/1834,none,Manhattan,NY,"[""intimate"", ""date_night""]",,sakagura-12731
115,"Sake No Hana",taogrouphospitality,https://lumina.viberyte.com/partner/115,none,Manhattan,NY,"[""upscale"",""romantic"",""trendy""]",[],sake-no-hana-962
1831,"Samsaen Thai",samsaenthai,https://lumina.viberyte.com/partner/1831,none,Manhattan,NY,"[""upscale"", ""intimate""]",,samsaen-thai-12728
1355,"San Antonios",sanantoniosnyc,https://lumina.viberyte.com/partner/1355,none,Manhattan,,"[""lively"",""vibrant"",""energetic""]","[""latin"",""reggaeton"",""live-music""]",san-antonios-11287
563,"Sandbar Rooftop",sandbarrooftop,https://lumina.viberyte.com/partner/563,none,Manhattan,NY,,"[""house"",""top-40""]",sandbar-rooftop-2803
532,"Sapphire 39",sapphireclubny,https://lumina.viberyte.com/partner/532,none,Manhattan,NY,"[""lively"",""energetic"",""sexy"",""vibrant""]","[""hip-hop"",""r&b"",""afrobeats""]",sapphire-39-2754
1471,"Sapphire Lounge",chase,https://lumina.viberyte.com/partner/1471,none,Manhattan,,"[""upscale"",""trendy"",""vibrant"",""lively"",""sexy""]","[""hip-hop"",""r&b"",""afrobeats""]",sapphire-lounge-11644
1742,Scarpetta,scarpettarestaurants,https://lumina.viberyte.com/partner/1742,none,Manhattan,NY,"[""upscale"", ""date_night""]",,scarpetta-12639
1728,"Sea To Soul Harlem",s2sharlemfanpage,https://lumina.viberyte.com/partner/1728,none,Manhattan,NY,"[""cultural"", ""intimate""]",,sea-to-soul-harlem-12625
1907,"Sei Less",seilessnyc,https://lumina.viberyte.com/partner/1907,none,Manhattan,NY,"[""upscale"", ""trendy""]",,sei-less-12804
1472,"Shay & Ivy",shay_maz_aesthetics,https://lumina.viberyte.com/partner/1472,none,Manhattan,,"[""vibrant"",""energetic"",""social""]","[""hip-hop"",""afrobeats"",""reggaeton""]",shay-ivy-11648
1662,Shrine,joshuaquddusmusic,https://lumina.viberyte.com/partner/1662,none,Manhattan,NY,"[""lively"", ""cultural""]",,shrine-12559
1873,Shuka,shukanyc,https://lumina.viberyte.com/partner/1873,none,Manhattan,NY,"[""upscale"", ""trendy""]",,shuka-12770
1876,Shukette,shukettenyc,https://lumina.viberyte.com/partner/1876,none,Manhattan,NY,"[""upscale"", ""lively""]",,shukette-12773
1743,"Sicily Osteria",sicilynyc,https://lumina.viberyte.com/partner/1743,none,Manhattan,NY,"[""upscale"", ""date_night""]",,sicily-osteria-12640
1473,"Sir Henri Rooftop",sirhenrysnyc,https://lumina.viberyte.com/partner/1473,none,Manhattan,,"[""vibrant"",""upscale"",""trendy"",""energetic"",""instagram-worthy""]","[""hip-hop"",""r&b"",""pop"",""dancehall""]",sir-henri-rooftop-11650
272,"Smith & Wollensky",smithwollenskynyc,https://lumina.viberyte.com/partner/272,none,Manhattan,NY,"[""upscale"",""professional""]",[],smith-wollensky-2420
1756,"Sogno Toscano Cafe´& Wine Bar",sognotoscano,https://lumina.viberyte.com/partner/1756,none,Manhattan,NY,"[""upscale"", ""intimate""]",,sogno-toscano-cafe-wine-bar-12653
1818,"Soju Haus",sojuhaus,https://lumina.viberyte.com/partner/1818,none,Manhattan,NY,"[""lively"", ""late_night""]",,soju-haus-12715
1389,"Sons of Essex",essexrestaurant.nyc,https://lumina.viberyte.com/partner/1389,none,Manhattan,,"[""lively"",""trendy"",""upscale"",""energetic""]","[""hip-hop"",""r&b"",""pop"",""dancehall""]",sons-of-essex-11389
1390,"Sony Hall",sonyhall,https://lumina.viberyte.com/partner/1390,none,Manhattan,,,"House,Live Music",sony-hall-11390
1892,"Sophra Grill",sophra535grill,https://lumina.viberyte.com/partner/1892,none,Manhattan,NY,"[""casual"", ""family""]",,sophra-grill-12789
188,"Spicymoon Vegan Szechuan Cuisine",spicymoonnyc,https://lumina.viberyte.com/partner/188,none,Manhattan,NY,"[""vibrant"",""cozy"",""lively""]",[],spicymoon-vegan-szechuan-cuisi-1541
211,Spritz,spritznewyork,https://lumina.viberyte.com/partner/211,none,Manhattan,NY,"[""vibrant"",""social"",""festive""]","[""mixed""]",spritz-1766
561,"Spyglass Rooftop Bar",archerhotelnewyork,https://lumina.viberyte.com/partner/561,none,Manhattan,NY,,"[""top-40""]",spyglass-rooftop-bar-2799
550,"St. Cloud Rooftop",theknicknyc,https://lumina.viberyte.com/partner/550,none,Manhattan,NY,,"[""house""]",st-cloud-rooftop-2778
951,"Starchild Rooftop Bar & Lounge",starchildrooftop,https://lumina.viberyte.com/partner/951,none,Manhattan,NJ,,"house,lounge",starchild-rooftop-bar-lounge-3560
1910,Steam,steam_nyc,https://lumina.viberyte.com/partner/1910,none,Manhattan,NY,"[""upscale"", ""cultural""]",,steam-12807
1367,"Stone Street Tavern",stonesttavern,https://lumina.viberyte.com/partner/1367,none,Manhattan,,,House,stone-street-tavern-11328
583,"Strangelove Bar Nyc",strangelovebar,https://lumina.viberyte.com/partner/583,none,Manhattan,NY,"[""vibrant"",""energetic"",""lively""]","[""hip-hop"",""dancehall"",""house""]",strangelove-bar-nyc-2845
32,"Strip Steakhouse Speakeasy",striphouseofficial,https://lumina.viberyte.com/partner/32,none,Manhattan,NY,"[""upscale"",""trendy"",""hidden-gem"",""vibrant""]","[""live-music"",""jazz""]",strip-steakhouse-speakeasy-126
15,"Sugar Monk",sugarmonknyc,https://lumina.viberyte.com/partner/15,none,Manhattan,NJ,"[""trendy"",""lively"",""vibrant"",""instagram-worthy""]","[""hip-hop"",""afrobeats"",""live-music""]",sugarmonk01
1474,"Sugar Mouse",SUGARMOUSE.NYC,https://lumina.viberyte.com/partner/1474,none,Manhattan,,,Latin,sugar-mouse-11659
1708,Superbueno,superbuenonyc,https://lumina.viberyte.com/partner/1708,none,Manhattan,NY,"[""upscale"", ""trendy""]",,superbueno-12605
606,"Supper Club NYC",supperclub_nyc,https://lumina.viberyte.com/partner/606,none,Manhattan,NY,"[""intimate"",""vibrant"",""upscale"",""trendy""]","[""hip-hop"",""r&b"",""live-band""]",supper-club-nyc-2882
1842,"Suram Sushi & Ramen",suramnyc,https://lumina.viberyte.com/partner/1842,none,Manhattan,NY,"[""upscale"", ""intimate""]",,suram-sushi-ramen-12739
1856,"Sushi Makoto - Omakase",sushimakoto_omakase,https://lumina.viberyte.com/partner/1856,none,Manhattan,NY,"[""upscale"", ""intimate""]",,sushi-makoto-omakase-12753
1841,"Sushi of Gari 46",sushi.of.gari,https://lumina.viberyte.com/partner/1841,none,Manhattan,NY,"[""upscale"", ""intimate""]",,sushi-of-gari-46-12738
1094,"Swan Room",swanroomnyc,https://lumina.viberyte.com/partner/1094,none,Manhattan,NY,,"[""mixed""]",swan-room-10847
1475,"Sweetwater Social",sweetwaterny,https://lumina.viberyte.com/partner/1475,none,Manhattan,,"[""lively"",""energetic"",""social""]","[""live-music"",""dancehall"",""hip-hop""]",sweetwater-social-11662
612,"Swing 46",swing46nyc,https://lumina.viberyte.com/partner/612,none,Manhattan,NY,,"[""live-jazz""]",swing-46-2891
83,"Sylvia’s",sylvia.ny,https://lumina.viberyte.com/partner/83,none,Manhattan,NY,"[""iconic"",""cozy"",""vibrant""]","[""live-music"",""hip-hop""]",sylvia-s-625
73,"T Lounge NYC",Tloungenyc,https://lumina.viberyte.com/partner/73,none,Manhattan,NY,"[""inclusive"",""vibrant"",""friendly""]","[""dancehall"",""hip-hop"",""house""]",t-lounge-nyc-466
134,"TAN New York City",tannewyorkcity,https://lumina.viberyte.com/partner/134,none,Manhattan,NY,"[""trendy"",""upscale"",""vibrant""]",[],tan-new-york-city-1104
270,"TAO Uptown",taony,https://lumina.viberyte.com/partner/270,none,Manhattan,NY,"[""trendy"",""upscale"",""vibrant""]","[""hip-hop"",""r&b"",""pop"",""electronic""]",tao-uptown-2405
1830,"THEP Thai Restaurant",thepnewyork,https://lumina.viberyte.com/partner/1830,none,Manhattan,NY,"[""upscale"", ""intimate""]",,thep-thai-restaurant-12727
1806,"Tamarind Tribeca",tamarindtribecanyc,https://lumina.viberyte.com/partner/1806,none,Manhattan,NY,"[""upscale"", ""date_night""]",,tamarind-tribeca-12703
539,"Tanner Smith's",tanner_smiths,https://lumina.viberyte.com/partner/539,none,Manhattan,NY,"[""vibrant"",""energetic"",""trendy"",""iconic""]",[],tanner-smith-s-2762
1476,"Tapster Lexington",taphaus,https://lumina.viberyte.com/partner/1476,none,Manhattan,,,"[""mixed""]",tapster-lexington-11669
589,"Tara Rose",tararosenyc,https://lumina.viberyte.com/partner/589,none,Manhattan,NY,,[],tara-rose-2858
1737,"Tasca NYC",tascanyc,https://lumina.viberyte.com/partner/1737,none,Manhattan,NY,"[""upscale"", ""group_friendly""]",,tasca-nyc-12634
1091,Tatiana,tatianabykwame,https://lumina.viberyte.com/partner/1091,none,Manhattan,NY,,"[""afrobeats"",""dancehall"",""live-music""]",tatiana-10844
587,"Tatiana by Kwame Onwuachi",tatianabychefkwame,https://lumina.viberyte.com/partner/587,none,Manhattan,NY,,[],tatiana-by-kwame-onwuachi-2855
1392,"Tavern 29",tavern29,https://lumina.viberyte.com/partner/1392,none,Manhattan,,,R&B,tavern-29-11396
232,"Tavern on the Green",tavernonthegreen,https://lumina.viberyte.com/partner/232,none,Manhattan,NY,"[""romantic"",""upscale"",""iconic""]",[],tavern-on-the-green-2043
116,"Ten 11",sefdyb,https://lumina.viberyte.com/partner/116,none,Manhattan,NY,"[""upscale"",""trendy"",""instagram-worthy"",""cozy"",""romantic""]","[""hip-hop"",""r&b""]",ten-11-986
1393,"Terminal 5",terminal5nyc,https://lumina.viberyte.com/partner/1393,none,Manhattan,,,"[""mixed""]",terminal-5-11397
136,"Thai Diner",thaidiner,https://lumina.viberyte.com/partner/136,none,Manhattan,NY,"[""vibrant"",""trendy"",""casual""]","[""hip-hop"",""pop""]",thai-diner-1107
1826,"Thai Villa",thaivillanyc,https://lumina.viberyte.com/partner/1826,none,Manhattan,NY,"[""upscale"", ""intimate""]",,thai-villa-12723
265,"The Alderman",aldermannyc,https://lumina.viberyte.com/partner/265,none,Manhattan,NY,"[""upscale"",""casual""]","[""indie"",""pop"",""acoustic""]",the-alderman-2381
24,"The Argyle",theargylenyc,https://lumina.viberyte.com/partner/24,none,Manhattan,NY,"[""trendy"",""upscale"",""vibrant"",""social""]","[""hip-hop"",""afrobeats"",""house""]",the-argyle-20
251,"The Atelier Jolie",atelierjolieofficial,https://lumina.viberyte.com/partner/251,none,Manhattan,NY,"[""vibrant"",""artistic"",""cultural""]",[],the-atelier-jolie-2177
223,"The Bazaar by Jose Andres",bazaarbyjose,https://lumina.viberyte.com/partner/223,none,Manhattan,NY,"[""upscale"",""trendy"",""romantic""]",[],the-bazaar-by-jose-andres-1901
1696,"The Bowery Electric",scootinn,https://lumina.viberyte.com/partner/1696,none,Manhattan,NY,"[""lively"", ""trendy""]",,the-bowery-electric-12593
202,"The Cabinet",cabinetmezcalbar,https://lumina.viberyte.com/partner/202,none,Manhattan,NY,"[""intimate"",""trendy"",""vibrant"",""cozy""]","[""mixed""]",the-cabinet-1653
1719,"The Campbell",thecampbellnyc,https://lumina.viberyte.com/partner/1719,none,Manhattan,NY,"[""upscale"", ""intimate""]",,the-campbell-12616
76,"The City Is Ours NYC",nycitycenter,https://lumina.viberyte.com/partner/76,none,Manhattan,NY,"[""intimate"",""trendy"",""vibrant""]","[""live-band"",""hip-hop""]",the-city-is-ours-nyc-504
618,"The Consulate Midtown",theconsulategroup,https://lumina.viberyte.com/partner/618,none,Manhattan,NY,,[],the-consulate-midtown-2898
192,"The Corner Store",thecornerstore,https://lumina.viberyte.com/partner/192,none,Manhattan,NY,"[""trendy"",""vibrant"",""cozy""]","[""hip-hop"",""afrobeats"",""live-music""]",the-corner-store-1560
529,"The DL | Best Rooftop Lounge NYC",thedlnyc,https://lumina.viberyte.com/partner/529,none,Manhattan,NY,,"[""afrobeats"",""hip-hop"",""r&b"",""dancehall"",""soca"",""reggaeton"",""house""]",the-dl-best-rooftop-lounge-nyc-2746
534,"The Dead Rabbit",thedeadrabbitTX,https://lumina.viberyte.com/partner/534,none,Manhattan,NY,"[""vibrant"",""lively"",""social""]","[""hip-hop"",""house""]",the-dead-rabbit-2756
1394,"The Dean NYC",thedeannyc,https://lumina.viberyte.com/partner/1394,none,Manhattan,,,"[""mixed""]",the-dean-nyc-11399
486,"The Delancey",thedelancey,https://lumina.viberyte.com/partner/486,none,Manhattan,NY,,"[""dancehall"",""hip-hop"",""latin"",""reggaeton"",""soca""]",the-delancey-2674
533,"The Dickens",thedickensnyc,https://lumina.viberyte.com/partner/533,none,Manhattan,NY,"[""lively"",""energetic"",""vibrant""]",[],the-dickens-2755
1898,"The Dutch",thedutchnyc,https://lumina.viberyte.com/partner/1898,none,Manhattan,NY,"[""lively"", ""trendy""]",,the-dutch-12795
1730,"The Edge Harlem",theedgeharlem,https://lumina.viberyte.com/partner/1730,none,Manhattan,NY,"[""casual"", ""brunch_spot""]",,the-edge-harlem-12627
1900,"The Elgin",elginnyc,https://lumina.viberyte.com/partner/1900,none,Manhattan,NY,"[""upscale"", ""trendy""]",,the-elgin-12797
551,"The Empire Rooftop",theempirerooftop,https://lumina.viberyte.com/partner/551,none,Manhattan,NY,,"[""hip-hop""]",the-empire-rooftop-2779
175,"The Flatiron Room Murray Hill",theflatironroom_miami,https://lumina.viberyte.com/partner/175,none,Manhattan,NY,"[""upscale"",""lively"",""trendy"",""romantic""]","[""live-band"",""live-jazz""]",the-flatiron-room-murray-hill-1429
614,"The Flatiron Room NoMad",theflatironroom_murrayhill,https://lumina.viberyte.com/partner/614,none,Manhattan,NY,,"[""live-jazz""]",the-flatiron-room-nomad-2894
1478,"The Fleur Room",moxychelsea,https://lumina.viberyte.com/partner/1478,none,Manhattan,,,House,the-fleur-room-11679
28,"The Gatehouses",kingscountydistillery,https://lumina.viberyte.com/partner/28,none,Manhattan,NY,"[""cozy"",""intimate"",""instagram-worthy""]","[""edm"",""hip-hop"",""house"",""soca""]",the-gatehouses-71
227,"The Grid",greatjonesdistillingco,https://lumina.viberyte.com/partner/227,none,Manhattan,NY,"[""vibrant"",""upscale"",""trendy""]","[""live-music"",""jazz""]",the-grid-1959
988,"The Honey Well",thehoneywellnyc,https://lumina.viberyte.com/partner/988,none,Manhattan,NJ,"[""lively"",""trendy"",""social"",""vibrant""]","[""hip-hop"",""r&b"",""afrobeats""]",the-honey-well-3631
962,"The International Brunch Series",intlbrunch,https://lumina.viberyte.com/partner/962,none,Manhattan,NJ,,[],the-international-brunch-serie-3582
1697,"The Iridium",theiridium,https://lumina.viberyte.com/partner/1697,none,Manhattan,NY,"[""intimate"", ""cultural""]",,the-iridium-12594
1718,"The Ivory Peacock",theivorypeacock,https://lumina.viberyte.com/partner/1718,none,Manhattan,NY,"[""upscale"", ""intimate""]",,the-ivory-peacock-12615
1847,"The Izakaya NYC",izakayanyc,https://lumina.viberyte.com/partner/1847,none,Manhattan,NY,"[""intimate"", ""cultural""]",,the-izakaya-nyc-12744
1701,"The Jazz Club at Aman New York",aman,https://lumina.viberyte.com/partner/1701,none,Manhattan,NY,"[""upscale"", ""intimate""]",,the-jazz-club-at-aman-new-york-12598
1814,"The Kunjip",thekunjipnyc,https://lumina.viberyte.com/partner/1814,none,Manhattan,NY,"[""casual"", ""group_friendly""]",,the-kunjip-12711
250,"The Laduree",maisonladuree,https://lumina.viberyte.com/partner/250,none,Manhattan,NY,"[""upscale"",""classy"",""instagram-worthy"",""romantic""]",[],the-laduree-2166
611,"The Lambs Club",thelambsclub,https://lumina.viberyte.com/partner/611,none,Manhattan,NY,,[],the-lambs-club-2890
1902,"The Liberty NYC",thelibertynyc,https://lumina.viberyte.com/partner/1902,none,Manhattan,NY,"[""upscale"", ""trendy""]",,the-liberty-nyc-12799
566,"The Little Shop",thelittleshopny,https://lumina.viberyte.com/partner/566,none,Manhattan,NY,"[""intimate"",""trendy"",""vibrant"",""cozy""]","[""live-jazz"",""live-band""]",the-little-shop-2809
593,"The Modern",themodernnyc,https://lumina.viberyte.com/partner/593,none,Manhattan,NY,,[],the-modern-2863
953,"The Molly Pitcher Club",themollypitcherclubhk,https://lumina.viberyte.com/partner/953,none,Manhattan,NJ,,"[""live-jazz"",""mixed""]",the-molly-pitcher-club-3564
580,"The Monster",monsterbarnyc,https://lumina.viberyte.com/partner/580,none,Manhattan,NY,,"pop,dance,electronic",the-monster-2831
615,"The Nephew Supper Club",djstephstylez,https://lumina.viberyte.com/partner/615,none,Manhattan,NY,,"[""hip-hop"",""r&b""]",the-nephew-supper-club-2895
1713,"The Purple Tongue Wine Bar",thepurpletonguenyc,https://lumina.viberyte.com/partner/1713,none,Manhattan,NY,"[""intimate"", ""lively""]",,the-purple-tongue-wine-bar-12610
1721,"The Ragtrader & Bo Peep Cocktail and Highball Store",ragtraderbopeepnyc,https://lumina.viberyte.com/partner/1721,none,Manhattan,NY,"[""upscale"", ""intimate""]",,the-ragtrader-bo-peep-cocktail-12618
576,"The Rum House",therumhouse,https://lumina.viberyte.com/partner/576,none,Manhattan,NY,"[""vibrant"",""lively"",""social""]",[],the-rum-house-2826
1073,"The Saint Clair",thesaintclairnj,https://lumina.viberyte.com/partner/1073,none,Manhattan,NY,,[],the-saint-clair-3868
1903,"The Shakespeare",theshakespearenyc,https://lumina.viberyte.com/partner/1903,none,Manhattan,NY,"[""casual"", ""trendy""]",,the-shakespeare-12800
546,"The Skylark",theskylarknyc,https://lumina.viberyte.com/partner/546,none,Manhattan,NY,"[""vibrant"",""trendy"",""instagram-worthy"",""lively""]","[""top-40""]",the-skylark-2770
600,"The Terrace and Outdoor Gardens at the Times Square EDITION",terraceatedition,https://lumina.viberyte.com/partner/600,none,Manhattan,NY,,"lounge,ambient",the-terrace-and-outdoor-garden-2874
66,"The Tyger",thetygernyc,https://lumina.viberyte.com/partner/66,none,Manhattan,NY,"[""vibrant"",""trendy"",""social""]","[""mixed""]",the-tyger-389
605,"The View",theviewny,https://lumina.viberyte.com/partner/605,none,Manhattan,NY,,[],the-view-2881
549,"The Wallace Lounge",thewallacehotel,https://lumina.viberyte.com/partner/549,none,Manhattan,NY,"[""cozy"",""intimate"",""relaxed""]","[""r&b"",""live-jazz""]",the-wallace-lounge-2776
572,"The Woo Woo",thewoowoonyc,https://lumina.viberyte.com/partner/572,none,Manhattan,NY,"[""vibrant"",""lively"",""trendy""]","[""hip-hop"",""afrobeats"",""edm""]",the-woo-woo-2817
548,"Theory Lounge & Bar",theorylounge,https://lumina.viberyte.com/partner/548,none,Manhattan,NY,"[""vibrant"",""lively"",""social""]","[""hip-hop"",""r&b"",""house""]",theory-lounge-bar-2774
26,"Three Peaks Lodge",collectiveretreats,https://lumina.viberyte.com/partner/26,none,Manhattan,NY,"[""vibrant"",""upscale"",""romantic"",""instagram-worthy""]","[""live-music""]",three-peaks-lodge-25
965,"Tim McLoone's Supper Club",timmcloonessupperclub,https://lumina.viberyte.com/partner/965,none,Manhattan,NY,,"[""live-music""]",tim-mcloone-s-supper-club-3588
1481,"Tito Murphy's",addictivenyc,https://lumina.viberyte.com/partner/1481,none,Manhattan,,,"Live Music",tito-murphy-s-11693
1763,Toloache,toloachenyc,https://lumina.viberyte.com/partner/1763,none,Manhattan,NY,"[""upscale"", ""lively""]",,toloache-12660
564,"Top of the Strand Rooftop Bar",marriottbonvoy,https://lumina.viberyte.com/partner/564,none,Manhattan,NY,"[""trendy"",""upscale"",""vibrant"",""instagram-worthy""]",[],top-of-the-strand-rooftop-bar-2804
1745,"Trattoria Dell'Arte",trattoriadellarte,https://lumina.viberyte.com/partner/1745,none,Manhattan,NY,"[""upscale"", ""lively""]",,trattoria-dell-arte-12642
1353,"Treadwell Park",treadwellpark,https://lumina.viberyte.com/partner/1353,none,Manhattan,,"[""vibrant"",""social"",""casual""]","[""mixed""]",treadwell-park-11281
145,Tucci,tuccinyc,https://lumina.viberyte.com/partner/145,none,Manhattan,NY,"[""intimate"",""romantic"",""upscale"",""trendy""]",[],tucci-1155
1822,"Turntable LP Bar & Karaoke",turntablelpbar32,https://lumina.viberyte.com/partner/1822,none,Manhattan,NY,"[""lively"", ""group_friendly""]",,turntable-lp-bar-karaoke-12719
171,"Twin Tails",twintails_nyc,https://lumina.viberyte.com/partner/171,none,Manhattan,NY,"[""trendy"",""upscale"",""vibrant""]",[],twin-tails-1419
927,"Two Twenty One Restaurant",twotwentyonenyc,https://lumina.viberyte.com/partner/927,none,Manhattan,NJ,,[],two-twenty-one-restaurant-3513
97,UNLISTED,unlisted.nyc,https://lumina.viberyte.com/partner/97,none,Manhattan,NY,"[""trendy"",""upscale"",""vibrant"",""instagram-worthy"",""hidden-gem""]","[""mixed""]",unlisted-738
1852,"Uka Omakase",ukaomakase,https://lumina.viberyte.com/partner/1852,none,Manhattan,NY,"[""upscale"", ""intimate""]",,uka-omakase-12749
591,"Urban Backyard",urbanbackyardnyc,https://lumina.viberyte.com/partner/591,none,Manhattan,NY,,[],urban-backyard-2861
1706,VALERIE,valerienewyorkcity,https://lumina.viberyte.com/partner/1706,none,Manhattan,NY,"[""upscale"", ""trendy""]",,valerie-12603
114,"VIV Thai",vivthainyc,https://lumina.viberyte.com/partner/114,none,Manhattan,NY,"[""vibrant"",""cozy"",""energetic""]",[],viv-thai-949
1828,"Valla Table",vallatable,https://lumina.viberyte.com/partner/1828,none,Manhattan,NY,"[""upscale"", ""intimate""]",,valla-table-12725
1369,"Various Venues",venues_nyc,https://lumina.viberyte.com/partner/1369,none,Manhattan,,"[""lively"",""trendy"",""vibrant""]","[""hip-hop"",""afrobeats"",""latin""]",various-venues-11333
1482,"Vault Lounge",mgmresortsintl,https://lumina.viberyte.com/partner/1482,none,Manhattan,,,Afrobeats,vault-lounge-11699
736,"Vetro Restaurant & Lounge",vetronyc,https://lumina.viberyte.com/partner/736,none,Manhattan,NY,,[],vetro-restaurant-lounge-3131
1799,"Victor's Cafe Cuban Restaurant",victorscafenyc,https://lumina.viberyte.com/partner/1799,none,Manhattan,NY,"[""lively"", ""cultural""]",,victor-s-cafe-cuban-restaurant-12696
541,"Vida Verde - Tequila Bar",vidaverdenyc,https://lumina.viberyte.com/partner/541,none,Manhattan,NY,"[""vibrant"",""energetic"",""social"",""trendy""]","[""latin"",""reggaeton"",""hip-hop""]",vida-verde-tequila-bar-2764
530,"Village Underground",comedycellarusa,https://lumina.viberyte.com/partner/530,none,Manhattan,NY,"[""vibrant"",""artistic"",""unique""]","[""hip-hop""]",village-underground-2749
1714,"Vin Sur Vingt Wine Bar - West Village",vinsurvingt_bars,https://lumina.viberyte.com/partner/1714,none,Manhattan,NY,"[""upscale"", ""intimate""]",,vin-sur-vingt-wine-bar-west-vi-12611
206,"Vinile Chophouse",vinilechophouse,https://lumina.viberyte.com/partner/206,none,Manhattan,NY,"[""vibrant"",""trendy"",""social"",""memorable""]","[""live-music"",""pop"",""rock""]",vinile-chophouse-1693
103,"Vintage Green",vintagegreen.nyc,https://lumina.viberyte.com/partner/103,none,Manhattan,NY,"[""upscale"",""trendy"",""instagram-worthy"",""cozy""]",[],vintage-green-788
164,"Vinyl Steakhouse",vinylsteakhouse,https://lumina.viberyte.com/partner/164,none,Manhattan,NY,"[""vibrant"",""cozy"",""lively"",""unique""]","[""live-music""]",vinyl-steakhouse-1373
253,"Virgin Hotels",virginhotelsnyc,https://lumina.viberyte.com/partner/253,none,Manhattan,NY,"[""trendy"",""upscale"",""instagram-worthy""]","[""live-music"",""pop""]",virgin-hotels-2234
1483,Virgo,virgopresents,https://lumina.viberyte.com/partner/1483,none,Manhattan,,,"[""mixed""]",virgo-11702
560,"Vue 180 Rooftop Bar & Lounge",vue180nyc,https://lumina.viberyte.com/partner/560,none,Manhattan,NY,,"[""hip-hop""]",vue-180-rooftop-bar-lounge-2797
90,Westmoreland,frickcollection,https://lumina.viberyte.com/partner/90,none,Manhattan,NY,"[""upscale"",""classy"",""instagram-worthy""]",[],westmoreland-696
795,"Whistling Rail",whistlingrail,https://lumina.viberyte.com/partner/795,none,Manhattan,NY,"[""cozy"",""welcoming"",""friendly""]","[""live-jazz""]",whistling-rail-3239
233,"Wonderland Bar",wonderlandbarnyc,https://lumina.viberyte.com/partner/233,none,Manhattan,NY,"[""instagram-worthy"",""romantic"",""trendy"",""festive""]",[],wonderland-bar-2044
1894,Yara,yaranyc,https://lumina.viberyte.com/partner/1894,none,Manhattan,NY,"[""cultural"", ""group_friendly""]",,yara-12791
1844,"Yasubee Authentic Ramen",yasubeeramen,https://lumina.viberyte.com/partner/1844,none,Manhattan,NY,"[""upscale"", ""trendy""]",,yasubee-authentic-ramen-12741
246,"Ye’s Apothecary",yesapothecary,https://lumina.viberyte.com/partner/246,none,Manhattan,NY,"[""cozy"",""intimate"",""speakeasy""]","[""chill"",""acoustic"",""soft-pop""]",ye-s-apothecary-2152
1679,"Yuca Bar & Restaurant",yucabar,https://lumina.viberyte.com/partner/1679,none,Manhattan,NY,"[""lively"", ""group_friendly""]",,yuca-bar-restaurant-12576
1874,"ZOI MEDITERRANEAN NOMAD",zoi.nomad,https://lumina.viberyte.com/partner/1874,none,Manhattan,NY,"[""upscale"", ""trendy""]",,zoi-mediterranean-nomad-12771
1875,"ZOI MEDITERRANEAN UES",zoi.ues,https://lumina.viberyte.com/partner/1875,none,Manhattan,NY,"[""upscale"", ""lively""]",,zoi-mediterranean-ues-12772
1880,Zaytinya,zaytinya,https://lumina.viberyte.com/partner/1880,none,Manhattan,NY,"[""upscale"", ""date_night""]",,zaytinya-12777
1893,"Zesty Tabbouleh",zestytabbouleh,https://lumina.viberyte.com/partner/1893,none,Manhattan,NY,"[""upscale"", ""cultural""]",,zesty-tabbouleh-12790
1791,"Zetta's Arepas Bistro 🇻🇪",zettasarepasbistro,https://lumina.viberyte.com/partner/1791,none,Manhattan,NY,"[""casual"", ""cultural""]",,zetta-s-arepas-bistro-12688
1702,"Zinc Bar",zincbar,https://lumina.viberyte.com/partner/1702,none,Manhattan,NY,"[""intimate"", ""cultural""]",,zinc-bar-12599
1712,"Zizi Wine Bar",ziziwinebar,https://lumina.viberyte.com/partner/1712,none,Manhattan,NY,"[""upscale"", ""intimate""]",,zizi-wine-bar-12609
619,"Zou Zou’s",zouzousnyc,https://lumina.viberyte.com/partner/619,none,Manhattan,NY,,[],zou-zou-s-2899
224,Zuma,zumanewyork,https://lumina.viberyte.com/partner/224,none,Manhattan,NY,"[""upscale"",""trendy"",""vibrant""]",[],zuma-1903
1805,aRoqa,aroqanyc,https://lumina.viberyte.com/partner/1805,none,Manhattan,NY,"[""upscale"", ""trendy""]",,aroqa-12702
279,aarzurestaurant,azarakitchen,https://lumina.viberyte.com/partner/279,none,Manhattan,NY,,"[""afrobeats"",""world""]",aarzurestaurant-2433
617,"abc kitchen",abckitchen,https://lumina.viberyte.com/partner/617,none,Manhattan,NY,,[],abc-kitchen-2897
280,alidorousa,alidoronyc,https://lumina.viberyte.com/partner/280,none,Manhattan,NY,,"[""live-jazz"",""acoustic""]",alidorousa-2436
281,allanticovinaionyc,allanticovinaiousa,https://lumina.viberyte.com/partner/281,none,Manhattan,NY,,"[""upbeat"",""acoustic"",""Italian-folk""]",allanticovinaionyc-2437
282,altairrestaurantnyc,altairrestaurantnyc,https://lumina.viberyte.com/partner/282,none,Manhattan,NY,,"[""soft-rock"",""jazz"",""acoustic"",""live-jazz""]",altairrestaurantnyc-2439
283,americanobayonne,americanbarnyc,https://lumina.viberyte.com/partner/283,none,Manhattan,NY,,"[""indie"",""acoustic"",""chill"",""pop""]",americanobayonne-2441
284,anejonyc,anejonyc,https://lumina.viberyte.com/partner/284,none,Manhattan,NY,,"[""latino"",""pop"",""chill""]",anejonyc-2442
285,angelinabakerynyc,angelinabakerynyc,https://lumina.viberyte.com/partner/285,none,Manhattan,NY,,"[""acoustic"",""pop""]",angelinabakerynyc-2443
286,angoramedgrill,angoramedgrill,https://lumina.viberyte.com/partner/286,none,Manhattan,NY,,"[""reggae"",""calypso""]",angoramedgrill-2444
287,aperibarnyc,aperibarnyc,https://lumina.viberyte.com/partner/287,none,Manhattan,NY,"[""cozy"",""vibrant"",""intimate""]","[""latin"",""live-jazz""]",aperibarnyc-2445
288,aperolspritzbar.nyc,aperolspritzbar.nyc,https://lumina.viberyte.com/partner/288,none,Manhattan,NY,"[""intimate"",""trendy"",""cozy"",""vibrant""]","[""live-jazz""]",aperolspritzbar-nyc-2446
289,artisanoperuviancuisine,artisanoperuviancuisine,https://lumina.viberyte.com/partner/289,none,Manhattan,NY,,"[""soft-latin"",""acoustic"",""world-music""]",artisanoperuviancuisine-2447
290,auraloungenyc,auraloungenyc,https://lumina.viberyte.com/partner/290,none,Manhattan,NY,,"[""edm"",""hip-hop"",""top-40""]",auraloungenyc-2449
291,azuldreaminn,azuldreaminn,https://lumina.viberyte.com/partner/291,none,Manhattan,NY,,"[""latino"",""chill"",""salsa""]",azuldreaminn-2451
292,badhabits.nyc,badhabitsastoria,https://lumina.viberyte.com/partner/292,none,Manhattan,NY,,"[""afrobeats"",""reggae"",""dancehall"",""hip-hop""]",badhabits-nyc-2452
293,bairesgrillnycBaires,bairesgrillnycBaires,https://lumina.viberyte.com/partner/293,none,Manhattan,NY,,"[""latino"",""tango"",""soft-rock""]",bairesgrillnycbaires-2453
294,balochistan_restaurant,balochistan_restaurant,https://lumina.viberyte.com/partner/294,none,Manhattan,NY,,"[""world"",""classical""]",balochistan-restaurant-2454
295,barblondeau,barblondeau,https://lumina.viberyte.com/partner/295,none,Manhattan,NY,"[""intimate"",""upscale"",""trendy""]","[""live-jazz"",""hip-hop""]",barblondeau-2456
296,barcimanyc,barcimanyc,https://lumina.viberyte.com/partner/296,none,Manhattan,NY,,"[""latin"",""soca""]",barcimanyc-2457
297,barprimi,barprimi,https://lumina.viberyte.com/partner/297,none,Manhattan,NY,"[""cozy"",""vibrant"",""inviting""]","[""live-jazz""]",barprimi-2458
298,beeskneesbar_nyc,beesknees.nyc,https://lumina.viberyte.com/partner/298,none,Manhattan,NY,"[""cozy"",""vibrant"",""trendy"",""social""]","[""hip-hop"",""reggaeton""]",beeskneesbar-nyc-2459
299,bennytudinos,bennytudinos,https://lumina.viberyte.com/partner/299,none,Manhattan,NY,,"[""pop"",""classic-rock""]",bennytudinos-2461
300,bgrestaurant,bgrestaurant,https://lumina.viberyte.com/partner/300,none,Manhattan,NY,,"[""pop"",""jazz""]",bgrestaurant-2462
301,birdlandjazz,birdlandjazz,https://lumina.viberyte.com/partner/301,none,Manhattan,NY,,"[""live-jazz"",""blues""]",birdlandjazz-2463
302,bisteccanewjersey,tuscanysteakhouse,https://lumina.viberyte.com/partner/302,none,Manhattan,NY,,"[""jazz"",""soft-rock"",""acoustic"",""live-jazz""]",bisteccanewjersey-2464
137,blackbarnrestaurant,blackbarnrestaurant,https://lumina.viberyte.com/partner/137,none,Manhattan,NY,"[""vibrant"",""casual"",""social""]","[""live-music"",""house"",""latin""]",blackbarnrestaurant-1109
303,blackironburger,blackironburger,https://lumina.viberyte.com/partner/303,none,Manhattan,NY,,"[""pop"",""rock"",""alternative""]",blackironburger-2465
304,blendonthewater,blendonthewater,https://lumina.viberyte.com/partner/304,none,Manhattan,NY,,"[""soft pop"",""jazz"",""acoustic"",""live-jazz""]",blendonthewater-2466
305,blendwilliamsburg,blendwilliamsburg,https://lumina.viberyte.com/partner/305,none,Manhattan,NY,,"[""indie"",""acoustic"",""upbeat""]",blendwilliamsburg-2467
306,bondstrestaurant,bondst.hudsonyards,https://lumina.viberyte.com/partner/306,none,Manhattan,NY,,"[""chill-out""]",bondstrestaurant-2468
307,boskeastoria,boskeastoria,https://lumina.viberyte.com/partner/307,none,Manhattan,NY,,"[""latin"",""pop"",""reggaeton""]",boskeastoria-2470
308,brasiliagrillnewark,brasiliagrillnewark,https://lumina.viberyte.com/partner/308,none,Manhattan,NY,,"[""samba"",""bossa-nova""]",brasiliagrillnewark-2471
309,broadwaylounge_nyc,broadwayloungenyc,https://lumina.viberyte.com/partner/309,none,Manhattan,NY,,"[""edm""]",broadwaylounge-nyc-2472
310,buenbbq,dallasbbq,https://lumina.viberyte.com/partner/310,none,Manhattan,NY,,"[""upbeat"",""pop"",""rock""]",buenbbq-2473
311,buttermee.pancakes,buttermee.pancakes,https://lumina.viberyte.com/partner/311,none,Manhattan,NY,,"[""pop"",""indie"",""acoustic""]",buttermee-pancakes-2474
312,cafecarmellini,cafecarmellini,https://lumina.viberyte.com/partner/312,none,Manhattan,NY,,"[""jazz"",""classical"",""acoustic"",""live-jazz""]",cafecarmellini-2475
313,cafedalsace,cafedalsace,https://lumina.viberyte.com/partner/313,none,Manhattan,NY,,"[""live-jazz"",""classical""]",cafedalsace-2476
314,cafeginoribcCaf,cafeginoribcCaf,https://lumina.viberyte.com/partner/314,none,Manhattan,NY,,"[""live-jazz"",""soft-pop""]",cafeginoribccaf-2477
315,calandrasitalianvillage,calandrasitalianvillage,https://lumina.viberyte.com/partner/315,none,Manhattan,NY,,"[""jazz"",""classical"",""acoustic"",""live-jazz""]",calandrasitalianvillage-2478
316,cantina46nj,cantina46nj,https://lumina.viberyte.com/partner/316,none,Manhattan,NY,,"[""latino"",""salsa"",""pop""]",cantina46nj-2479
317,carnegieclub,thecarnegieclubnyc,https://lumina.viberyte.com/partner/317,none,Manhattan,NY,"[""intimate"",""upscale"",""classy""]","[""live-jazz"",""soca""]",carnegieclub-2480
318,casacruz_nyc,casacruznyc,https://lumina.viberyte.com/partner/318,none,Manhattan,NY,,"[""soft rock"",""chill beats""]",casacruz-nyc-2481
319,casaoranyc,casaoranyc,https://lumina.viberyte.com/partner/319,none,Manhattan,NY,,"[""latino"",""salsa"",""bossa-nova"",""live-music""]",casaoranyc-2484
320,castellnyc,castellnyc,https://lumina.viberyte.com/partner/320,none,Manhattan,NY,,"[""chill"",""acoustic"",""electronic"",""pop""]",castellnyc-2485
321,celonbar,celonbar,https://lumina.viberyte.com/partner/321,none,Manhattan,NY,,"[""live-jazz""]",celonbar-2488
322,charkolnj,charkolnj,https://lumina.viberyte.com/partner/322,none,Manhattan,NY,,"[""contemporary"",""chill"",""acoustic"",""pop""]",charkolnj-2489
323,christossteakhouse,christossteakhouse,https://lumina.viberyte.com/partner/323,none,Manhattan,NY,,"[""live-jazz"",""acoustic""]",christossteakhouse-2490
324,citricocafe,citricocafe,https://lumina.viberyte.com/partner/324,none,Manhattan,NY,,"[""live-music"",""latin"",""acoustic""]",citricocafe-2491
325,cityvineyards,cityvineyards,https://lumina.viberyte.com/partner/325,none,Manhattan,NY,,"[""acoustic"",""jazz"",""chill"",""indie"",""live-jazz""]",cityvineyards-2492
326,clemmysbarandgrill,clems_bar,https://lumina.viberyte.com/partner/326,none,Manhattan,NY,"[""lively"",""casual"",""vibrant""]","[""top-40""]",clemmysbarandgrill-2493
327,cobarjc,kobrickcoffee,https://lumina.viberyte.com/partner/327,none,Manhattan,NY,,"[""mixed""]",cobarjc-2495
328,cote_nyc,cote.singapore,https://lumina.viberyte.com/partner/328,none,Manhattan,NY,,"[""contemporary"",""chill"",""lounge""]",cote-nyc-2497
329,crazypizza.nyc,crazypizza.nyc,https://lumina.viberyte.com/partner/329,none,Manhattan,NY,,"[""pop"",""upbeat"",""live-music""]",crazypizza-nyc-2498
330,crispyheaven.nycCrispy,crispyheavennyc,https://lumina.viberyte.com/partner/330,none,Manhattan,NY,,"[""indie"",""acoustic-pop""]",crispyheaven-nyccrispy-2499
331,czenrestaurant,czenrestaurant,https://lumina.viberyte.com/partner/331,none,Manhattan,NY,,"[""afrobeats"",""reggae"",""soca"",""pop""]",czenrestaurant-2500
1753,"da Toscano",datoscanonyc,https://lumina.viberyte.com/partner/1753,none,Manhattan,NY,"[""upscale"", ""romantic""]",,da-toscano-12650
332,daihachinyc,qodeinteractive,https://lumina.viberyte.com/partner/332,none,Manhattan,NY,,"[""none"",""ambient""]",daihachinyc-2501
333,daintree.nyc,daintree.nyc,https://lumina.viberyte.com/partner/333,none,Manhattan,NY,,"[""chill"",""acoustic"",""popular hits""]",daintree-nyc-2502
334,dearirving,dearirving,https://lumina.viberyte.com/partner/334,none,Manhattan,NY,,"[""jazz"",""chill-out"",""lounge"",""live-jazz""]",dearirving-2503
335,delicious_heights,deliciousheights,https://lumina.viberyte.com/partner/335,none,Manhattan,NY,,"[""soft rock"",""jazz""]",delicious-heights-2504
336,deluxxfluxx,deluxxfluxxnyc,https://lumina.viberyte.com/partner/336,none,Manhattan,NY,"[""vibrant"",""energetic"",""lively""]","[""afrobeats"",""dancehall"",""hip-hop"",""house"",""r&b""]",deluxxfluxx-2505
337,destinolounge,destinolabnj,https://lumina.viberyte.com/partner/337,none,Manhattan,NY,"[""cozy"",""vibrant"",""friendly"",""inviting""]","[""house"",""latin""]",destinolounge-2506
338,djangojazz,djangojazz,https://lumina.viberyte.com/partner/338,none,Manhattan,NY,,"[""jazz"",""live-music"",""swing"",""blues"",""live-jazz""]",djangojazz-2507
339,docksoff5th,docksoff5th,https://lumina.viberyte.com/partner/339,none,Manhattan,NY,,"[""jazz"",""soft pop"",""live-jazz""]",docksoff5th-2508
340,dumbohouse,dumbohouse,https://lumina.viberyte.com/partner/340,none,Manhattan,NY,,"[""indie"",""acoustic"",""chill"",""alternative""]",dumbohouse-2509
341,duomo51nyc,duomo51nyc,https://lumina.viberyte.com/partner/341,none,Manhattan,NY,,"[""jazz"",""acoustic"",""classical"",""live-jazz""]",duomo51nyc-2510
1733,"dùndú",eatdundu,https://lumina.viberyte.com/partner/1733,none,Manhattan,NY,"[""casual"", ""cultural""]",,d-nd-12630
342,eatalyflatiron,eatalyflatiron,https://lumina.viberyte.com/partner/342,none,Manhattan,NY,,"[""acoustic"",""folk""]",eatalyflatiron-2511
343,eleanyc,eleanyc,https://lumina.viberyte.com/partner/343,none,Manhattan,NY,,"[""jazz"",""acoustic"",""live-jazz""]",eleanyc-2513
344,electriclemonnyc,electriclemonnyc,https://lumina.viberyte.com/partner/344,none,Manhattan,NY,,"[""chill"",""acoustic"",""pop""]",electriclemonnyc-2514
345,elniconyc,elniconyc,https://lumina.viberyte.com/partner/345,none,Manhattan,NY,,"[""latino"",""pop"",""chill""]",elniconyc-2515
346,emmettsnyc,emmettsnyc,https://lumina.viberyte.com/partner/346,none,Manhattan,NY,,"[""chill-hop"",""soul"",""acoustic"",""indie""]",emmettsnyc-2516
1881,"estiatorio Milos Midtown",estiatoriomilos,https://lumina.viberyte.com/partner/1881,none,Manhattan,NY,"[""upscale"", ""romantic""]",,estiatorio-milos-midtown-12778
347,faiccosnyc,faiccosnyc,https://lumina.viberyte.com/partner/347,none,Manhattan,NY,,"[""none"",""background""]",faiccosnyc-2517
348,fandimata,fandimatabklyn,https://lumina.viberyte.com/partner/348,none,Manhattan,NY,,"[""latin"",""pop"",""reggaeton""]",fandimata-2518
349,felinasummit,felinasummit,https://lumina.viberyte.com/partner/349,none,Manhattan,NY,,"[""jazz"",""classical"",""soft acoustic"",""live-jazz""]",felinasummit-2519
350,filegumbobar,filegumbobar,https://lumina.viberyte.com/partner/350,none,Manhattan,NY,"[""upscale"",""romantic"",""trendy"",""instagram-worthy""]","[""live-jazz""]",filegumbobar-2520
351,fluffyfluffycafenz,fluffyfluffyusa,https://lumina.viberyte.com/partner/351,none,Manhattan,NY,,"[""chill-pop"",""acoustic""]",fluffyfluffycafenz-2522
352,fogodechao,fogo,https://lumina.viberyte.com/partner/352,none,Manhattan,NY,,"[""samba"",""bossa nova""]",fogodechao-2523
353,frescodanco,frescodanco,https://lumina.viberyte.com/partner/353,none,Manhattan,NY,,"[""live-jazz"",""acoustic""]",frescodanco-2524
354,fridamidtown,fridamidtown,https://lumina.viberyte.com/partner/354,none,Manhattan,NY,,"[""latino"",""chill"",""eclectic"",""world""]",fridamidtown-2525
355,fumorestaurant,fumorestaurant,https://lumina.viberyte.com/partner/355,none,Manhattan,NY,,"[""jazz"",""acoustic"",""soft-rock"",""live-jazz""]",fumorestaurant-2526
1484,"g Lounge",gloungechelsea,https://lumina.viberyte.com/partner/1484,none,Manhattan,,,House,g-lounge-11720
356,goldendinernyc,goldendinerny,https://lumina.viberyte.com/partner/356,none,Manhattan,NY,,"[""pop"",""indie"",""classic rock""]",goldendinernyc-2529
357,goodroombk,goodroombk,https://lumina.viberyte.com/partner/357,none,Manhattan,NY,,"[""house"",""EDM"",""dance""]",goodroombk-2530
358,grandbrasserienyc,grandbrasserienyc,https://lumina.viberyte.com/partner/358,none,Manhattan,NY,,"[""jazz"",""classical"",""chanson"",""live-jazz""]",grandbrasserienyc-2531
359,guesthousenyc,guesthousenyc,https://lumina.viberyte.com/partner/359,none,Manhattan,NY,,"[""acoustic"",""jazz"",""chill"",""soft-pop"",""live-jazz""]",guesthousenyc-2532
360,gyukakujbbq,gyukakujbbq,https://lumina.viberyte.com/partner/360,none,Manhattan,NY,,"[""pop"",""chill"",""instrumental""]",gyukakujbbq-2533
361,haam.nyc,haam.nyc,https://lumina.viberyte.com/partner/361,none,Manhattan,NY,,"[""afrobeats"",""reggae"",""salsa"",""world-music""]",haam-nyc-2534
362,halcyonmontclair,halcyonmontclair,https://lumina.viberyte.com/partner/362,none,Manhattan,NY,,"[""jazz"",""soft rock"",""acoustic"",""live-jazz""]",halcyonmontclair-2535
363,havanacentral,havanacentral,https://lumina.viberyte.com/partner/363,none,Manhattan,NY,,"[""salsa"",""reggaeton"",""live-music""]",havanacentral-2536
364,haveandmeyer,haveandmeyer,https://lumina.viberyte.com/partner/364,none,Manhattan,NY,,"[""jazz"",""live-music"",""live-jazz""]",haveandmeyer-2537
365,havenrooftop,havenrooftop,https://lumina.viberyte.com/partner/365,none,Manhattan,NY,,"[""r&b"",""soca""]",havenrooftop-2538
366,hawksmoornyc,hawksmoorchicago,https://lumina.viberyte.com/partner/366,none,Manhattan,NY,,"[""soft-rock"",""contemporary""]",hawksmoornyc-2539
367,hoexters_nyc,hoexters,https://lumina.viberyte.com/partner/367,none,Manhattan,NY,,"[""chill"",""jazz"",""pop"",""live-jazz""]",hoexters-nyc-2541
368,house157,house157_,https://lumina.viberyte.com/partner/368,none,Manhattan,NY,,"[""reggae"",""calypso"",""afrobeats""]",house157-2542
369,hudsonandcojc,hudsonandconj,https://lumina.viberyte.com/partner/369,none,Manhattan,NY,,"[""pop"",""chill"",""indie""]",hudsonandcojc-2543
1878,"ilili NoMad",ililirestaurants,https://lumina.viberyte.com/partner/1878,none,Manhattan,NY,"[""upscale"", ""trendy""]",,ilili-nomad-12775
370,jaranarestaurants,jaranarestaurants,https://lumina.viberyte.com/partner/370,none,Manhattan,NY,,"[""latin"",""salsa"",""world-music""]",jaranarestaurants-2545
371,jasperstone_nj,jasperstone_nj,https://lumina.viberyte.com/partner/371,none,Manhattan,NY,,"[""soft rock"",""jazz"",""acoustic"",""live-jazz""]",jasperstone-nj-2546
372,javelinatexmex,javelinatexmex,https://lumina.viberyte.com/partner/372,none,Manhattan,NY,,"[""latino"",""pop"",""classic-rock"",""latin""]",javelinatexmex-2547
373,jojonyc,jojonyc,https://lumina.viberyte.com/partner/373,none,Manhattan,NY,,"[""jazz"",""classical"",""live-jazz""]",jojonyc-2548
374,juliette.nycJuliette,juliettebkny,https://lumina.viberyte.com/partner/374,none,Manhattan,NY,,"[""acoustic"",""indie-pop"",""soft-rock""]",juliette-nycjuliette-2549
375,juniorscheesecake,juniorscheesecake,https://lumina.viberyte.com/partner/375,none,Manhattan,NY,,"[""classic-rock"",""pop""]",juniorscheesecake-2550
376,juqiusa,juqi_ny,https://lumina.viberyte.com/partner/376,none,Manhattan,NY,,[],juqiusa-2551
377,kahlorestaurant,kahlorestaurant,https://lumina.viberyte.com/partner/377,none,Manhattan,NY,,"[""chill-pop"",""acoustic"",""lounge"",""soft-rock""]",kahlorestaurant-2552
378,kaizen_nyc,kaizen_nyc,https://lumina.viberyte.com/partner/378,none,Manhattan,NY,,"[""ambient"",""chill"",""jazz"",""live-jazz""]",kaizen-nyc-2553
379,kamraithai,kamraithai,https://lumina.viberyte.com/partner/379,none,Manhattan,NY,,"[""acoustic""]",kamraithai-2554
380,kjun_nyc,kjun_nyc,https://lumina.viberyte.com/partner/380,none,Manhattan,NY,,"[""hip-hop"",""indie""]",kjun-nyc-2555
381,koinewyork,koinewyork,https://lumina.viberyte.com/partner/381,none,Manhattan,NY,,"[""chill"",""acoustic"",""lo-fi""]",koinewyork-2556
1838,"konban NYC",konban_nyc,https://lumina.viberyte.com/partner/1838,none,Manhattan,NY,"[""upscale"", ""intimate""]",,konban-nyc-12735
382,kweenastoria,kweenastoria,https://lumina.viberyte.com/partner/382,none,Manhattan,NY,,"[""pop"",""drag-performances"",""dance""]",kweenastoria-2557
383,kymarestaurants,kymahudsonyards,https://lumina.viberyte.com/partner/383,none,Manhattan,NY,,"[""world-music"",""jazz"",""lounge"",""upbeat"",""live-jazz""]",kymarestaurants-2558
384,lalupamanalapan,la_palapa,https://lumina.viberyte.com/partner/384,none,Manhattan,NY,,"[""latino"",""chill"",""acoustic""]",lalupamanalapan-2560
385,lanoma_nj,lanoma_restaurant,https://lumina.viberyte.com/partner/385,none,Manhattan,NY,,"[""jazz"",""live-music"",""classical"",""live-jazz""]",lanoma-nj-2561
386,lanonnawilliamsburg,lanonnawilliamsburg,https://lumina.viberyte.com/partner/386,none,Manhattan,NY,,"[""jazz"",""classical"",""acoustic"",""live-jazz""]",lanonnawilliamsburg-2562
387,lapecorabianca,lapecorabianca,https://lumina.viberyte.com/partner/387,none,Manhattan,NY,,"[""jazz"",""chill-out"",""acoustic"",""live-jazz""]",lapecorabianca-2563
388,laserwolf_nyc,laserwolf_nyc,https://lumina.viberyte.com/partner/388,none,Manhattan,NY,,"[""world-music"",""instrumental""]",laserwolf-nyc-2564
389,lavecinanyc,lavecinaastoria,https://lumina.viberyte.com/partner/389,none,Manhattan,NY,,"[""afrobeats"",""latin"",""pop"",""DJ-mixes""]",lavecinanyc-2565
390,lechalet_nyc,lechalet_nyc,https://lumina.viberyte.com/partner/390,none,Manhattan,NY,,"[""chill"",""lounge"",""electronic"",""soft rock""]",lechalet-nyc-2566
391,lejardin_rooftop,lejardin57nyc,https://lumina.viberyte.com/partner/391,none,Manhattan,NY,"[""vibrant"",""upscale"",""trendy""]","[""edm""]",lejardin-rooftop-2567
392,levelrestaurantnyc,levelrestaurantnyc,https://lumina.viberyte.com/partner/392,none,Manhattan,NY,,"[""live-music"",""pop"",""soul"",""jazz"",""live-jazz""]",levelrestaurantnyc-2569
393,lifeafterlounge,lifeafterrestaurant,https://lumina.viberyte.com/partner/393,none,Manhattan,NY,,"[""hip-hop"",""live-band""]",lifeafterlounge-2570
394,lilyofthevalley_nyc,lilyofthevalley_nyc,https://lumina.viberyte.com/partner/394,none,Manhattan,NY,,"[""pop"",""indie"",""acoustic""]",lilyofthevalley-nyc-2571
395,lostinparadisernt,lostinparadisernt,https://lumina.viberyte.com/partner/395,none,Manhattan,NY,,"[""top-40"",""pop"",""indie""]",lostinparadisernt-2575
396,lucianorahway,lucianosristorante_rahway,https://lumina.viberyte.com/partner/396,none,Manhattan,NY,,"[""jazz"",""live-music"",""classical"",""live-jazz""]",lucianorahway-2576
397,lulanj_,lulanj_,https://lumina.viberyte.com/partner/397,none,Manhattan,NY,,"[""jazz"",""soft acoustic"",""classical"",""live-jazz""]",lulanj-2578
398,magichourny,magichourny,https://lumina.viberyte.com/partner/398,none,Manhattan,NY,,"[""pop"",""chill-out"",""acoustic"",""lounge""]",magichourny-2579
399,maiellalic,maiellalic,https://lumina.viberyte.com/partner/399,none,Manhattan,NY,,"[""jazz"",""classical"",""soft-pop"",""live-jazz""]",maiellalic-2580
400,maisoncloserestaurant,maisoncloserestaurant,https://lumina.viberyte.com/partner/400,none,Manhattan,NY,,"[""jazz"",""classical"",""chill-out"",""live-jazz""]",maisoncloserestaurant-2581
401,mamastoo,mamastoo,https://lumina.viberyte.com/partner/401,none,Manhattan,NY,,"[""pop"",""rock""]",mamastoo-2582
402,manhattanyc,manhattanyc,https://lumina.viberyte.com/partner/402,none,Manhattan,NY,,"[""jazz"",""acoustic"",""classical"",""live-jazz""]",manhattanyc-2583
403,marlowbistro,marlowbistro,https://lumina.viberyte.com/partner/403,none,Manhattan,NY,,"[""jazz"",""soft-soul"",""acoustic"",""live-jazz""]",marlowbistro-2584
404,marloweastnyc,marloweastnyc,https://lumina.viberyte.com/partner/404,none,Manhattan,NY,,"[""acoustic"",""indie"",""chill""]",marloweastnyc-2585
405,mastrosofficial,mastrosofficial,https://lumina.viberyte.com/partner/405,none,Manhattan,NY,,"[""jazz"",""classical"",""lounge"",""contemporary"",""live-jazz""]",mastrosofficial-2587
406,mayarestaurantnyc,mayanewyorkcity,https://lumina.viberyte.com/partner/406,none,Manhattan,NY,,"[""latin"",""pop"",""reggaeton""]",mayarestaurantnyc-2588
407,medusanyc,medusanyc,https://lumina.viberyte.com/partner/407,none,Manhattan,NY,,"[""jazz"",""live-music"",""world-music"",""live-jazz""]",medusanyc-2589
408,mercuryloungenyc,mercuryloungenyc,https://lumina.viberyte.com/partner/408,none,Manhattan,NY,"[""intimate"",""lively"",""vibrant""]","[""live-band""]",mercuryloungenyc-2590
409,meximodo_restaurant,meximodo_restaurant,https://lumina.viberyte.com/partner/409,none,Manhattan,NY,,"[""latin"",""reggaeton"",""pop""]",meximodo-restaurant-2591
410,mexiterraneannyc,mexgrillexpress,https://lumina.viberyte.com/partner/410,none,Manhattan,NY,,"[""world-music"",""latin"",""pop""]",mexiterraneannyc-2592
411,mezzeontheriver,mezzeontheriver,https://lumina.viberyte.com/partner/411,none,Manhattan,NY,,"[""live-jazz"",""world""]",mezzeontheriver-2593
412,milkandrosesnyc,milkandrosesnyc,https://lumina.viberyte.com/partner/412,none,Manhattan,NY,,"[""jazz"",""classical"",""acoustic"",""live-jazz""]",milkandrosesnyc-2594
413,missionceviche,missionceviche,https://lumina.viberyte.com/partner/413,none,Manhattan,NY,,"[""soft-pop"",""world-music""]",missionceviche-2595
414,mojitobyburke,mojitobyburke,https://lumina.viberyte.com/partner/414,none,Manhattan,NY,,"[""pop"",""indie"",""electronic"",""live-music""]",mojitobyburke-2597
415,mojorestaurantny,mojo_foresthills,https://lumina.viberyte.com/partner/415,none,Manhattan,NY,,"[""salsa"",""latin-pop"",""reggaeton"",""bossa-nova""]",mojorestaurantny-2598
416,monarchrooftop,monarchnyc,https://lumina.viberyte.com/partner/416,none,Manhattan,NY,,"[""edm"",""soca""]",monarchrooftop-2599
417,moonshine_modernsupperclub,moonshinesupperclub,https://lumina.viberyte.com/partner/417,none,Manhattan,NY,,"[""hip-hop"",""latin"",""live-jazz"",""top-40""]",moonshine-modernsupperclub-2600
1011,"msocial Rooftop",millennium,https://lumina.viberyte.com/partner/1011,none,Manhattan,NJ,"[""vibrant"",""trendy"",""instagram-worthy"",""lively""]","[""hip-hop"",""afrobeats"",""pop""]",msocial-rooftop-3679
418,murrayscheesebar,murrayscheesebar,https://lumina.viberyte.com/partner/418,none,Manhattan,NY,"[""cozy"",""welcoming"",""unique""]","[""hip-hop"",""afrobeats""]",murrayscheesebar-2601
419,mustrdrestaurant,thesmithrestaurant,https://lumina.viberyte.com/partner/419,none,Manhattan,NY,,"[""indie"",""acoustic""]",mustrdrestaurant-2602
420,naminori.nycNAMI,naminori.nyc,https://lumina.viberyte.com/partner/420,none,Manhattan,NY,,"[""chill"",""contemporary"",""jazz"",""electronic"",""live-jazz""]",naminori-nycnami-2603
421,nicokitchenandbar,njpac,https://lumina.viberyte.com/partner/421,none,Manhattan,NY,,"[""live-jazz"",""r&b"",""soca"",""afrobeats""]",nicokitchenandbar-2604
422,nobu57,nobu57,https://lumina.viberyte.com/partner/422,none,Manhattan,NY,,"[""chill"",""lounge"",""contemporary"",""jazz"",""live-jazz""]",nobu57-2606
423,nobudowntown,nobudowntown,https://lumina.viberyte.com/partner/423,none,Manhattan,NY,,"[""chill"",""lounge""]",nobudowntown-2607
424,oceanprimerestaurants,oceanprimenyc,https://lumina.viberyte.com/partner/424,none,Manhattan,NY,,"[""jazz"",""soft-pop"",""acoustic"",""live-jazz""]",oceanprimerestaurants-2608
425,omgsnewark,omgsnewark,https://lumina.viberyte.com/partner/425,none,Manhattan,NY,,"[""indie"",""pop"",""acoustic""]",omgsnewark-2609
426,opheliany,opheliany,https://lumina.viberyte.com/partner/426,none,Manhattan,NY,,"[""chill"",""jazz"",""acoustic"",""live-jazz""]",opheliany-2610
427,ora.oradell,ora.oradell,https://lumina.viberyte.com/partner/427,none,Manhattan,NY,,"[""jazz"",""soft pop"",""live-jazz""]",ora-oradell-2611
428,oscarwilde.nyc,oscarwildenyc,https://lumina.viberyte.com/partner/428,none,Manhattan,NY,,"[""pop"",""indie"",""electronic""]",oscarwilde-nyc-2612
429,osorestaurantnyc,osorestaurantnyc,https://lumina.viberyte.com/partner/429,none,Manhattan,NY,,"[""latin"",""pop"",""reggaeton""]",osorestaurantnyc-2613
430,otterfinesushi,otterfinesushi,https://lumina.viberyte.com/partner/430,none,Manhattan,NY,,"[""chill-hop"",""jazz"",""acoustic""]",otterfinesushi-2614
431,ozakayabrooklyn,ozakaya_nyc,https://lumina.viberyte.com/partner/431,none,Manhattan,NY,,"[""live-jazz"",""acoustic""]",ozakayabrooklyn-2615
432,pastadepastanyc,pastadepastanyc,https://lumina.viberyte.com/partner/432,none,Manhattan,NY,,"[""upbeat"",""chill"",""acoustic""]",pastadepastanyc-2616
433,patriciasofholmdel,smartmarketingg,https://lumina.viberyte.com/partner/433,none,Manhattan,NY,,"[""jazz"",""soft-pop"",""acoustic"",""live-jazz""]",patriciasofholmdel-2617
434,patroon24,patroon24,https://lumina.viberyte.com/partner/434,none,Manhattan,NY,,"[""soft-jazz"",""acoustic"",""chill-out"",""live-jazz""]",patroon24-2618
435,peaknyc,peaknyc,https://lumina.viberyte.com/partner/435,none,Manhattan,NY,,"[""live-jazz"",""acoustic""]",peaknyc-2619
436,phdterraceny,phdterraceny,https://lumina.viberyte.com/partner/436,none,Manhattan,NY,,"[""top-40""]",phdterraceny-2621
437,pier17ny,pier17ny,https://lumina.viberyte.com/partner/437,none,Manhattan,NY,,"[""pop"",""rock"",""live-music"",""electronic""]",pier17ny-2622
438,pilpilnycPil,pilpilnyc,https://lumina.viberyte.com/partner/438,none,Manhattan,NY,,"[""jazz"",""acoustic"",""chill"",""live-jazz""]",pilpilnycpil-2623
439,pinkpistachiocafe,pinkpistachio_,https://lumina.viberyte.com/partner/439,none,Manhattan,NY,,"[""acoustic"",""indie"",""soft pop""]",pinkpistachiocafe-2624
440,plantshedcafe,plantshedcafe,https://lumina.viberyte.com/partner/440,none,Manhattan,NY,,"[""acoustic"",""indie""]",plantshedcafe-2625
441,portraitbar_nyc,portraitbar_nyc,https://lumina.viberyte.com/partner/441,none,Manhattan,NY,"[""upscale"",""trendy"",""romantic""]","[""live-jazz""]",portraitbar-nyc-2626
442,postcardbakery,postcardbakery,https://lumina.viberyte.com/partner/442,none,Manhattan,NY,,"[""acoustic"",""lo-fi""]",postcardbakery-2627
443,primemet_steakhouse,primemetsteakhouse,https://lumina.viberyte.com/partner/443,none,Manhattan,NY,,"[""jazz"",""soft-rock"",""live-jazz""]",primemet-steakhouse-2628
444,publichotels,publichotels,https://lumina.viberyte.com/partner/444,none,Manhattan,NY,,"[""electronic"",""pop"",""indie"",""chill-out""]",publichotels-2629
445,ratsrestaurant,ratsrestaurant,https://lumina.viberyte.com/partner/445,none,Manhattan,NY,,"[""classical"",""jazz"",""chanson"",""acoustic"",""live-jazz""]",ratsrestaurant-2630
446,recordroom_nyc,recordroom_nyc,https://lumina.viberyte.com/partner/446,none,Manhattan,NY,,"[""R&B"",""soul"",""hip-hop"",""funk""]",recordroom-nyc-2631
447,refineryrooftop,refineryrooftop,https://lumina.viberyte.com/partner/447,none,Manhattan,NY,"[""upscale"",""trendy"",""instagram-worthy"",""lively""]","[""live-jazz"",""live-band"",""top-40""]",refineryrooftop-2632
101,restaurant,manhatta_nyc,https://lumina.viberyte.com/partner/101,none,Manhattan,NY,"[""upscale"",""trendy"",""instagram-worthy""]",[],restaurant-766
448,rivercafenyc,rivercafenyc,https://lumina.viberyte.com/partner/448,none,Manhattan,NY,,"[""jazz"",""classical"",""soft-rock"",""live-jazz""]",rivercafenyc-2633
449,rosehillrooftop,rosehillrooftop,https://lumina.viberyte.com/partner/449,none,Manhattan,NY,,"[""live-jazz""]",rosehillrooftop-2634
450,royalpalmsshuffle,royalpalms,https://lumina.viberyte.com/partner/450,none,Manhattan,NY,,"[""pop"",""rock"",""dance""]",royalpalmsshuffle-2635
451,rt60rooftop,hardrockholly,https://lumina.viberyte.com/partner/451,none,Manhattan,NY,"[""trendy"",""upscale"",""instagram-worthy"",""lively""]","[""hip-hop""]",rt60rooftop-2636
452,ruleofthirdsnyc,ruleofthirdsnyc,https://lumina.viberyte.com/partner/452,none,Manhattan,NY,,"[""jazz"",""ambient"",""traditional-japanese"",""live-jazz""]",ruleofthirdsnyc-2637
453,saholacoffee,saholacoffee,https://lumina.viberyte.com/partner/453,none,Manhattan,NY,,"[""acoustic"",""indie""]",saholacoffee-2638
454,saintloungenyc,saintloungenyc,https://lumina.viberyte.com/partner/454,none,Manhattan,NY,"[""vibrant"",""trendy"",""upscale"",""instagram-worthy""]","[""afrobeats"",""hip-hop"",""live-jazz"",""r&b""]",saintloungenyc-2639
455,salkrisandcharlies,salkrisandcharlies,https://lumina.viberyte.com/partner/455,none,Manhattan,NY,,"[""classic-rock"",""oldies""]",salkrisandcharlies-2640
456,salvajesocialclubnyc,salvajesocialclub.nyc,https://lumina.viberyte.com/partner/456,none,Manhattan,NY,"[""vibrant"",""energetic"",""trendy"",""instagram-worthy""]","[""edm"",""top-40""]",salvajesocialclubnyc-2641
457,sanbabilanyc,sanbabilanyc,https://lumina.viberyte.com/partner/457,none,Manhattan,NY,,"[""live-jazz"",""soft-pop""]",sanbabilanyc-2642
458,sandwichitoscafe,sandwichitoscafe,https://lumina.viberyte.com/partner/458,none,Manhattan,NY,,"[""chill-hop"",""acoustic""]",sandwichitoscafe-2643
459,sansabinonyc,sansabinonyc,https://lumina.viberyte.com/partner/459,none,Manhattan,NY,,"[""jazz"",""classical"",""acoustic"",""live-jazz""]",sansabinonyc-2644
460,sappe_nycSappe,sappe_nyc,https://lumina.viberyte.com/partner/460,none,Manhattan,NY,,"[""world"",""acoustic""]",sappe-nycsappe-2645
461,scarrspizza,scarrspizza,https://lumina.viberyte.com/partner/461,none,Manhattan,NY,,"[""indie"",""pop"",""rock""]",scarrspizza-2646
462,seabarjc,seabarofficial,https://lumina.viberyte.com/partner/462,none,Manhattan,NY,"[""cozy"",""vibrant"",""inviting""]","[""hip-hop""]",seabarjc-2647
463,seoulbistronj,seoulbistronj,https://lumina.viberyte.com/partner/463,none,Manhattan,NY,,"[""acoustic"",""chill"",""soft-pop""]",seoulbistronj-2648
464,serenecobk,sereneconyc,https://lumina.viberyte.com/partner/464,none,Manhattan,NY,,"[""pop"",""indie"",""acoustic""]",serenecobk-2649
465,shawnaeshouse,shawnaeshouse,https://lumina.viberyte.com/partner/465,none,Manhattan,NY,,"[""r&b"",""jazz"",""hip-hop""]",shawnaeshouse-2650
466,shirokuro.nyc,shirokuro.nyc,https://lumina.viberyte.com/partner/466,none,Manhattan,NY,,"[""ambient"",""jazz"",""live-jazz""]",shirokuro-nyc-2651
467,sinigualnyc,sinigualnyc,https://lumina.viberyte.com/partner/467,none,Manhattan,NY,,"[""latin"",""pop"",""reggaeton""]",sinigualnyc-2652
468,skinos_nyc,skinos.nyc,https://lumina.viberyte.com/partner/468,none,Manhattan,NY,,"[""live-jazz"",""world-music""]",skinos-nyc-2653
469,skybarlic,skybarlic,https://lumina.viberyte.com/partner/469,none,Manhattan,NY,,"[""afrobeats"",""dancehall"",""edm"",""hip-hop"",""house"",""latin"",""reggaeton""]",skybarlic-2654
470,smithandwollensky,smithandwollensky,https://lumina.viberyte.com/partner/470,none,Manhattan,NY,,"[""jazz"",""soft rock"",""classic"",""live-jazz""]",smithandwollensky-2655
471,smokejazzclub,smokejazzclub,https://lumina.viberyte.com/partner/471,none,Manhattan,NY,"[""intimate"",""upscale"",""cozy""]","[""live-jazz"",""hip-hop""]",smokejazzclub-2656
472,somewherenowherenyc,somewherenowherenyc,https://lumina.viberyte.com/partner/472,none,Manhattan,NY,,"[""pop"",""electronic"",""indie"",""upbeat""]",somewherenowherenyc-2657
473,soothrnyc,soothr_nyc,https://lumina.viberyte.com/partner/473,none,Manhattan,NY,,"[""acoustic"",""world""]",soothrnyc-2658
474,soulmacnycSoul,eatsmac,https://lumina.viberyte.com/partner/474,none,Manhattan,NY,,"[""pop"",""indie"",""acoustic""]",soulmacnycsoul-2659
218,speakeasy,pdtnyc,https://lumina.viberyte.com/partner/218,none,Manhattan,NY,"[""intimate"",""trendy"",""hidden-gem""]","[""mixed""]",speakeasy-1850
29,stagestarbackstage,stagestarbackstage,https://lumina.viberyte.com/partner/29,none,Manhattan,NY,"[""intimate"",""trendy"",""cozy"",""hidden-gem""]","[""hip-hop""]",stagestarbackstage-73
475,stickycatfish,stickycatfish,https://lumina.viberyte.com/partner/475,none,Manhattan,NY,,"[""world-music"",""pop""]",stickycatfish-2660
476,sungold.ny,sungoldbk,https://lumina.viberyte.com/partner/476,none,Manhattan,NY,,"[""indie"",""acoustic"",""chill""]",sungold-ny-2661
477,sushisuite1001,sushisuite1001,https://lumina.viberyte.com/partner/477,none,Manhattan,NY,,"[""ambient"",""chill-out"",""jazz"",""live-jazz""]",sushisuite1001-2663
478,swahilivillageots,swahilivillageots,https://lumina.viberyte.com/partner/478,none,Manhattan,NY,,"[""afrobeats"",""world-music"",""reggae""]",swahilivillageots-2664
479,sweetcatsnyc,sweetcatsnyc,https://lumina.viberyte.com/partner/479,none,Manhattan,NY,,"[""live-band"",""pop"",""indie"",""acoustic""]",sweetcatsnyc-2665
480,sweettssoutherneatery,sweettssoutherneatery,https://lumina.viberyte.com/partner/480,none,Manhattan,NY,,"[""r&b"",""live-jazz""]",sweettssoutherneatery-2666
481,sylviasrestaurant,sylviasrestaurant,https://lumina.viberyte.com/partner/481,none,Manhattan,NY,,"[""soul"",""jazz"",""R&B""]",sylviasrestaurant-2667
482,teriyakionenj,teriyakionenj,https://lumina.viberyte.com/partner/482,none,Manhattan,NY,,"[""none""]",teriyakionenj-2670
55,"the otter soho",theottersoho,https://lumina.viberyte.com/partner/55,none,Manhattan,NY,"[""cozy"",""elegant"",""charming""]",[],the-otter-soho-274
483,thealderman,thealderman,https://lumina.viberyte.com/partner/483,none,Manhattan,NY,,"[""jazz"",""chill"",""acoustic"",""pop"",""live-jazz""]",thealderman-2671
484,theashfordjc,theashfordjc,https://lumina.viberyte.com/partner/484,none,Manhattan,NY,,"[""pop"",""rock"",""top-40"",""live-music""]",theashfordjc-2672
485,thecapitalgrille,thecapitalgrille,https://lumina.viberyte.com/partner/485,none,Manhattan,NY,,"[""live-jazz"",""soft-rock""]",thecapitalgrille-2673
487,thedlnyc,thedlnyc_,https://lumina.viberyte.com/partner/487,none,Manhattan,NY,,"[""hip-hop"",""top 40"",""electronic"",""pop""]",thedlnyc-2675
488,theflairroom,theflairroom,https://lumina.viberyte.com/partner/488,none,Manhattan,NY,,"[""electronic"",""pop"",""top-40""]",theflairroom-2676
489,thegrill_nyc,majorfoodgroup,https://lumina.viberyte.com/partner/489,none,Manhattan,NY,,"[""live-jazz"",""soft-rock"",""classical""]",thegrill-nyc-2677
490,theheightsbar_nyc,theheightsuws,https://lumina.viberyte.com/partner/490,none,Manhattan,NY,,"[""dancehall"",""hip-hop"",""latin"",""reggaeton""]",theheightsbar-nyc-2678
491,thehighlawn,thehighlawn,https://lumina.viberyte.com/partner/491,none,Manhattan,NY,,"[""jazz"",""classical"",""acoustic"",""live-jazz""]",thehighlawn-2679
492,theloveloungenyc,theloveloungenyc,https://lumina.viberyte.com/partner/492,none,Manhattan,NY,"[""vibrant"",""energetic"",""trendy"",""social""]","[""edm"",""hip-hop""]",theloveloungenyc-2680
493,themonkeycup,themonkeycup,https://lumina.viberyte.com/partner/493,none,Manhattan,NY,,"[""chill-hop"",""soul"",""acoustic""]",themonkeycup-2681
494,theninesnyc,theninesnyc,https://lumina.viberyte.com/partner/494,none,Manhattan,NY,,"[""live-music"",""jazz"",""acoustic"",""soul"",""live-jazz""]",theninesnyc-2682
495,thepeppersteak,thepeppersteak,https://lumina.viberyte.com/partner/495,none,Manhattan,NY,,"[""soft rock"",""jazz"",""acoustic""]",thepeppersteak-2683
496,theplazahotel,theplazahotel,https://lumina.viberyte.com/partner/496,none,Manhattan,NY,,"[""live-jazz"",""classical""]",theplazahotel-2684
497,thereadyrooftop,thereadyrooftop,https://lumina.viberyte.com/partner/497,none,Manhattan,NY,,"[""dancehall"",""edm"",""latin"",""reggaeton""]",thereadyrooftop-2685
498,theshedatwestbury,theshedatwestbury,https://lumina.viberyte.com/partner/498,none,Manhattan,NY,,"[""pop"",""contemporary"",""indie""]",theshedatwestbury-2686
499,thesplendidmontclair,thesplendidnyc,https://lumina.viberyte.com/partner/499,none,Manhattan,NY,,"[""contemporary"",""chill"",""acoustic""]",thesplendidmontclair-2687
500,thesummitdiner,thesummitdiner,https://lumina.viberyte.com/partner/500,none,Manhattan,NY,,"[""classic-rock"",""oldies"",""soft-rock""]",thesummitdiner-2688
501,thevaultnj,thevaultloungenj,https://lumina.viberyte.com/partner/501,none,Manhattan,NY,,"[""pop"",""hip-hop"",""top-40""]",thevaultnj-2689
502,thevixenofsoulfood,thevixenofsoulfood,https://lumina.viberyte.com/partner/502,none,Manhattan,NY,,"[""soul"",""jazz"",""acoustic""]",thevixenofsoulfood-2690
503,thewhitbybarandrestaurant,firmdale_hotels,https://lumina.viberyte.com/partner/503,none,Manhattan,NY,"[""upscale"",""romantic"",""classy""]","[""edm"",""live-jazz"",""soca""]",thewhitbybarandrestaurant-2691
504,tinosnyc,tinosnyc,https://lumina.viberyte.com/partner/504,none,Manhattan,NY,,"[""jazz"",""acoustic"",""soft pop"",""live-jazz""]",tinosnyc-2693
505,trenopizzabar,trenopizzabar,https://lumina.viberyte.com/partner/505,none,Manhattan,NY,"[""cozy"",""vibrant"",""casual""]","[""top-40""]",trenopizzabar-2695
506,truthrestaurantastoria,truthrestaurantastoria,https://lumina.viberyte.com/partner/506,none,Manhattan,NY,,"[""pop"",""indie"",""acoustic""]",truthrestaurantastoria-2696
507,unionplace_nyc,unionsquareny,https://lumina.viberyte.com/partner/507,none,Manhattan,NY,,"[""pop"",""indie"",""acoustic"",""live-music""]",unionplace-nyc-2697
180,"unknown restaurant",thereadingroomnyc,https://lumina.viberyte.com/partner/180,none,Manhattan,NY,"[""cozy"",""intimate"",""sophisticated""]",[],unknown-restaurant-1488
508,unlimitedsushi,unlimitedsushi,https://lumina.viberyte.com/partner/508,none,Manhattan,NY,,"[""upbeat"",""pop"",""electronic""]",unlimitedsushi-2698
509,unlistednyc,unlistednyc,https://lumina.viberyte.com/partner/509,none,Manhattan,NY,,"[""chill-out"",""electronic"",""pop"",""indie""]",unlistednyc-2699
510,upthainyc,upthainyc,https://lumina.viberyte.com/partner/510,none,Manhattan,NY,,"[""acoustic"",""world-music""]",upthainyc-2700
511,vertfraisnyc,vertfraisnyc,https://lumina.viberyte.com/partner/511,none,Manhattan,NY,,"[""chill-hop"",""acoustic"",""lo-fi""]",vertfraisnyc-2701
512,vistamarnyc,vistamarcityisland,https://lumina.viberyte.com/partner/512,none,Manhattan,NY,,"[""soft-rock"",""acoustic"",""jazz"",""live-jazz""]",vistamarnyc-2702
513,vistaskylounge,vistaskylounge,https://lumina.viberyte.com/partner/513,none,Manhattan,NY,,"[""live-jazz""]",vistaskylounge-2703
514,volperistorante,volperistorante,https://lumina.viberyte.com/partner/514,none,Manhattan,NY,,"[""jazz"",""classical"",""live-jazz""]",volperistorante-2704
515,wabinorinyc,wabinorinyc,https://lumina.viberyte.com/partner/515,none,Manhattan,NY,,"[""world-music"",""acoustic""]",wabinorinyc-2705
516,watermarkny,watermarkny,https://lumina.viberyte.com/partner/516,none,Manhattan,NY,,"[""pop"",""chill"",""acoustic"",""jazz"",""live-jazz""]",watermarkny-2706
517,waverly_inn,waverly_inn,https://lumina.viberyte.com/partner/517,none,Manhattan,NY,,"[""soft-rock"",""jazz"",""acoustic"",""live-jazz""]",waverly-inn-2707
518,willowandwhisk,willow.and.whisk,https://lumina.viberyte.com/partner/518,none,Manhattan,NY,,"[""acoustic"",""indie"",""chill-pop""]",willowandwhisk-2710
519,winsonbrooklyn,jamesandkarla,https://lumina.viberyte.com/partner/519,none,Manhattan,NY,,"[""indie"",""chill-hop"",""acoustic""]",winsonbrooklyn-2711
520,wonderlandcocktailbar,wonderlandcocktailbar,https://lumina.viberyte.com/partner/520,none,Manhattan,NY,,"[""edm"",""soca""]",wonderlandcocktailbar-2712
521,xamanroomspeakeasy,xamanroomspeakeasy,https://lumina.viberyte.com/partner/521,none,Manhattan,NY,,"[""live-music"",""jazz"",""soul"",""acoustic"",""live-jazz""]",xamanroomspeakeasy-2715
522,yingtaonycYing,yingtaonycYing,https://lumina.viberyte.com/partner/522,none,Manhattan,NY,,"[""soft-pop""]",yingtaonycying-2717
523,zaabzaabny,zaabzaabny,https://lumina.viberyte.com/partner/523,none,Manhattan,NY,,"[""world"",""indie""]",zaabzaabny-2718
524,zumarestaurant,zumarestaurant,https://lumina.viberyte.com/partner/524,none,Manhattan,NY,,"[""chill-hop"",""jazz"",""contemporary"",""live-jazz""]",zumarestaurant-2719
179,"Mangia Toscano",mangia_toscano,https://lumina.viberyte.com/partner/179,none,Metuchen,NJ,"[""intimate"",""romantic"",""cozy""]",[],mangia-toscano-1461
64,"Jasper Stone Italian Steakhouse",jasperstonenj,https://lumina.viberyte.com/partner/64,none,"Monroe Township",NJ,"[""intimate"",""romantic"",""upscale"",""cozy""]",[],jasper-stone-italian-steakhous-373
1065,"Antika Grill",antika_grill,https://lumina.viberyte.com/partner/1065,none,Montclair,NJ,,"lounge,ambient",antika-grill-3848
1083,"Cap't Loui",captlouiusa,https://lumina.viberyte.com/partner/1083,none,Montclair,NJ,,[],cap-t-loui-3885
1089,"Chashni Cafe",chashnichaico,https://lumina.viberyte.com/partner/1089,none,Montclair,NJ,,[],chashni-cafe-3895
1948,Dhamaal,dhamaalnj,https://lumina.viberyte.com/partner/1948,none,Montclair,NJ,"[""intimate"", ""date_night""]",,dhamaal-12845
1932,"Faubourg Montclair",faubourgweehawken,https://lumina.viberyte.com/partner/1932,none,Montclair,NJ,"[""upscale"", ""trendy""]",,faubourg-montclair-12829
1057,"Fresco Da Franco",fresco_da_franco,https://lumina.viberyte.com/partner/1057,none,Montclair,NJ,,"house,hip-hop,electronic",fresco-da-franco-3819
1066,"Fume Cigar Shop & Lounge",fume_46,https://lumina.viberyte.com/partner/1066,none,Montclair,NJ,"[""relaxed"",""cozy"",""intimate""]","[""live-jazz""]",fume-cigar-shop-lounge-3850
1069,"Fusionista - Modern Peruvian Cuisine",fusionistamontclair,https://lumina.viberyte.com/partner/1069,none,Montclair,NJ,,[],fusionista-modern-peruvian-cui-3863
1078,"Gioia Mia",gioiamianj,https://lumina.viberyte.com/partner/1078,none,Montclair,NJ,,[],gioia-mia-3876
1058,"Just Jake's",justjakes_montclair,https://lumina.viberyte.com/partner/1058,none,Montclair,NJ,,"pop,hip hop,electronic",just-jake-s-3820
1077,"La Rocca Osteria",larocca.osteria,https://lumina.viberyte.com/partner/1077,none,Montclair,NJ,,[],la-rocca-osteria-3875
1074,"Laboratorio Kitchen",laboratoriokitchen,https://lumina.viberyte.com/partner/1074,none,Montclair,NJ,,[],laboratorio-kitchen-3869
1088,"Marcel Kitchen",marcelkitchen,https://lumina.viberyte.com/partner/1088,none,Montclair,NJ,,[],marcel-kitchen-3894
1070,"Meet Me at Madison's",meetmeatmadisonsmontclair,https://lumina.viberyte.com/partner/1070,none,Montclair,NJ,,[],meet-me-at-madison-s-3864
1085,"Minias Montclair",miniasdeli,https://lumina.viberyte.com/partner/1085,none,Montclair,NJ,,[],minias-montclair-3887
1071,"MishMish Cafe",mishmishmontclair,https://lumina.viberyte.com/partner/1071,none,Montclair,NJ,,[],mishmish-cafe-3866
1064,"Montclair Brewery",montclairbrew,https://lumina.viberyte.com/partner/1064,none,Montclair,NJ,"[""cozy"",""vibrant"",""community-centric""]","[""live-music"",""trivia""]",montclair-brewery-3845
1061,"Montclair Chill",montclairchill,https://lumina.viberyte.com/partner/1061,none,Montclair,NJ,"[""vibrant"",""energetic"",""loud""]","[""hip-hop"",""afrobeats"",""reggaeton""]",montclair-chill-3834
1084,"Nami Nori Montclair",naminori.us,https://lumina.viberyte.com/partner/1084,none,Montclair,NJ,,[],nami-nori-montclair-3886
1081,"Palazzo Pasta Company",palazzopastaco,https://lumina.viberyte.com/partner/1081,none,Montclair,NJ,,[],palazzo-pasta-company-3882
1080,"Sam's Table",SamsTableNJ,https://lumina.viberyte.com/partner/1080,none,Montclair,NJ,,[],sam-s-table-3878
1046,"Sapori Montclair",saporinj,https://lumina.viberyte.com/partner/1046,none,Montclair,NJ,,[],sapori-montclair-3797
1079,"Sayola Restaurant",sayolarestaurant,https://lumina.viberyte.com/partner/1079,none,Montclair,NJ,,[],sayola-restaurant-3877
1060,"That 80's Bar",that80sbar,https://lumina.viberyte.com/partner/1060,none,Montclair,NJ,,"80s,pop,dance",that-80-s-bar-3829
1086,"The Corner",thecornermontclair,https://lumina.viberyte.com/partner/1086,none,Montclair,NJ,,[],the-corner-3888
1087,"Toast Montclair",toastcitydiner_,https://lumina.viberyte.com/partner/1087,none,Montclair,NJ,,[],toast-montclair-3889
1075,"Turtle + the Wolf",turtleandthewolf,https://lumina.viberyte.com/partner/1075,none,Montclair,NJ,,[],turtle-the-wolf-3873
1076,"Walnut Street Kitchen",walnutstreetkitchen_,https://lumina.viberyte.com/partner/1076,none,Montclair,NJ,,[],walnut-street-kitchen-3874
1072,"Zeugma Grill",zeugmanj,https://lumina.viberyte.com/partner/1072,none,Montclair,NJ,,[],zeugma-grill-3867
157,"Rey Sol Coffee",reysolcoffee,https://lumina.viberyte.com/partner/157,none,Morristown,NJ,"[""cozy"",""inviting"",""hidden-gem""]",[],rey-sol-coffee-1306
119,"Park Social",parksocial_nj,https://lumina.viberyte.com/partner/119,none,"Neptune City",NJ,"[""vibrant"",""trendy"",""instagram-worthy""]","[""live-music"",""pop""]",park-social-999
107,"Casa Ragazzini",casaragazzinj,https://lumina.viberyte.com/partner/107,none,"New Brunswick",NJ,"[""upscale"",""romantic"",""trendy""]",[],casa-ragazzini-839
1010,"Crespo Hookah Grill",crespolounge,https://lumina.viberyte.com/partner/1010,none,"New Milford",NJ,"[""vibrant"",""lively"",""trendy""]","[""hip-hop"",""afrobeats"",""reggaeton""]",crespo-hookah-grill-3673
54,"Aura Lounge",aura57nyc,https://lumina.viberyte.com/partner/54,none,"New York",NJ,"[""vibrant"",""trendy"",""energetic""]","[""edm"",""hip-hop"",""r&b"",""soca""]",aura-lounge-269
990,"Cotton Club",cottonclubnyc,https://lumina.viberyte.com/partner/990,none,"New York",NJ,,"hip-hop,r&b,dance",cotton-club-3635
983,"Skinny's Cantina On The Hudson",skinnyscantinaonthehudson,https://lumina.viberyte.com/partner/983,none,"New York",NJ,,"[""afrobeats"",""hip-hop"",""r&b"",""live-band"",""top-40""]",skinny-s-cantina-on-the-hudson-3621
16,"Sticky Catfish",fishcheeksnyc,https://lumina.viberyte.com/partner/16,none,"New York",NJ,"[""vibrant"",""casual"",""welcoming""]",[],stickycatfish01
1036,"All Points West Distillery",allpointswestdistillery,https://lumina.viberyte.com/partner/1036,none,Newark,NJ,"[""vibrant"",""trendy"",""social""]","[""live-music"",""hip-hop"",""afrobeats""]",all-points-west-distillery-3766
1947,"Ammas kitchen",ammaskitchenus,https://lumina.viberyte.com/partner/1947,none,Newark,NJ,"[""casual"", ""cultural""]",,ammas-kitchen-12844
1055,"Banh & Bo",banhandbo.official,https://lumina.viberyte.com/partner/1055,none,Newark,NJ,,[],banh-bo-3816
1925,"Bistro Taino",bistrotaino,https://lumina.viberyte.com/partner/1925,none,Newark,NJ,"[""cultural"", ""intimate""]",,bistro-taino-12822
1053,"Brick City Vegan Newark",brickcityvegan,https://lumina.viberyte.com/partner/1053,none,Newark,NJ,,"[""live-music""]",brick-city-vegan-newark-3811
1938,"Brisas Bakery & Restaurant",brisas.morris,https://lumina.viberyte.com/partner/1938,none,Newark,NJ,"[""casual"", ""family""]",,brisas-bakery-restaurant-12835
1026,"Burke's Tavern",burkes_tavern,https://lumina.viberyte.com/partner/1026,none,Newark,NJ,"[""lively"",""casual"",""vibrant""]","[""live-music"",""rock""]",burke-s-tavern-3729
1926,Burkindi,burkindi94,https://lumina.viberyte.com/partner/1926,none,Newark,NJ,"[""intimate"", ""cultural""]",,burkindi-12823
1979,"Campino Restaurant",campino_restaurant,https://lumina.viberyte.com/partner/1979,none,Newark,NJ,"[""upscale"", ""cultural""]",,campino-restaurant-12876
1934,"Chofi Taco",chofifamilia,https://lumina.viberyte.com/partner/1934,none,Newark,NJ,"[""casual"", ""lively""]",,chofi-taco-12831
1941,"Churrasco Grill",churrascogrillnj,https://lumina.viberyte.com/partner/1941,none,Newark,NJ,"[""intimate"", ""cultural""]",,churrasco-grill-12838
1422,Consigliere,consiglierewine,https://lumina.viberyte.com/partner/1422,none,Newark,,"[""lively"",""trendy"",""exclusive"",""instagram-worthy""]","[""hip-hop"",""r&b"",""afrobeats""]",consigliere-11497
1096,"Cornbread Soul",cornbreadsoul,https://lumina.viberyte.com/partner/1096,none,Newark,NJ,,[],cornbread-soul-10851
1028,"Cozy Bar & Grill",sagres_bar,https://lumina.viberyte.com/partner/1028,none,Newark,NJ,,"classic-rock,top-40",cozy-bar-grill-3735
1928,"Cuba Libre Restaurant & Rum Bar",cubalibreatlanticcity,https://lumina.viberyte.com/partner/1928,none,Newark,NJ,"[""lively"", ""cultural""]",,cuba-libre-restaurant-rum-bar-12825
1044,"Dayton Steakhouse Bar & Grill",daytonsteaknj,https://lumina.viberyte.com/partner/1044,none,Newark,NJ,,[],dayton-steakhouse-bar-grill-3793
1051,"Deluxe Diner",deluxedinernewark,https://lumina.viberyte.com/partner/1051,none,Newark,NJ,,[],deluxe-diner-3807
1935,"Don Alex Restaurant",donalexrestaurantenj,https://lumina.viberyte.com/partner/1935,none,Newark,NJ,"[""intimate"", ""cultural""]",,don-alex-restaurant-12832
1922,"Esquina Latina",esquinalatina,https://lumina.viberyte.com/partner/1922,none,Newark,NJ,"[""lively"", ""date_night""]",,esquina-latina-12819
1048,"Firebirds Wood Fired Grill",firebirdsgrill,https://lumina.viberyte.com/partner/1048,none,Newark,NJ,,[],firebirds-wood-fired-grill-3800
1038,"Five Corners Ristorante",fivecornersnewark,https://lumina.viberyte.com/partner/1038,none,Newark,NJ,,[],five-corners-ristorante-3773
1951,"Four Monkeys Indian Bistro",4monkeysbistro,https://lumina.viberyte.com/partner/1951,none,Newark,NJ,"[""upscale"", ""cultural""]",,four-monkeys-indian-bistro-12848
1977,Godavari,godavari_restaurants,https://lumina.viberyte.com/partner/1977,none,Newark,NJ,"[""upscale"", ""trendy""]",,godavari-12874
1967,"Hadaka Asbury Park",hadakaasbury,https://lumina.viberyte.com/partner/1967,none,Newark,NJ,"[""upscale"", ""intimate""]",,hadaka-asbury-park-12864
1032,"Ikoyi Restaurant and Lounge",ikoyirestaurantnj,https://lumina.viberyte.com/partner/1032,none,Newark,NJ,,"afrobeats,lounge",ikoyi-restaurant-and-lounge-3746
1975,"Istanbul Grill House Turkish Restaurant",istanbul_grill_house,https://lumina.viberyte.com/partner/1975,none,Newark,NJ,"[""casual"", ""family""]",,istanbul-grill-house-turkish-r-12872
1927,Jerkies,jerkiesnj,https://lumina.viberyte.com/partner/1927,none,Newark,NJ,"[""cultural"", ""family""]",,jerkies-12824
1029,"Krug's Tavern",krugs_tavern,https://lumina.viberyte.com/partner/1029,none,Newark,NJ,"[""lively"",""casual"",""community-oriented""]","[""mixed""]",krug-s-tavern-3736
1929,"La Fiamma",lafiammainharrison,https://lumina.viberyte.com/partner/1929,none,Newark,NJ,"[""upscale"", ""intimate""]",,la-fiamma-12826
886,"Little Tijuana",littletijuananj,https://lumina.viberyte.com/partner/886,none,Newark,NJ,"[""vibrant"",""casual"",""lively""]","[""hip-hop"",""latin"",""reggaeton""]",little-tijuana-3425
1921,Lotus,lotusrooftopnj,https://lumina.viberyte.com/partner/1921,none,Newark,NJ,"[""lively"", ""trendy""]",,lotus-12818
1956,"MR Tandoor Indian Cuisine",mr.tandoor_nj,https://lumina.viberyte.com/partner/1956,none,Newark,NJ,"[""intimate"", ""date_night""]",,mr-tandoor-indian-cuisine-12853
1025,"Marbella Lounge",mtsproductions,https://lumina.viberyte.com/partner/1025,none,Newark,NJ,,"house,lounge,deep-house",marbella-lounge-3715
1042,"Medallion Steakhouse & Seafood",medallionrestaurantnj,https://lumina.viberyte.com/partner/1042,none,Newark,NJ,,[],medallion-steakhouse-seafood-3789
1040,"Mompou Tapas Bar & Restaurant",mompoutapas,https://lumina.viberyte.com/partner/1040,none,Newark,NJ,,[],mompou-tapas-bar-restaurant-3780
1966,"Naoki Sushi",naoki_sushidining,https://lumina.viberyte.com/partner/1966,none,Newark,NJ,"[""upscale"", ""intimate""]",,naoki-sushi-12863
1033,"Neptune's Bar & Grille",neptunesbar_grill,https://lumina.viberyte.com/partner/1033,none,Newark,NJ,,"[""hip-hop"",""r&b""]",neptune-s-bar-grille-3751
1937,"Noches de Colombia",noches_elizabeth,https://lumina.viberyte.com/partner/1937,none,Newark,NJ,"[""cultural"", ""family""]",,noches-de-colombia-12834
1030,"Nuestra Casa Bar & Restaurant",genkiya_sushi,https://lumina.viberyte.com/partner/1030,none,Newark,NJ,,"reggaeton,latin,salsa",nuestra-casa-bar-restaurant-3740
1931,Palma,palmanyc,https://lumina.viberyte.com/partner/1931,none,Newark,NJ,"[""upscale"", ""romantic""]",,palma-12828
1939,"Parador Rojo Restaurant",paradorrojo,https://lumina.viberyte.com/partner/1939,none,Newark,NJ,"[""cultural"", ""lively""]",,parador-rojo-restaurant-12836
1027,"PortuCale Restaurant & Bar",portucale_restaurant,https://lumina.viberyte.com/partner/1027,none,Newark,NJ,,[],portucale-restaurant-bar-3734
1991,"QXT's Night Club",qxtsnightclub,https://lumina.viberyte.com/partner/1991,none,Newark,NY,"[""lively"", ""late_night""]",,qxt-s-night-club-12888
1953,"Rani Indian Fine Dining Restaurant, Lounge, & Bar",ranirestaurantnj_usa,https://lumina.viberyte.com/partner/1953,none,Newark,NJ,"[""upscale"", ""romantic""]",,rani-indian-fine-dining-restau-12850
1056,"Sabor Unido",saborunido,https://lumina.viberyte.com/partner/1056,none,Newark,NJ,,[],sabor-unido-3818
1043,"Sol-Mar Restaurant",solmar_restaurant,https://lumina.viberyte.com/partner/1043,none,Newark,NJ,,[],sol-mar-restaurant-3791
1976,"Solaz Mediterranean Cuisine + Full Swing Golf Suites",experiencesolaz,https://lumina.viberyte.com/partner/1976,none,Newark,NJ,"[""upscale"", ""group_friendly""]",,solaz-mediterranean-cuisine-fu-12873
1964,"Sushi Aoki - Japanese owner chef Omakase",sushiaoki_usa,https://lumina.viberyte.com/partner/1964,none,Newark,NJ,"[""upscale"", ""intimate""]",,sushi-aoki-japanese-owner-chef-12861
1969,"Sushi Kai",sushikai_nj,https://lumina.viberyte.com/partner/1969,none,Newark,NJ,"[""upscale"", ""romantic""]",,sushi-kai-12866
1980,"TEAK Restaurant & Bar",teakredbank,https://lumina.viberyte.com/partner/1980,none,Newark,NJ,"[""upscale"", ""lively"", ""rooftop""]",,teak-restaurant-bar-12877
1957,"Tandoor India",tandoor__india,https://lumina.viberyte.com/partner/1957,none,Newark,NJ,"[""casual"", ""cultural""]",,tandoor-india-12854
1942,"Tango Argentinian Steakhouse",tangorestaurantny,https://lumina.viberyte.com/partner/1942,none,Newark,NJ,"[""family"", ""intimate""]",,tango-argentinian-steakhouse-12839
1031,"The City Lounge and Restaurant",citylounge973,https://lumina.viberyte.com/partner/1031,none,Newark,NJ,,"[""hip-hop""]",the-city-lounge-and-restaurant-3743
1944,"The Cuban",thecubanhoboken.nj,https://lumina.viberyte.com/partner/1944,none,Newark,NJ,"[""upscale"", ""lively""]",,the-cuban-12841
18,"The Deep Inn",thedeepinn,https://lumina.viberyte.com/partner/18,none,Newark,NJ,"[""vibrant"",""cozy"",""local""]","[""hip-hop"",""live-music""]",deepinn01
1958,"The Kalbi Korean BBQ Restaurant",the.kalbi,https://lumina.viberyte.com/partner/1958,none,Newark,NJ,"[""upscale"", ""group_friendly""]",,the-kalbi-korean-bbq-restauran-12855
1049,"The Newark Standard",standardcafenewark,https://lumina.viberyte.com/partner/1049,none,Newark,NJ,,[],the-newark-standard-3803
1054,"The Origin Restaurant & Lounge",the_origin_lounge,https://lumina.viberyte.com/partner/1054,none,Newark,NJ,,[],the-origin-restaurant-lounge-3814
1981,"The Park Steakhouse",theparksteakhouse,https://lumina.viberyte.com/partner/1981,none,Newark,NJ,"[""upscale"", ""date_night""]",,the-park-steakhouse-12878
1039,"The Yard",theyardnewark,https://lumina.viberyte.com/partner/1039,none,Newark,NJ,,[],the-yard-3774
1930,"Trattoria Napoli",trattorianapoli4525,https://lumina.viberyte.com/partner/1930,none,Newark,NJ,"[""casual"", ""family""]",,trattoria-napoli-12827
1050,"Vonda's Kitchen",vondaskitchen,https://lumina.viberyte.com/partner/1050,none,Newark,NJ,,[],vonda-s-kitchen-3806
1961,"Wabi Sabi",wabisabinj,https://lumina.viberyte.com/partner/1961,none,Newark,NJ,"[""upscale"", ""intimate""]",,wabi-sabi-12858
1020,"Azrak Mediterranean Cuisine",azrakrestaurant,https://lumina.viberyte.com/partner/1020,none,"North Bergen",NJ,,[],azrak-mediterranean-cuisine-3698
1015,"Blazin Chicken & Gyro",blazinchickengyro,https://lumina.viberyte.com/partner/1015,none,"North Bergen",NJ,,[],blazin-chicken-gyro-3689
1005,"Harry’s Food and Drink",harrysfoodanddrink,https://lumina.viberyte.com/partner/1005,none,"North Bergen",NJ,"[""vibrant"",""trendy"",""energetic"",""upscale""]","[""hip-hop"",""r&b"",""pop""]",harry-s-food-and-drink-3666
1009,"Lolitas Mexican Cantina NB",lolitasmexicancantina,https://lumina.viberyte.com/partner/1009,none,"North Bergen",NJ,,"[""latin"",""reggaeton"",""mixed""]",lolitas-mexican-cantina-nb-3672
1008,"New Jersey Beer Co.",njbeerco,https://lumina.viberyte.com/partner/1008,none,"North Bergen",NJ,"[""vibrant"",""casual"",""social""]","[""top-40""]",new-jersey-beer-co-3671
1014,"Porto By Antonio",portobyantonio,https://lumina.viberyte.com/partner/1014,none,"North Bergen",NJ,,[],porto-by-antonio-3688
1007,"Rancho Mateo",ranchomateonj,https://lumina.viberyte.com/partner/1007,none,"North Bergen",NJ,,"[""latin"",""reggaeton"",""mixed""]",rancho-mateo-3669
1012,"Trattoria La Sorrentina",lasorrentina,https://lumina.viberyte.com/partner/1012,none,"North Bergen",NJ,,[],trattoria-la-sorrentina-3683
959,"Waterside Restaurant and Catering",watersidenj,https://lumina.viberyte.com/partner/959,none,"North Bergen",NJ,,[],waterside-restaurant-and-cater-3578
1024,"Zapallar Restaurant & Bakery",zapallarrestaurant,https://lumina.viberyte.com/partner/1024,none,"North Bergen",NJ,,[],zapallar-restaurant-bakery-3713
138,"Carrello di Cannoli",carrellodicannoli,https://lumina.viberyte.com/partner/138,none,"North Jersey",NJ,"[""cozy"",""hidden-gem""]",[],carrello-di-cannoli-1110
1034,"Miracle on Centre at Cowan's Public",cowans_public,https://lumina.viberyte.com/partner/1034,none,Nutley,NJ,"[""upscale"",""trendy"",""vibrant""]","[""live-music""]",miracle-on-centre-at-cowan-s-p-3760
1067,"The Old Canal Inn",oldcanalinn,https://lumina.viberyte.com/partner/1067,none,Nutley,NJ,"[""cozy"",""vibrant"",""local""]","[""hip-hop"",""house""]",the-old-canal-inn-3854
158,"Madison Modern",madison_modern,https://lumina.viberyte.com/partner/158,none,"Old Bridge",NJ,"[""vibrant"",""upscale"",""trendy""]",[],madison-modern-1316
93,"ORA FreeStyle Italian",orainthedell,https://lumina.viberyte.com/partner/93,none,Oradell,NJ,"[""upscale"",""trendy"",""vibrant""]",[],ora-freestyle-italian-700
252,Ora,northjerseyeats,https://lumina.viberyte.com/partner/252,none,Oradell,NJ,"[""upscale"",""trendy"",""vibrant""]","[""hip-hop"",""r&b"",""pop""]",ora-2217
972,"Karaoke Rock 21",rock21karaoke,https://lumina.viberyte.com/partner/972,none,"Palisades Park",NJ,"[""lively"",""vibrant"",""social""]","[""live-music"",""pop"",""rock""]",karaoke-rock-21-3599
1970,"Old Shanghai Soup Dumplings",oldshanghaisd,https://lumina.viberyte.com/partner/1970,none,"Palisades Park",NJ,"[""casual"", ""cultural""]",,old-shanghai-soup-dumplings-12867
1959,"Third Floor Karaoke (삼층포차 노래방)",mui_karaoke_nj,https://lumina.viberyte.com/partner/1959,none,"Palisades Park",NJ,"[""lively"", ""group_friendly""]",,third-floor-karaoke-12856
979,"Third Floor Pocha & Karaoke (삼층포차 & 노래방)",thirdfloor_nj,https://lumina.viberyte.com/partner/979,none,"Palisades Park",NJ,"[""vibrant"",""intimate"",""trendy""]","[""hip-hop"",""top-40""]",third-floor-pocha-karaoke-3614
1936,"El Gordo",elgordoeatery,https://lumina.viberyte.com/partner/1936,none,Passaic,NJ,"[""casual"", ""cultural""]",,el-gordo-12833
230,"Al Basha",eatalbasha,https://lumina.viberyte.com/partner/230,none,Paterson,NJ,"[""vibrant"",""welcoming"",""casual""]","[""mixed""]",al-basha-2004
964,"Hot Butter Soul Supper Club",hotbutter_soulsupperclub,https://lumina.viberyte.com/partner/964,none,Pennsauken,NJ,,"[""live-music""]",hot-butter-soul-supper-club-3585
1143,"1 Tippling Place",1tpl,https://lumina.viberyte.com/partner/1143,none,Philadelphia,PA,,"[""mixed""]",1-tippling-place-10920
1250,"48th Street Grille",48thstreetgrille,https://lumina.viberyte.com/partner/1250,none,Philadelphia,PA,,[],48th-street-grille-11087
1234,"637 Philly Sushi Club",yanaga_kappo_izakaya,https://lumina.viberyte.com/partner/1234,none,Philadelphia,PA,,[],637-philly-sushi-club-11050
1257,"African Small Pot",asmallpot,https://lumina.viberyte.com/partner/1257,none,Philadelphia,PA,,[],african-small-pot-11108
1262,"Alif Brew & Mini Mart Inc.",salamcafephl,https://lumina.viberyte.com/partner/1262,none,Philadelphia,PA,,[],alif-brew-mini-mart-inc-11129
1293,"Almyra Restaurant",almyraphl,https://lumina.viberyte.com/partner/1293,none,Philadelphia,PA,,[],almyra-restaurant-11182
1207,"Alpen Rose",alpenrosephl,https://lumina.viberyte.com/partner/1207,none,Philadelphia,PA,,[],alpen-rose-11005
1210,"Ambra Restaurant",ambraphilly,https://lumina.viberyte.com/partner/1210,none,Philadelphia,PA,,[],ambra-restaurant-11008
1317,"Amma's South Indian Cuisine",ammasphiladelphia,https://lumina.viberyte.com/partner/1317,none,Philadelphia,PA,,[],amma-s-south-indian-cuisine-11226
1292,"Apricot Stone BYOB",apricotstonephilly,https://lumina.viberyte.com/partner/1292,none,Philadelphia,PA,,"[""live-music""]",apricot-stone-byob-11180
1189,"Ardmore Music Hall",ardmoremusichall,https://lumina.viberyte.com/partner/1189,none,Philadelphia,PA,,"[""live-music""]",ardmore-music-hall-10982
1160,"Assembly Rooftop Lounge",assemblyphl,https://lumina.viberyte.com/partner/1160,none,Philadelphia,PA,,"[""mixed""]",assembly-rooftop-lounge-10947
1162,"Attico Rooftop",atticorooftop,https://lumina.viberyte.com/partner/1162,none,Philadelphia,PA,,[],attico-rooftop-10950
1163,"BILLIONAIRE Cocktail Lounge",billionairecocktaillounge,https://lumina.viberyte.com/partner/1163,none,Philadelphia,PA,,"[""mixed""]",billionaire-cocktail-lounge-10951
1306,"Bai Wei",baiwei1038,https://lumina.viberyte.com/partner/1306,none,Philadelphia,PA,,[],bai-wei-11207
1134,"Bank & Bourbon",bankandbourbon,https://lumina.viberyte.com/partner/1134,none,Philadelphia,PA,,[],bank-bourbon-10907
1268,"Bar Bombón",barbombon,https://lumina.viberyte.com/partner/1268,none,Philadelphia,PA,,[],bar-bomb-n-11140
1284,Barbuzzo,barbuzzo,https://lumina.viberyte.com/partner/1284,none,Philadelphia,PA,,[],barbuzzo-11169
1203,"Barclay Prime",barclayprime,https://lumina.viberyte.com/partner/1203,none,Philadelphia,PA,,[],barclay-prime-11001
1288,Bastia,lifehousehotels,https://lumina.viberyte.com/partner/1288,none,Philadelphia,PA,,[],bastia-11176
1223,Bellini,bellini_ristorante_italiano,https://lumina.viberyte.com/partner/1223,none,Philadelphia,PA,,[],bellini-11028
1331,"Bistro Perrier",walnuthillcollege,https://lumina.viberyte.com/partner/1331,none,Philadelphia,PA,,[],bistro-perrier-11250
1221,"Bistro Romano",bistro.romano,https://lumina.viberyte.com/partner/1221,none,Philadelphia,PA,,[],bistro-romano-11024
1155,"Bleu Martini",bleumartiniphilly,https://lumina.viberyte.com/partner/1155,none,Philadelphia,PA,,"[""hip-hop"",""top-40"",""mixed""]",bleu-martini-10934
1180,"Blind Barber Philadelphia",blindbarber,https://lumina.viberyte.com/partner/1180,none,Philadelphia,PA,,"[""mixed""]",blind-barber-philadelphia-10970
1270,"Bodega Bar & Kitchen",bodegabarkitchen,https://lumina.viberyte.com/partner/1270,none,Philadelphia,PA,,[],bodega-bar-kitchen-11143
1267,Bolo,bolo_phl,https://lumina.viberyte.com/partner/1267,none,Philadelphia,PA,,[],bolo-11138
1294,"Bon Kif Grill",bonkifgrill,https://lumina.viberyte.com/partner/1294,none,Philadelphia,PA,,[],bon-kif-grill-11185
1114,"Brasil's Nightclub",brasils_night_club_,https://lumina.viberyte.com/partner/1114,none,Philadelphia,PA,,"[""latin"",""reggaeton"",""mixed""]",brasil-s-nightclub-10877
1303,Buddakan,buddakanpa,https://lumina.viberyte.com/partner/1303,none,Philadelphia,PA,,"[""mixed""]",buddakan-11197
1128,"Butcher Bar",butcherbarphl,https://lumina.viberyte.com/partner/1128,none,Philadelphia,PA,,[],butcher-bar-10898
1197,"Butcher and Singer",butcherandsinger,https://lumina.viberyte.com/partner/1197,none,Philadelphia,PA,,[],butcher-and-singer-10990
1157,Byblos,byblos.philly,https://lumina.viberyte.com/partner/1157,none,Philadelphia,PA,,"[""mixed""]",byblos-10939
1295,"Cafe La Maude",cafelamaude,https://lumina.viberyte.com/partner/1295,none,Philadelphia,PA,,[],cafe-la-maude-11186
1276,"Cantina Dos Segundos",cantinadossegundos,https://lumina.viberyte.com/partner/1276,none,Philadelphia,PA,,"[""latin"",""mixed""]",cantina-dos-segundos-11156
1249,"Caribbean Feast Cuisine",caribbeanfeastcuisine,https://lumina.viberyte.com/partner/1249,none,Philadelphia,PA,,[],caribbean-feast-cuisine-11086
1329,"Caribou Cafe",https:,https://lumina.viberyte.com/partner/1329,none,Philadelphia,PA,,[],caribou-cafe-11248
1286,"Casablanca Mediterranean Grill",casablancaphilly,https://lumina.viberyte.com/partner/1286,none,Philadelphia,PA,,[],casablanca-mediterranean-grill-11173
1166,"Chase Sapphire Lounge by The Club Philadelphia",chasesapphire,https://lumina.viberyte.com/partner/1166,none,Philadelphia,PA,,[],chase-sapphire-lounge-by-the-c-10955
1308,"Chatayee Thai",chatayeethai,https://lumina.viberyte.com/partner/1308,none,Philadelphia,PA,,[],chatayee-thai-11209
1255,"Chateau Rouge",chateaurouge.philly,https://lumina.viberyte.com/partner/1255,none,Philadelphia,PA,,[],chateau-rouge-11106
1334,"Chez Colette",sofitelphilly,https://lumina.viberyte.com/partner/1334,none,Philadelphia,PA,,[],chez-colette-11255
1350,"Chickie's & Pete's",chickiesandpetes,https://lumina.viberyte.com/partner/1350,none,Philadelphia,PA,,"[""top-40""]",chickie-s-pete-s-11274
1314,"Chon Tong Thai Kitchen and Dessert",chontongthai,https://lumina.viberyte.com/partner/1314,none,Philadelphia,PA,,[],chon-tong-thai-kitchen-and-des-11219
1230,"Chubby Nori | Sushi & Handroll Bar",chubby.group,https://lumina.viberyte.com/partner/1230,none,Philadelphia,PA,,[],chubby-nori-sushi-handroll-bar-11043
1152,"Cloud Factory Hookah Lounge",cloudfactoryhookah,https://lumina.viberyte.com/partner/1152,none,Philadelphia,PA,,"[""mixed""]",cloud-factory-hookah-lounge-10930
1112,Concourse,concoursedancebar,https://lumina.viberyte.com/partner/1112,none,Philadelphia,PA,,"[""house"",""edm""]",concourse-10875
1246,"Corinne's Place",corinnesplace,https://lumina.viberyte.com/partner/1246,none,Philadelphia,PA,,[],corinne-s-place-11075
1145,"Céline",context,https://lumina.viberyte.com/partner/1145,none,Philadelphia,PA,,"[""top-40""]",c-line-10923
1305,"DanDan Rittenhouse",dandanrittenhouse,https://lumina.viberyte.com/partner/1305,none,Philadelphia,PA,,[],dandan-rittenhouse-11203
1310,Dara,daraphilly,https://lumina.viberyte.com/partner/1310,none,Philadelphia,PA,,[],dara-11211
1201,"Darling Jack's Tavern",darlingjackstavern,https://lumina.viberyte.com/partner/1201,none,Philadelphia,PA,,"[""live-music""]",darling-jack-s-tavern-10996
1300,"Dim Sum Garden",dimsumgarden,https://lumina.viberyte.com/partner/1300,none,Philadelphia,PA,,[],dim-sum-garden-11191
1301,"Dim Sum House By Jane G's - Rittenhouse",dimsumhousephilly,https://lumina.viberyte.com/partner/1301,none,Philadelphia,PA,,[],dim-sum-house-by-jane-g-s-ritt-11193
1289,Dizengoff,dizengoff_philly,https://lumina.viberyte.com/partner/1289,none,Philadelphia,PA,,[],dizengoff-11177
1118,"Dolphin Tavern",dolphinphilly,https://lumina.viberyte.com/partner/1118,none,Philadelphia,PA,,"[""mixed""]",dolphin-tavern-10884
1261,"Doro Bet",dorobet_wphilly,https://lumina.viberyte.com/partner/1261,none,Philadelphia,PA,,"[""live-music""]",doro-bet-11128
1225,"Double Knot",doubleknot_phl,https://lumina.viberyte.com/partner/1225,none,Philadelphia,PA,,"[""live-music"",""karaoke""]",double-knot-11032
1298,"EMei 峨嵋",emeirestaurant,https://lumina.viberyte.com/partner/1298,none,Philadelphia,PA,,[],emei-11189
1256,"Eatwell Philly - African Restaurant and Lounge",eatwell.philly,https://lumina.viberyte.com/partner/1256,none,Philadelphia,PA,,"[""afrobeats"",""hip-hop"",""r&b""]",eatwell-philly-african-restaur-11107
1215,"Eddie V's Prime Seafood",eddievs_,https://lumina.viberyte.com/partner/1215,none,Philadelphia,PA,,[],eddie-v-s-prime-seafood-11014
1274,"El Chingon Philly",elchingonphilly,https://lumina.viberyte.com/partner/1274,none,Philadelphia,PA,,"[""latin"",""reggaeton""]",el-chingon-philly-11152
1272,"El Rey",elreyphilly,https://lumina.viberyte.com/partner/1272,none,Philadelphia,PA,,"[""latin"",""reggaeton"",""top-40""]",el-rey-11147
1171,"El Techo",eltechophilly,https://lumina.viberyte.com/partner/1171,none,Philadelphia,PA,,[],el-techo-10960
1271,"El Vez",elvezphilly,https://lumina.viberyte.com/partner/1271,none,Philadelphia,PA,,"[""latin"",""top-40""]",el-vez-11144
1290,Emmett,emmettphilly,https://lumina.viberyte.com/partner/1290,none,Philadelphia,PA,,[],emmett-11178
1177,"Emmy Squared Pizza: Queen Village",emmysquaredpizza,https://lumina.viberyte.com/partner/1177,none,Philadelphia,PA,,[],emmy-squared-pizza-queen-villa-10966
1116,"Euphoria Night Club",euphoriaphilly,https://lumina.viberyte.com/partner/1116,none,Philadelphia,PA,,"[""afrobeats"",""hip-hop""]",euphoria-night-club-10879
1311,"Every Thai",everythaiphilly,https://lumina.viberyte.com/partner/1311,none,Philadelphia,PA,,[],every-thai-11213
1227,"Fat Salmon Sushi",fatsalmon09,https://lumina.viberyte.com/partner/1227,none,Philadelphia,PA,,[],fat-salmon-sushi-11036
1351,"Fishtown Seafood",Fishtownseafood,https://lumina.viberyte.com/partner/1351,none,Philadelphia,PA,,[],fishtown-seafood-11276
1332,"Fleur's",fleursphilly,https://lumina.viberyte.com/partner/1332,none,Philadelphia,PA,,[],fleur-s-11252
1148,"Flight Club Philadelphia",flightclubdartsusa,https://lumina.viberyte.com/partner/1148,none,Philadelphia,PA,,"[""mixed""]",flight-club-philadelphia-10926
1327,Forsythia,forsythia_philly,https://lumina.viberyte.com/partner/1327,none,Philadelphia,PA,,[],forsythia-11246
1214,"Friday Saturday Sunday",friday.saturday.sunday,https://lumina.viberyte.com/partner/1214,none,Philadelphia,PA,,[],friday-saturday-sunday-11013
1349,"Gallo's Seafood",gallosseafood,https://lumina.viberyte.com/partner/1349,none,Philadelphia,PA,,[],gallo-s-seafood-11273
1240,"Geno's Steaks",genossteaks,https://lumina.viberyte.com/partner/1240,none,Philadelphia,PA,,[],geno-s-steaks-11064
1260,Gojjo,gojjo215,https://lumina.viberyte.com/partner/1260,none,Philadelphia,PA,,[],gojjo-11126
1137,"Good Dog Bar",gooddogbar,https://lumina.viberyte.com/partner/1137,none,Philadelphia,PA,,[],good-dog-bar-10912
1141,"Grace & Proper",graceandproperphilly,https://lumina.viberyte.com/partner/1141,none,Philadelphia,PA,,"[""mixed""]",grace-proper-10918
1181,"Graffiti Bar",sampanphilly,https://lumina.viberyte.com/partner/1181,none,Philadelphia,PA,,"[""mixed""]",graffiti-bar-10971
1304,"Grand Palace Restaurant",grandpalacephilly,https://lumina.viberyte.com/partner/1304,none,Philadelphia,PA,,[],grand-palace-restaurant-11201
1198,"Grandma's Philly",grandmas_philly,https://lumina.viberyte.com/partner/1198,none,Philadelphia,PA,,[],grandma-s-philly-10991
1337,"Green Eggs Café",greeneggscafe,https://lumina.viberyte.com/partner/1337,none,Philadelphia,PA,,[],green-eggs-caf-11258
1302,"Han Dynasty - Old City",handynasty,https://lumina.viberyte.com/partner/1302,none,Philadelphia,PA,,[],han-dynasty-old-city-11196
1129,"Harp & Crown",michaelschulson,https://lumina.viberyte.com/partner/1129,none,Philadelphia,PA,,[],harp-crown-10899
1170,"Harper's Garden",harpersgarden215,https://lumina.viberyte.com/partner/1170,none,Philadelphia,PA,,[],harper-s-garden-10959
1119,"Helium Comedy Club",heliumcomedyphl,https://lumina.viberyte.com/partner/1119,none,Philadelphia,PA,,[],helium-comedy-club-10885
1217,"Her Place Supper Club",herplacesupperclub,https://lumina.viberyte.com/partner/1217,none,Philadelphia,PA,,"[""live-music""]",her-place-supper-club-11016
1348,"Hook & Reel Cajun Seafood & Bar",17841407071182179,https://lumina.viberyte.com/partner/1348,none,Philadelphia,PA,,[],hook-reel-cajun-seafood-bar-11272
1324,"Indian Char House",indiancharhouse.philly,https://lumina.viberyte.com/partner/1324,none,Philadelphia,PA,,[],indian-char-house-11241
1320,"Indian Kitchen Lovash",indian_kitchen_lovash,https://lumina.viberyte.com/partner/1320,none,Philadelphia,PA,,[],indian-kitchen-lovash-11235
1156,"Infusion Lounge - Philly's Best Cocktails, Hookahs & Cigars",infusionphilly,https://lumina.viberyte.com/partner/1156,none,Philadelphia,PA,,"[""mixed""]",infusion-lounge-philly-s-best--10936
1251,"Irie Entree",irieentree,https://lumina.viberyte.com/partner/1251,none,Philadelphia,PA,,[],irie-entree-11089
1309,"JJ Thai Cuisine",jjthaicuisine_philly,https://lumina.viberyte.com/partner/1309,none,Philadelphia,PA,,[],jj-thai-cuisine-11210
1175,"Jean-Georges Philadelphia",jean.georgesphiladelphia,https://lumina.viberyte.com/partner/1175,none,Philadelphia,PA,,[],jean-georges-philadelphia-10964
1242,"Joey Chops",joeychopsmalvern,https://lumina.viberyte.com/partner/1242,none,Philadelphia,PA,,[],joey-chops-11066
1193,"Johnny Brenda's",johnnybrendas,https://lumina.viberyte.com/partner/1193,none,Philadelphia,PA,,[],johnny-brenda-s-10986
1307,Kalaya,kalayaphilly,https://lumina.viberyte.com/partner/1307,none,Philadelphia,PA,,[],kalaya-11208
1281,Kanella,kanellagrill,https://lumina.viberyte.com/partner/1281,none,Philadelphia,PA,,[],kanella-11166
1232,"Kiku Sushi",ezordernow,https://lumina.viberyte.com/partner/1232,none,Philadelphia,PA,,[],kiku-sushi-11048
1188,"Kimmel Center for the Performing Arts",ensembleartsphilly,https://lumina.viberyte.com/partner/1188,none,Philadelphia,PA,,"[""live-music""]",kimmel-center-for-the-performi-10981
1236,"Kissho House Japanese Cuisine & Omakase",stories,https://lumina.viberyte.com/partner/1236,none,Philadelphia,PA,,[],kissho-house-japanese-cuisine--11056
1226,"Kura Revolving Sushi Bar",kurasushi_usa,https://lumina.viberyte.com/partner/1226,none,Philadelphia,PA,,[],kura-revolving-sushi-bar-11035
1266,LMNO,lmnophilly,https://lumina.viberyte.com/partner/1266,none,Philadelphia,PA,,[],lmno-11135
1279,"La Jefa Café",lajefaphilly,https://lumina.viberyte.com/partner/1279,none,Philadelphia,PA,,[],la-jefa-caf-11160
1220,"La Nonna",lanonnaphilly,https://lumina.viberyte.com/partner/1220,none,Philadelphia,PA,,[],la-nonna-11022
1208,"Lacroix Restaurant at The Rittenhouse",lacroixrestaurant,https://lumina.viberyte.com/partner/1208,none,Philadelphia,PA,,[],lacroix-restaurant-at-the-ritt-11006
1176,Lark,lark_pa,https://lumina.viberyte.com/partner/1176,none,Philadelphia,PA,,[],lark-10965
1275,"Las Bugambilias",lasbugambiliasphilly,https://lumina.viberyte.com/partner/1275,none,Philadelphia,PA,,[],las-bugambilias-11153
1296,"Laser Wolf",laserwolf_philly,https://lumina.viberyte.com/partner/1296,none,Philadelphia,PA,,[],laser-wolf-11187
1343,"Little Fish BYOB",littlefishphilly,https://lumina.viberyte.com/partner/1343,none,Philadelphia,PA,,[],little-fish-byob-11266
1196,"Little Nonna's",littlenonnas,https://lumina.viberyte.com/partner/1196,none,Philadelphia,PA,,[],little-nonna-s-10989
1316,"Little Thai Market",rdgterminalmkt,https://lumina.viberyte.com/partner/1316,none,Philadelphia,PA,,[],little-thai-market-11221
1347,"Little Water",littlewaterphl,https://lumina.viberyte.com/partner/1347,none,Philadelphia,PA,,[],little-water-11271
1248,"Love & Honey Fried Chicken",loveandhoneyfriedchicken,https://lumina.viberyte.com/partner/1248,none,Philadelphia,PA,,[],love-honey-fried-chicken-11080
1346,"Luke's Lobster Rittenhouse",lukeslobster,https://lumina.viberyte.com/partner/1346,none,Philadelphia,PA,,[],luke-s-lobster-rittenhouse-11270
1154,"Luna Lounge",lunaloungephilly,https://lumina.viberyte.com/partner/1154,none,Philadelphia,PA,,"[""mixed""]",luna-lounge-10933
1333,"Mabu Kitchen",mabukitchenphilly,https://lumina.viberyte.com/partner/1333,none,Philadelphia,PA,,[],mabu-kitchen-11253
1241,"Malbec Argentine Steakhouse",malbecargentinesteakhouse,https://lumina.viberyte.com/partner/1241,none,Philadelphia,PA,,[],malbec-argentine-steakhouse-11065
1285,Malooga,MaloogaCatering,https://lumina.viberyte.com/partner/1285,none,Philadelphia,PA,,[],malooga-11172
1265,"Mamajuana Cafe Philly",mamajuanacafephilly,https://lumina.viberyte.com/partner/1265,none,Philadelphia,PA,,"[""latin"",""reggaeton"",""live-music""]",mamajuana-cafe-philly-11134
1338,"Marathon Grill",eatmarathon,https://lumina.viberyte.com/partner/1338,none,Philadelphia,PA,,[],marathon-grill-11260
1325,"Masala Kitchen : Kati Rolls & Platters",masalakitchenphilly,https://lumina.viberyte.com/partner/1325,none,Philadelphia,PA,,[],masala-kitchen-kati-rolls-plat-11243
1345,"McCormick & Schmick's Seafood & Steaks",mcandschmicks,https://lumina.viberyte.com/partner/1345,none,Philadelphia,PA,,[],mccormick-schmick-s-seafood-st-11268
1130,"McGillin's Olde Ale House",mcgillinsoldealehouse,https://lumina.viberyte.com/partner/1130,none,Philadelphia,PA,,"[""mixed""]",mcgillin-s-olde-ale-house-10900
1179,"Midnight & The Wicked",midnightandthewicked_,https://lumina.viberyte.com/partner/1179,none,Philadelphia,PA,,"[""edm"",""live-jazz""]",midnight-the-wicked-10968
1191,"MilkBoy Philadelphia",saultsmusic,https://lumina.viberyte.com/partner/1191,none,Philadelphia,PA,,[],milkboy-philadelphia-10984
1280,"Mission Taqueria",missiontaqueria,https://lumina.viberyte.com/partner/1280,none,Philadelphia,PA,,"[""latin"",""mixed""]",mission-taqueria-11162
1264,"Mixto Restaurante",mixtophilly,https://lumina.viberyte.com/partner/1264,none,Philadelphia,PA,,"[""latin"",""afrobeats""]",mixto-restaurante-11133
1287,Mona,monaphiladelphia,https://lumina.viberyte.com/partner/1287,none,Philadelphia,PA,,[],mona-11174
1209,Morimoto,morimotopa,https://lumina.viberyte.com/partner/1209,none,Philadelphia,PA,,[],morimoto-11007
1121,"Mr. Ivy",mrivyphiladelphia,https://lumina.viberyte.com/partner/1121,none,Philadelphia,PA,,"[""mixed""]",mr-ivy-10888
1328,"My Loup",myloup.phl,https://lumina.viberyte.com/partner/1328,none,Philadelphia,PA,,[],my-loup-11247
1115,"NOTO Philadelphia",notophl,https://lumina.viberyte.com/partner/1115,none,Philadelphia,PA,,"[""edm"",""hip-hop"",""top-40""]",noto-philadelphia-10878
1326,"New Delhi Indian Restaurant",newdelhiphilly,https://lumina.viberyte.com/partner/1326,none,Philadelphia,PA,,[],new-delhi-indian-restaurant-11244
1299,"Nom Wah Philadelphia",nomwah,https://lumina.viberyte.com/partner/1299,none,Philadelphia,PA,,[],nom-wah-philadelphia-11190
1213,"Ocean Prime",oceanprime,https://lumina.viberyte.com/partner/1213,none,Philadelphia,PA,,[],ocean-prime-11012
1228,"Ogawa Sushi & Kappo",ogawaphilly,https://lumina.viberyte.com/partner/1228,none,Philadelphia,PA,,[],ogawa-sushi-kappo-11038
1291,Olea,oleaphilly,https://lumina.viberyte.com/partner/1291,none,Philadelphia,PA,,[],olea-11179
1153,"Orient Hookah Lounge",orientphilly,https://lumina.viberyte.com/partner/1153,none,Philadelphia,PA,,"[""hip-hop""]",orient-hookah-lounge-10931
1192,"Ortlieb's",ortliebsphilly,https://lumina.viberyte.com/partner/1192,none,Philadelphia,PA,,[],ortlieb-s-10985
1218,Osteria,osteriaphilly,https://lumina.viberyte.com/partner/1218,none,Philadelphia,PA,,[],osteria-11017
1202,"Osteria Ama Philly",osteriaamaphilly,https://lumina.viberyte.com/partner/1202,none,Philadelphia,PA,,[],osteria-ama-philly-10997
1339,"Oyster House",phloysterhouse,https://lumina.viberyte.com/partner/1339,none,Philadelphia,PA,,[],oyster-house-11261
1269,"Paladar Latin Kitchen & 610 SOCIAL Bar + Lounge",paladarlatinkitchen,https://lumina.viberyte.com/partner/1269,none,Philadelphia,PA,,"[""latin"",""live-music"",""mixed""]",paladar-latin-kitchen-610-soci-11142
1216,Panorama,panorama_winebar,https://lumina.viberyte.com/partner/1216,none,Philadelphia,PA,,[],panorama-11015
1195,Parc,parcrittenhouse,https://lumina.viberyte.com/partner/1195,none,Philadelphia,PA,,[],parc-10988
1312,"Pattaya Thai Cuisine",pattaya_restaurant,https://lumina.viberyte.com/partner/1312,none,Philadelphia,PA,,[],pattaya-thai-cuisine-11214
1342,"Pearl and Mary Oyster Bar",pearlandmary_phl,https://lumina.viberyte.com/partner/1342,none,Philadelphia,PA,,[],pearl-and-mary-oyster-bar-11264
1182,"Pen & Pencil Club",penandpencilphilly,https://lumina.viberyte.com/partner/1182,none,Philadelphia,PA,,"[""mixed""]",pen-pencil-club-10973
1113,"Playroom Nightclub",playroomphl,https://lumina.viberyte.com/partner/1113,none,Philadelphia,PA,,"[""edm"",""hip-hop"",""top-40""]",playroom-nightclub-10876
1144,"Poison Heart",poisonheartbar,https://lumina.viberyte.com/partner/1144,none,Philadelphia,PA,,"[""mixed""]",poison-heart-10921
1224,"Popi's Restaurant",popisrestaurant,https://lumina.viberyte.com/partner/1224,none,Philadelphia,PA,,[],popi-s-restaurant-11031
1159,"Prime Fusion Afro Grill & Lounge",primefusionlounge_,https://lumina.viberyte.com/partner/1159,none,Philadelphia,PA,,"[""afrobeats"",""dancehall"",""soca""]",prime-fusion-afro-grill-lounge-10944
1205,Provenance,provenancephl,https://lumina.viberyte.com/partner/1205,none,Philadelphia,PA,,[],provenance-11003
1124,"Pyramid Club",pyramidclubphl,https://lumina.viberyte.com/partner/1124,none,Philadelphia,PA,,[],pyramid-club-10893
1147,"R&D Cocktail Bar",rd_philly,https://lumina.viberyte.com/partner/1147,none,Philadelphia,PA,,"[""mixed""]",r-d-cocktail-bar-10925
1222,"Ralph's Italian Restaurant",ralphsitalrest,https://lumina.viberyte.com/partner/1222,none,Philadelphia,PA,,[],ralph-s-italian-restaurant-11026
1132,"Ray's 'Happy Birthday' Bar",rayshappybirthdaybar,https://lumina.viberyte.com/partner/1132,none,Philadelphia,PA,,"[""mixed""]",ray-s-happy-birthday-bar-10903
1335,"Red Owl Tavern",redowltavern,https://lumina.viberyte.com/partner/1335,none,Philadelphia,PA,,[],red-owl-tavern-11256
1165,"Reef Restaurant & Lounge",philly.reef,https://lumina.viberyte.com/partner/1165,none,Philadelphia,PA,,"[""hip-hop"",""afrobeats"",""dancehall""]",reef-restaurant-lounge-10954
1252,"Reggae Reggae Vibes",reggaereggaevibes,https://lumina.viberyte.com/partner/1252,none,Philadelphia,PA,,"[""reggae""]",reggae-reggae-vibes-11098
1172,"Revolution House",revhouse200,https://lumina.viberyte.com/partner/1172,none,Philadelphia,PA,,"[""top-40"",""mixed""]",revolution-house-10961
1158,"Risque Hookah Lounge and Bar",null,https://lumina.viberyte.com/partner/1158,none,Philadelphia,PA,,"[""mixed""]",risque-hookah-lounge-and-bar-10943
1111,"Roar Nightclub",roarphilly,https://lumina.viberyte.com/partner/1111,none,Philadelphia,PA,,"[""mixed""]",roar-nightclub-10874
1123,Ruba,import,https://lumina.viberyte.com/partner/1123,none,Philadelphia,PA,,"[""live-band""]",ruba-10891
1243,"Ruth's Chris Steak House",ruthschris,https://lumina.viberyte.com/partner/1243,none,Philadelphia,PA,,[],ruth-s-chris-steak-house-11067
1185,"SOUTH Restaurant & Jazz Club",southjazzkitchen,https://lumina.viberyte.com/partner/1185,none,Philadelphia,PA,,"[""live-jazz""]",south-restaurant-jazz-club-10976
1146,STATIC!,rsrc.php,https://lumina.viberyte.com/partner/1146,none,Philadelphia,PA,,"[""mixed""]",static-10924
1254,"SUYA SUYA West African Grill",suyasuyaphilly,https://lumina.viberyte.com/partner/1254,none,Philadelphia,PA,,[],suya-suya-west-african-grill-11105
1212,"Saloon Restaurant",saloonphilly,https://lumina.viberyte.com/partner/1212,none,Philadelphia,PA,,[],saloon-restaurant-11011
1297,"Sang Kee Peking Duck House",sangkeechinatown,https://lumina.viberyte.com/partner/1297,none,Philadelphia,PA,,[],sang-kee-peking-duck-house-11188
1164,"Sapphire Caribbean Restaurant & Lounge",font,https://lumina.viberyte.com/partner/1164,none,Philadelphia,PA,,"[""afrobeats"",""dancehall"",""soca""]",sapphire-caribbean-restaurant--10952
1341,"Seafood Unlimited",seafood_unlimited,https://lumina.viberyte.com/partner/1341,none,Philadelphia,PA,,[],seafood-unlimited-11263
1344,"Seven Seas Mediterranean Seafood",sevenseasmediterranean,https://lumina.viberyte.com/partner/1344,none,Philadelphia,PA,,[],seven-seas-mediterranean-seafo-11267
1244,"Sheba's Soul Plate restaurant",shebas_soulplate,https://lumina.viberyte.com/partner/1244,none,Philadelphia,PA,,"[""live-music""]",sheba-s-soul-plate-restaurant-11072
1313,"Sichuan Mathai 川马泰",wordpressdotcom,https://lumina.viberyte.com/partner/1313,none,Philadelphia,PA,,[],sichuan-mathai-11218
1125,"Silk City",silkcitydiner,https://lumina.viberyte.com/partner/1125,none,Philadelphia,PA,,"[""live-music"",""top-40""]",silk-city-10895
1167,Skyhigh,skyhighphiladelphia,https://lumina.viberyte.com/partner/1167,none,Philadelphia,PA,,[],skyhigh-10956
1150,"Sonny's Cocktail Joint",formatjs,https://lumina.viberyte.com/partner/1150,none,Philadelphia,PA,,"[""mixed""]",sonny-s-cocktail-joint-10928
1273,"South Philly Barbacoa",barbacoachef,https://lumina.viberyte.com/partner/1273,none,Philadelphia,PA,,[],south-philly-barbacoa-11151
1282,"Spice Finch",spicefinchphilly,https://lumina.viberyte.com/partner/1282,none,Philadelphia,PA,,[],spice-finch-11167
1199,"Square 1682",square1682,https://lumina.viberyte.com/partner/1199,none,Philadelphia,PA,,[],square-1682-10993
1173,"Standard Tap",standardtap,https://lumina.viberyte.com/partner/1173,none,Philadelphia,PA,,[],standard-tap-10962
1238,"Steak 48",steak48,https://lumina.viberyte.com/partner/1238,none,Philadelphia,PA,,[],steak-48-11059
1136,"Strangelove's",strangelovesphilly,https://lumina.viberyte.com/partner/1136,none,Philadelphia,PA,,[],strangelove-s-10911
1161,Stratus,stratusloungephl,https://lumina.viberyte.com/partner/1161,none,Philadelphia,PA,,"[""mixed""]",stratus-10948
1239,"Sullivan's Steakhouse",sullivanssteakhouse,https://lumina.viberyte.com/partner/1239,none,Philadelphia,PA,,[],sullivan-s-steakhouse-11060
1321,"Sura Indian Bistro",suraindianbistro,https://lumina.viberyte.com/partner/1321,none,Philadelphia,PA,,[],sura-indian-bistro-11236
1283,"Suraya Restaurant",surayaphilly,https://lumina.viberyte.com/partner/1283,none,Philadelphia,PA,,"[""live-music""]",suraya-restaurant-11168
1247,"Sweet Lucy's Smokehouse",sweetlucys_bbq,https://lumina.viberyte.com/partner/1247,none,Philadelphia,PA,,[],sweet-lucy-s-smokehouse-11076
1237,"Taku Japanese Steakhouse",takusteakhouse,https://lumina.viberyte.com/partner/1237,none,Philadelphia,PA,,[],taku-japanese-steakhouse-11057
1194,"Talula's Garden",talulas.garden,https://lumina.viberyte.com/partner/1194,none,Philadelphia,PA,,[],talula-s-garden-10987
1278,"Tamalex Bar & Grill",tamalexbarandgrill,https://lumina.viberyte.com/partner/1278,none,Philadelphia,PA,,[],tamalex-bar-grill-11159
1277,"Tequilas Casa Mexicana",tequilasphilly,https://lumina.viberyte.com/partner/1277,none,Philadelphia,PA,,[],tequilas-casa-mexicana-11157
1318,"Thanal Indian Tavern",thanalphilly,https://lumina.viberyte.com/partner/1318,none,Philadelphia,PA,,[],thanal-indian-tavern-11227
1120,"The 700",the700_,https://lumina.viberyte.com/partner/1120,none,Philadelphia,PA,,"[""mixed""]",the-700-10887
1168,"The Continental Mid-town",continental_midtown,https://lumina.viberyte.com/partner/1168,none,Philadelphia,PA,,"[""top-40"",""mixed""]",the-continental-mid-town-10957
1142,"The Dandelion",thedandelionpub,https://lumina.viberyte.com/partner/1142,none,Philadelphia,PA,,[],the-dandelion-10919
1169,"The Deck Philly",moshuluphilly,https://lumina.viberyte.com/partner/1169,none,Philadelphia,PA,,"[""live-music"",""top-40""]",the-deck-philly-10958
1178,"The Franklin Mortgage & Investment Company",thefranklinmortgage,https://lumina.viberyte.com/partner/1178,none,Philadelphia,PA,,[],the-franklin-mortgage-investme-10967
1330,"The Good King Tavern",lecaveaubar,https://lumina.viberyte.com/partner/1330,none,Philadelphia,PA,,"[""live-music""]",the-good-king-tavern-11249
1139,"The Library Bar",the_rittenhouse,https://lumina.viberyte.com/partner/1139,none,Philadelphia,PA,,"[""dancehall""]",the-library-bar-10914
1138,"The Love.",thelovephilly,https://lumina.viberyte.com/partner/1138,none,Philadelphia,PA,,[],the-love-10913
1259,"The Motherland Cuisine",themotherlandcuisine,https://lumina.viberyte.com/partner/1259,none,Philadelphia,PA,,[],the-motherland-cuisine-11116
1127,"The Oasis",theoasisclubphilly,https://lumina.viberyte.com/partner/1127,none,Philadelphia,PA,,"[""mixed""]",the-oasis-10897
1133,"The Ranstead Room",theransteadroom,https://lumina.viberyte.com/partner/1133,none,Philadelphia,PA,,"[""live-jazz""]",the-ranstead-room-10905
1258,"The Saints Restaurant and Lounge",TheSaintsphl,https://lumina.viberyte.com/partner/1258,none,Philadelphia,PA,,[],the-saints-restaurant-and-loun-11109
1117,"The Trestle Inn",thetrestlespecials,https://lumina.viberyte.com/partner/1117,none,Philadelphia,PA,,"[""live-band""]",the-trestle-inn-10882
1190,"The Twisted Tail",twistedtailphl,https://lumina.viberyte.com/partner/1190,none,Philadelphia,PA,,"[""live-music""]",the-twisted-tail-10983
1219,"The Victor Café",victorcafe,https://lumina.viberyte.com/partner/1219,none,Philadelphia,PA,,[],the-victor-caf-11018
1126,"The Winston Social Club",thewinstonphl,https://lumina.viberyte.com/partner/1126,none,Philadelphia,PA,,"[""afrobeats"",""hip-hop"",""house"",""top-40""]",the-winston-social-club-10896
1253,"Tierra Colombiana Restaurant",tierracolombianarestaurant,https://lumina.viberyte.com/partner/1253,none,Philadelphia,PA,,[],tierra-colombiana-restaurant-11102
1131,Time,timerestaurant,https://lumina.viberyte.com/partner/1131,none,Philadelphia,PA,,"[""mixed""]",time-10901
1233,"Tomo Sushi & Ramen",tomophilly,https://lumina.viberyte.com/partner/1233,none,Philadelphia,PA,,[],tomo-sushi-ramen-11049
1174,"Topside Tavern",topsidetavernphilly,https://lumina.viberyte.com/partner/1174,none,Philadelphia,PA,,[],topside-tavern-10963
1245,"Tyemeka's Soul Food Restaurant",menufy,https://lumina.viberyte.com/partner/1245,none,Philadelphia,PA,,[],tyemeka-s-soul-food-restaurant-11073
1229,"UNI Japanese Cuisine | Japanese, Hibachi & Ramen Restaurant",uni.philly,https://lumina.viberyte.com/partner/1229,none,Philadelphia,PA,,[],uni-japanese-cuisine-japanese--11039
1235,"Umai Umai",umaiumai_phl,https://lumina.viberyte.com/partner/1235,none,Philadelphia,PA,,[],umai-umai-11055
1186,"Underground Arts",realmofobscura,https://lumina.viberyte.com/partner/1186,none,Philadelphia,PA,,[],underground-arts-10979
1184,"Union Transfer",uniontransfer,https://lumina.viberyte.com/partner/1184,none,Philadelphia,PA,,"[""live-music""]",union-transfer-10975
1187,VINYL,vinylphilly,https://lumina.viberyte.com/partner/1187,none,Philadelphia,PA,,"[""reggaeton""]",vinyl-10980
1319,"Veda - Modern Indian Bistro",vedaphilly,https://lumina.viberyte.com/partner/1319,none,Philadelphia,PA,,[],veda-modern-indian-bistro-11229
1340,"Vernick Fish",vernickfish,https://lumina.viberyte.com/partner/1340,none,Philadelphia,PA,,[],vernick-fish-11262
1211,"Vernick Food & Drink",vernickwine,https://lumina.viberyte.com/partner/1211,none,Philadelphia,PA,,[],vernick-food-drink-11009
1204,"Vetri Cucina",vetricucinaphl,https://lumina.viberyte.com/partner/1204,none,Philadelphia,PA,,[],vetri-cucina-11002
1135,"Victory Brewing Company Philadelphia",victorytaproom_phl,https://lumina.viberyte.com/partner/1135,none,Philadelphia,PA,,"[""mixed""]",victory-brewing-company-philad-10908
1315,"Vientiane Café",vientianecafe,https://lumina.viberyte.com/partner/1315,none,Philadelphia,PA,,[],vientiane-caf-11220
1322,"Vijayawada Mess Indian Cuisine",vijayawadamess,https://lumina.viberyte.com/partner/1322,none,Philadelphia,PA,,[],vijayawada-mess-indian-cuisine-11237
1336,"Village Whiskey",villagewhiskey,https://lumina.viberyte.com/partner/1336,none,Philadelphia,PA,,[],village-whiskey-11257
1323,"Virasat Haveli",havelivirasat_,https://lumina.viberyte.com/partner/1323,none,Philadelphia,PA,,"[""live-music""]",virasat-haveli-11240
1110,"Voyeur Nightclub",voyeurphilly,https://lumina.viberyte.com/partner/1110,none,Philadelphia,PA,,"[""edm"",""top-40""]",voyeur-nightclub-10873
1140,"Wicked Wolf",media,https://lumina.viberyte.com/partner/1140,none,Philadelphia,PA,,"[""mixed""]",wicked-wolf-10915
1206,Wilder,wilderphilly,https://lumina.viberyte.com/partner/1206,none,Philadelphia,PA,,[],wilder-11004
1122,"Woody's",woodysphilly,https://lumina.viberyte.com/partner/1122,none,Philadelphia,PA,,"[""mixed""]",woody-s-10889
1183,"World Cafe Live",worldcafelive,https://lumina.viberyte.com/partner/1183,none,Philadelphia,PA,,"[""live-music""]",world-cafe-live-10974
1231,"Yuhiro Omakase Sushi",yuhirosushi,https://lumina.viberyte.com/partner/1231,none,Philadelphia,PA,,[],yuhiro-omakase-sushi-11046
1200,Zahav,zahavrestaurant,https://lumina.viberyte.com/partner/1200,none,Philadelphia,PA,,[],zahav-10994
1263,"Zuzu's Kitchen",zuzuskitchen,https://lumina.viberyte.com/partner/1263,none,Philadelphia,PA,,[],zuzu-s-kitchen-11131
1151,a.bar,a.barphilly,https://lumina.viberyte.com/partner/1151,none,Philadelphia,PA,,"[""hip-hop"",""dancehall""]",a-bar-10929
1149,a.kitchen+bar,a.kitchenphilly,https://lumina.viberyte.com/partner/1149,none,Philadelphia,PA,,[],a-kitchen-bar-10927
198,"Agricola Eatery",agricolaeatery,https://lumina.viberyte.com/partner/198,none,Princeton,NJ,"[""upscale"",""trendy"",""vibrant""]",[],agricola-eatery-1598
1370,00:00,hwaneeplaylist,https://lumina.viberyte.com/partner/1370,none,Queens,,"[""lively"",""vibrant"",""energetic"",""social""]","[""hip-hop"",""afrobeats"",""reggaeton""]",00-00-11337
1993,56709,56709nyc,https://lumina.viberyte.com/partner/1993,none,Queens,NY,"[""intimate"", ""trendy""]",,56709-12890
2026,"Aanch Indian & Asian Fusion",aanchasianfusion,https://lumina.viberyte.com/partner/2026,none,Queens,NY,"[""casual"", ""family""]",,aanch-indian-asian-fusion-12923
2030,"Adam's Chicken & Pocha",adamschicknpocha,https://lumina.viberyte.com/partner/2030,none,Queens,NY,"[""casual"", ""family""]",,adam-s-chicken-pocha-12927
733,"Aftermath NYC",aftermath.nyc,https://lumina.viberyte.com/partner/733,none,Queens,NY,"[""intimate"",""trendy"",""vibrant"",""cozy"",""hidden-gem""]","[""hip-hop"",""r&b"",""afrobeats"",""latin"",""house""]",aftermath-nyc-3112
1989,"Agenda Restaurant",agenda.astoria,https://lumina.viberyte.com/partner/1989,none,Queens,NY,"[""lively"", ""group_friendly""]",,agenda-restaurant-12886
2050,Aliada,aliadarestaurant,https://lumina.viberyte.com/partner/2050,none,Queens,NY,"[""upscale"", ""intimate""]",,aliada-12947
2044,"Alley 41 蜀巷",alley41official,https://lumina.viberyte.com/partner/2044,none,Queens,NY,"[""intimate"", ""cultural""]",,alley-41-12941
1987,"Amaru Bar",amarupisco,https://lumina.viberyte.com/partner/1987,none,Queens,NY,"[""casual"", ""lively""]",,amaru-bar-12884
2055,"American Brass",american_brass,https://lumina.viberyte.com/partner/2055,none,Queens,NY,"[""upscale"", ""brunch_spot""]",,american-brass-12952
2023,Angel,angel_indian_restaurant,https://lumina.viberyte.com/partner/2023,none,Queens,NY,"[""cultural"", ""family""]",,angel-12920
1783,"Arepa Lady",arepalady,https://lumina.viberyte.com/partner/1783,none,Queens,NY,"[""casual"", ""cultural""]",,arepa-lady-12680
2037,Ariyoshi,ariyoshi_japan,https://lumina.viberyte.com/partner/2037,none,Queens,NY,"[""casual"", ""family""]",,ariyoshi-12934
707,"Austin's Ale House",austinsalehousekg,https://lumina.viberyte.com/partner/707,none,Queens,NY,"[""casual"",""vibrant"",""social""]","[""house""]",austin-s-ale-house-3061
2009,"Ayy Chihuahua",ayychihuahuaofficial,https://lumina.viberyte.com/partner/2009,none,Queens,NY,"[""lively"", ""brunch_spot""]",,ayy-chihuahua-12906
2034,"BKNY Thai Restaurant",bknythai,https://lumina.viberyte.com/partner/2034,none,Queens,NY,"[""upscale"", ""group_friendly""]",,bkny-thai-restaurant-12931
700,"BLEND LOUNGE",blendloungeny,https://lumina.viberyte.com/partner/700,none,Queens,NY,,"[""afrobeats"",""hip-hop"",""dancehall"",""soca"",""top-40""]",blend-lounge-3053
2047,"Bahari Estiatorio",bahariestiatorio,https://lumina.viberyte.com/partner/2047,none,Queens,NY,"[""upscale"", ""group_friendly""]",,bahari-estiatorio-12944
1996,"Bar Dalia",bardalianyc,https://lumina.viberyte.com/partner/1996,none,Queens,NY,"[""upscale"", ""intimate""]",,bar-dalia-12893
731,"Bar Enzo",barenzo.nyc,https://lumina.viberyte.com/partner/731,none,Queens,NY,"[""trendy"",""vibrant"",""lively"",""instagram-worthy""]","[""hip-hop"",""latin"",""house"",""edm""]",bar-enzo-3110
773,"Barkada Social Club",barkadasocialclub,https://lumina.viberyte.com/partner/773,none,Queens,NY,,[],barkada-social-club-3183
766,"Barrotta’s Supper Club",barrottasupperclub,https://lumina.viberyte.com/partner/766,none,Queens,NY,,[],barrotta-s-supper-club-3172
1786,"Beija Flor",beijaflorlic,https://lumina.viberyte.com/partner/1786,none,Queens,NY,"[""lively"", ""cultural""]",,beija-flor-12683
1986,"Blend Astoria",blendastoria,https://lumina.viberyte.com/partner/1986,none,Queens,NY,"[""trendy"", ""family""]",,blend-astoria-12883
735,"Bloom Botanical Bistro",bloom_bistro.ny,https://lumina.viberyte.com/partner/735,none,Queens,NY,,[],bloom-botanical-bistro-3129
1403,"Bohemian Hall Beer Garden",bohemianbeergarden,https://lumina.viberyte.com/partner/1403,none,Queens,,,House,bohemian-hall-beer-garden-11457
1404,"Bourbon Street",bourbonstreetny,https://lumina.viberyte.com/partner/1404,none,Queens,,,"Live Music",bourbon-street-11459
2015,"Brasa Peruvian Kitchen",brasaperuvian,https://lumina.viberyte.com/partner/2015,none,Queens,NY,"[""casual"", ""cultural""]",,brasa-peruvian-kitchen-12912
767,"C Kew Gardens | Restaurant Lounge Bar",ckewgardens,https://lumina.viberyte.com/partner/767,none,Queens,NY,,"ambient,lounge",c-kew-gardens-restaurant-loung-3175
772,"Cafe Premiata",cafepremiata,https://lumina.viberyte.com/partner/772,none,Queens,NY,,[],cafe-premiata-3182
765,"Café Henri",cafehenrilic,https://lumina.viberyte.com/partner/765,none,Queens,NY,,[],caf-henri-3171
1790,Caraotas,caraotasnyc,https://lumina.viberyte.com/partner/1790,none,Queens,NY,"[""cultural"", ""family""]",,caraotas-12687
2025,"Cardamom Indian Cuisine",cardamom.nyc,https://lumina.viberyte.com/partner/2025,none,Queens,NY,"[""casual"", ""family""]",,cardamom-indian-cuisine-12922
717,"Caribbean Soul",caribbeansoulnyc,https://lumina.viberyte.com/partner/717,none,Queens,NY,,"[""afrobeats"",""hip-hop"",""r&b"",""dancehall"",""soca""]",caribbean-soul-3081
747,"Casa Enrique",casaenrique,https://lumina.viberyte.com/partner/747,none,Queens,NY,,[],casa-enrique-3145
1413,Cassette,cassettenyc,https://lumina.viberyte.com/partner/1413,none,Queens,,"[""lively"",""trendy"",""energetic"",""social""]","[""hip-hop"",""r&b"",""afrobeats"",""dancehall""]",cassette-11481
709,"Cheap Shots Sports Bar & Lounge",cheapshotsqueens,https://lumina.viberyte.com/partner/709,none,Queens,NY,,"[""hip-hop""]",cheap-shots-sports-bar-lounge-3063
2000,"Chef B's",chefbs,https://lumina.viberyte.com/partner/2000,none,Queens,NY,"[""cultural"", ""intimate""]",,chef-b-s-12897
2062,"Churrasqueira Bairrada",churrasqueirabairrada,https://lumina.viberyte.com/partner/2062,none,Queens,NY,"[""upscale"", ""date_night""]",,churrasqueira-bairrada-12959
1995,"Claret Wine Bar",claretwinebar,https://lumina.viberyte.com/partner/1995,none,Queens,NY,"[""intimate"", ""upscale""]",,claret-wine-bar-12892
1988,"Coquito Blu",coquitoblu,https://lumina.viberyte.com/partner/1988,none,Queens,NY,"[""lively"", ""family""]",,coquito-blu-12885
1985,"D'antigua Restaurant Bar",dantiguany,https://lumina.viberyte.com/partner/1985,none,Queens,NY,"[""lively"", ""cultural""]",,d-antigua-restaurant-bar-12882
718,"Desert Rain Lounge",desertrainnyc,https://lumina.viberyte.com/partner/718,none,Queens,NY,"[""lively"",""vibrant"",""social""]","[""hip-hop"",""afrobeats"",""r&b""]",desert-rain-lounge-3082
759,"DiWine Natural Wine Bar & Restaurant",diwinebar,https://lumina.viberyte.com/partner/759,none,Queens,NY,,"jazz,acoustic",diwine-natural-wine-bar-restau-3161
764,"Dirty Pierre's",dirty_pierres,https://lumina.viberyte.com/partner/764,none,Queens,NY,,[],dirty-pierre-s-3170
708,"Drinkology NYC",drinkologynyc,https://lumina.viberyte.com/partner/708,none,Queens,NY,"[""lively"",""energetic"",""trendy""]","[""latin"",""hip-hop"",""dancehall""]",drinkology-nyc-3062
728,"Dutch Kills",dutchkillsbar,https://lumina.viberyte.com/partner/728,none,Queens,NY,"[""intimate"",""upscale"",""trendy"",""hidden-gem""]","[""afrobeats""]",dutch-kills-3107
2010,"El Coyote",elcoyoteone,https://lumina.viberyte.com/partner/2010,none,Queens,NY,"[""casual"", ""family""]",,el-coyote-12907
2011,"El Coyote_Forest Hills",elcoyote_foresthills,https://lumina.viberyte.com/partner/2011,none,Queens,NY,"[""casual"", ""family""]",,el-coyote-forest-hills-12908
1990,"El Paisa Bar",elpaisa.bar,https://lumina.viberyte.com/partner/1990,none,Queens,NY,"[""lively"", ""cultural""]",,el-paisa-bar-12887
52,Fabrika,FabrikaNY,https://lumina.viberyte.com/partner/52,none,Queens,NY,"[""vibrant"",""energetic"",""trendy"",""instagram-worthy""]","[""latin"",""hip-hop"",""reggaeton""]",fabrika-262
1787,"Favela Grill Steakhouse",favelagrill,https://lumina.viberyte.com/partner/1787,none,Queens,NY,"[""lively"", ""cultural""]",,favela-grill-steakhouse-12684
2008,Figlia,figlianyc,https://lumina.viberyte.com/partner/2008,none,Queens,NY,"[""upscale"", ""date_night""]",,figlia-12905
699,"Flamingo Restaurant and Lounge",flamingorestaurantlounge,https://lumina.viberyte.com/partner/699,none,Queens,NY,,"[""hip-hop"",""r&b"",""house""]",flamingo-restaurant-and-lounge-3049
753,"Fogo de Chão Brazilian Steakhouse",fogorestaurant,https://lumina.viberyte.com/partner/753,none,Queens,NY,,[],fogo-de-ch-o-brazilian-steakho-3152
702,"Forest Hills Station House",fhstationhouse,https://lumina.viberyte.com/partner/702,none,Queens,NY,"[""vibrant"",""community"",""lively""]","[""latin""]",forest-hills-station-house-3056
2007,"Fuzi Pasta co.",fuzipastaco,https://lumina.viberyte.com/partner/2007,none,Queens,NY,"[""upscale"", ""date_night""]",,fuzi-pasta-co-12904
226,"Ganhoo BBQ",ganhoobbq_flushing,https://lumina.viberyte.com/partner/226,none,Queens,NY,"[""vibrant"",""social""]",[],ganhoo-bbq-1954
2054,"Grill Point",grillpointny,https://lumina.viberyte.com/partner/2054,none,Queens,NY,"[""casual"", ""family""]",,grill-point-12951
2029,"Guk Su Jip 국수집 - 北方面家 - Cold Korean Noodle Naengmyeon (냉면) & Dolsot Bibimbap",guksujip,https://lumina.viberyte.com/partner/2029,none,Queens,NY,"[""cozy"", ""intimate""]",,guk-su-jip-cold-korean-noodle--12926
88,H0L0,h0l0.nyc,https://lumina.viberyte.com/partner/88,none,Queens,NY,"[""vibrant"",""energetic"",""underground""]","[""edm"",""house"",""soca""]",h0l0-685
1672,"Heat Caribbean Kitchen & Lounge",heat_kitchen,https://lumina.viberyte.com/partner/1672,none,Queens,NY,"[""lively"", ""cultural""]",,heat-caribbean-kitchen-lounge-12569
2041,"Honzen - Japanese Eatery",honzenny,https://lumina.viberyte.com/partner/2041,none,Queens,NY,"[""upscale"", ""intimate""]",,honzen-japanese-eatery-12938
723,"House Of Hookah",weebly,https://lumina.viberyte.com/partner/723,none,Queens,NY,,"[""afrobeats"",""hip-hop"",""live-band""]",house-of-hookah-3100
1983,"Hush Restaurant & Lounge",hushlongisland,https://lumina.viberyte.com/partner/1983,none,Queens,NY,"[""upscale"", ""lively""]",,hush-restaurant-lounge-12880
732,"IYKYK Forest Hills",iykyk_lounge,https://lumina.viberyte.com/partner/732,none,Queens,NY,"[""trendy"",""cozy"",""exclusive"",""hidden-gem""]","[""hip-hop"",""r&b""]",iykyk-forest-hills-3111
760,"Il Bacco",ilbaccony,https://lumina.viberyte.com/partner/760,none,Queens,NY,,[],il-bacco-3162
750,"Il Toscano",iltoscano_ristorante,https://lumina.viberyte.com/partner/750,none,Queens,NY,,[],il-toscano-3149
720,"Impulse Lounge",impulseloungenyc,https://lumina.viberyte.com/partner/720,none,Queens,NY,,"[""hip-hop"",""house""]",impulse-lounge-3086
768,"Inca Paisa",incapaisany,https://lumina.viberyte.com/partner/768,none,Queens,NY,,[],inca-paisa-3176
2036,"Izakaya Nana",izakayanana,https://lumina.viberyte.com/partner/2036,none,Queens,NY,"[""upscale"", ""date_night""]",,izakaya-nana-12933
745,"Jade Eatery And Lounge",jadeeatery,https://lumina.viberyte.com/partner/745,none,Queens,NY,,"[""house"",""top-40""]",jade-eatery-and-lounge-3141
1778,Jora,jorarestaurant,https://lumina.viberyte.com/partner/1778,none,Queens,NY,"[""upscale"", ""trendy""]",,jora-12675
151,Kaizen,kaizen_ny,https://lumina.viberyte.com/partner/151,none,Queens,NY,"[""intimate"",""trendy"",""upscale"",""instagram-worthy""]",[],kaizen-1280
41,Kakes,kakesnyc,https://lumina.viberyte.com/partner/41,none,Queens,NY,"[""vibrant"",""chill"",""social"",""trendy""]","[""hip-hop"",""r&b"",""afrobeats""]",kakes-185
1558,"Kantu Peruvian Cuisine Restaurant",kanturestaurant,https://lumina.viberyte.com/partner/1558,none,Queens,NY,"[""cultural"", ""family""]",,kantu-peruvian-cuisine-restaur-12455
2031,"Karaoke Shout",karaokeshout,https://lumina.viberyte.com/partner/2031,none,Queens,NY,"[""lively"", ""group_friendly""]",,karaoke-shout-12928
752,"King David Restaurant",kingdavid.restaurant,https://lumina.viberyte.com/partner/752,none,Queens,NY,,[],king-david-restaurant-3151
1357,"Knockdown Center",knockdowncenter,https://lumina.viberyte.com/partner/1357,none,Queens,,"[""vibrant"",""industrial"",""lively""]","[""live-music"",""rock""]",knockdown-center-11291
2028,"Kuku Korean Cuisine Forest Hills",kuku.korean,https://lumina.viberyte.com/partner/2028,none,Queens,NY,"[""upscale"", ""trendy""]",,kuku-korean-cuisine-forest-hil-12925
758,"La Baraka",labaraka_bonjour,https://lumina.viberyte.com/partner/758,none,Queens,NY,,[],la-baraka-3160
2021,"La Esquina Criolla 2",laesquinacriollanyc,https://lumina.viberyte.com/partner/2021,none,Queens,NY,"[""casual"", ""family""]",,la-esquina-criolla-2-12918
2013,"Laly's Restaurant",lalysrestaurant,https://lumina.viberyte.com/partner/2013,none,Queens,NY,"[""casual"", ""brunch_spot""]",,laly-s-restaurant-12910
2045,"Lao Chengdu Spicy Food",laochengdunyc,https://lumina.viberyte.com/partner/2045,none,Queens,NY,"[""casual"", ""cultural""]",,lao-chengdu-spicy-food-12942
714,"Leaf Bar & Lounge",leafloungenyc,https://lumina.viberyte.com/partner/714,none,Queens,NY,,"[""soca""]",leaf-bar-lounge-3071
719,"Legacy Hookah Lounge & Bistro",legacyastoria,https://lumina.viberyte.com/partner/719,none,Queens,NY,"[""vibrant"",""social"",""energetic""]","[""hip-hop"",""afrobeats"",""r&b""]",legacy-hookah-lounge-bistro-3084
771,"Lime and Salt Restaurant Bar",lime_andsalt,https://lumina.viberyte.com/partner/771,none,Queens,NY,,"[""latin"",""reggaeton"",""hip-hop""]",lime-and-salt-restaurant-bar-3181
748,"London Lennie's",londonlennies,https://lumina.viberyte.com/partner/748,none,Queens,NY,,[],london-lennie-s-3146
2019,"Los Arrieros",arrierosnyc,https://lumina.viberyte.com/partner/2019,none,Queens,NY,"[""family"", ""cultural""]",,los-arrieros-12916
2048,"Loukoumi Taverna",loukoumitavernanyc,https://lumina.viberyte.com/partner/2048,none,Queens,NY,"[""upscale"", ""intimate""]",,loukoumi-taverna-12945
2057,Ltauha,ltauharestaurant,https://lumina.viberyte.com/partner/2057,none,Queens,NY,"[""upscale"", ""casual""]",,ltauha-12954
204,Macoletta,macolettany,https://lumina.viberyte.com/partner/204,none,Queens,NY,"[""cozy"",""vibrant"",""social""]","[""live-music""]",macoletta-1673
705,"Maggie Mae's Bar",maggiemaesbar,https://lumina.viberyte.com/partner/705,none,Queens,NY,"[""lively"",""casual"",""vibrant""]","[""live-band"",""top-40""]",maggie-mae-s-bar-3059
2024,Mahal,mahalclassicindian,https://lumina.viberyte.com/partner/2024,none,Queens,NY,"[""upscale"", ""cultural""]",,mahal-12921
268,Maiella,MAIELLA_LIC,https://lumina.viberyte.com/partner/268,none,Queens,NY,"[""romantic"",""upscale""]","[""jazz"",""live-music"",""acoustic""]",maiella-2393
1557,"Mama Pisco",mamapisco.ny,https://lumina.viberyte.com/partner/1557,none,Queens,NY,"[""family"", ""cultural""]",,mama-pisco-12454
2046,"Mar's",wallgalleryat,https://lumina.viberyte.com/partner/2046,none,Queens,NY,"[""upscale"", ""date_night""]",,mar-s-12943
2049,"Maria's Mediterranean",marias_mediterranean,https://lumina.viberyte.com/partner/2049,none,Queens,NY,"[""casual"", ""family""]",,maria-s-mediterranean-12946
2040,"Masaaki | Japanese | Omakase",masaaki_nyc,https://lumina.viberyte.com/partner/2040,none,Queens,NY,"[""upscale"", ""intimate""]",,masaaki-japanese-omakase-12937
2051,"Mediterranean Restaurant & Bar - Relax Lounge",_relaxlounge,https://lumina.viberyte.com/partner/2051,none,Queens,NY,"[""intimate"", ""cultural""]",,mediterranean-restaurant-bar-r-12948
2059,Meju,meju.nyc,https://lumina.viberyte.com/partner/2059,none,Queens,NY,"[""upscale"", ""intimate""]",,meju-12956
2018,"Mi Cielito Colombiano",micielitocolombiano,https://lumina.viberyte.com/partner/2018,none,Queens,NY,"[""cultural"", ""family""]",,mi-cielito-colombiano-12915
737,"Mimoza Restaurant & Lounge",mimoza_astoria,https://lumina.viberyte.com/partner/737,none,Queens,NY,,"[""live-music"",""mixed""]",mimoza-restaurant-lounge-3132
2058,Mito,mitomodernasian,https://lumina.viberyte.com/partner/2058,none,Queens,NY,"[""upscale"", ""brunch_spot""]",,mito-12955
2038,"Mochiron Izakaya",mochiron_izakaya,https://lumina.viberyte.com/partner/2038,none,Queens,NY,"[""casual"", ""hidden_gem""]",,mochiron-izakaya-12935
710,"Moon Bar Rooftop",moonbarrooftop,https://lumina.viberyte.com/partner/710,none,Queens,NY,,"[""top-40""]",moon-bar-rooftop-3064
1994,Mosaic,mosaicastoria,https://lumina.viberyte.com/partner/1994,none,Queens,NY,"[""intimate"", ""trendy""]",,mosaic-12891
769,"Mrs. Georgia",mrsgeorgianyc,https://lumina.viberyte.com/partner/769,none,Queens,NY,,[],mrs-georgia-3179
701,"NYC Gentlemen's Club",nycgentlemensclub,https://lumina.viberyte.com/partner/701,none,Queens,NY,,"hip-hop,electronic,top-40",nyc-gentlemen-s-club-3055
711,"Neir's Tavern",neirstavern,https://lumina.viberyte.com/partner/711,none,Queens,NY,"[""casual"",""social"",""iconic""]","[""live-jazz""]",neir-s-tavern-3065
746,"Neo Restaurant",neo.restaurantny,https://lumina.viberyte.com/partner/746,none,Queens,NY,"[""upscale"",""trendy"",""vibrant""]","[""live-music""]",neo-restaurant-3143
742,"Nick's Bistro",nicks.bistro,https://lumina.viberyte.com/partner/742,none,Queens,NY,,[],nick-s-bistro-3137
763,"Oliver's Astoria",oliversastoria,https://lumina.viberyte.com/partner/763,none,Queens,NY,,[],oliver-s-astoria-3169
716,"One Bar And Lounge",onebarandloungenyc,https://lumina.viberyte.com/partner/716,none,Queens,NY,,"[""afrobeats"",""r&b"",""dancehall"",""soca""]",one-bar-and-lounge-3074
2052,Ovelia,oveliapsistaria,https://lumina.viberyte.com/partner/2052,none,Queens,NY,"[""casual"", ""family""]",,ovelia-12949
2014,"Pappa Gallo",mypappagallo,https://lumina.viberyte.com/partner/2014,none,Queens,NY,"[""upscale"", ""romantic""]",,pappa-gallo-12911
2001,"Park Side Restaurant",parksiderestaurant,https://lumina.viberyte.com/partner/2001,none,Queens,NY,"[""upscale"", ""family""]",,park-side-restaurant-12898
2020,"Patacon Pisao",pataconpisaonyc,https://lumina.viberyte.com/partner/2020,none,Queens,NY,"[""casual"", ""cultural""]",,patacon-pisao-12917
757,"Portofino Ristorante",portofinoristoranteforesthills,https://lumina.viberyte.com/partner/757,none,Queens,NY,,[],portofino-ristorante-3159
1383,"Prime Astoria",primeastoria,https://lumina.viberyte.com/partner/1383,none,Queens,,,Hip-Hop,prime-astoria-11379
738,"Queen’s Room",queensroomnyc,https://lumina.viberyte.com/partner/738,none,Queens,NY,,[],queen-s-room-3133
721,"RAAZ Hookah Lounge",leadrocket_crm,https://lumina.viberyte.com/partner/721,none,Queens,NY,"[""vibrant"",""cozy"",""social""]","[""hip-hop"",""afrobeats"",""r&b""]",raaz-hookah-lounge-3087
2060,"Rafaelis Palace",chefrafaeli,https://lumina.viberyte.com/partner/2060,none,Queens,NY,"[""upscale"", ""romantic""]",,rafaelis-palace-12957
2017,"Raices Colombianas restaurant",raicescolombianasnyc,https://lumina.viberyte.com/partner/2017,none,Queens,NY,"[""cultural"", ""family""]",,raices-colombianas-restaurant-12914
730,"Record Room",recordroom,https://lumina.viberyte.com/partner/730,none,Queens,NY,,"[""hip-hop""]",record-room-3109
89,"Record Room NYC",recordroomlic,https://lumina.viberyte.com/partner/89,none,Queens,NY,"[""intimate"",""trendy"",""upscale"",""cozy"",""exclusive""]","[""hip-hop"",""house"",""r&b"",""top-40""]",record-room-nyc-687
2042,"Red Sorghum 夜宴",redsorghumlic,https://lumina.viberyte.com/partner/2042,none,Queens,NY,"[""upscale"", ""intimate""]",,red-sorghum-12939
749,"Reef Restaurant & Bar",reef.restaurant.bar,https://lumina.viberyte.com/partner/749,none,Queens,NY,,[],reef-restaurant-bar-3148
1997,"Rosalie's Bar",rosaliesbar,https://lumina.viberyte.com/partner/1997,none,Queens,NY,"[""intimate"", ""lively""]",,rosalie-s-bar-12894
2027,"San Soo Kap San 2 | Korean BBQ Flushing | Korean Restaurant Flushing NY | 산수갑산2",sansookapsan2newyork,https://lumina.viberyte.com/partner/2027,none,Queens,NY,"[""family"", ""group_friendly""]",,san-soo-kap-san-2-korean-bbq-f-12924
558,"Sands of Persia Lounge & Restaurant",sandsofpersia_nyc,https://lumina.viberyte.com/partner/558,none,Queens,NY,"[""vibrant"",""cozy"",""trendy"",""energetic"",""instagram-worthy""]","[""hip-hop"",""r&b"",""afrobeats""]",sands-of-persia-lounge-restaur-2793
770,"Saranrom Thai",saranromthai,https://lumina.viberyte.com/partner/770,none,Queens,NY,,[],saranrom-thai-3180
2043,"Shanghai You Garden",shanghaiyougarden,https://lumina.viberyte.com/partner/2043,none,Queens,NY,"[""cultural"", ""family""]",,shanghai-you-garden-12940
2033,"Siam Thai eatery",siamthai_nyc,https://lumina.viberyte.com/partner/2033,none,Queens,NY,"[""upscale"", ""intimate""]",,siam-thai-eatery-12930
2016,"Simple Peruvian",simpleperuvian,https://lumina.viberyte.com/partner/2016,none,Queens,NY,"[""casual"", ""intimate""]",,simple-peruvian-12913
2002,SoleLuna,solelunanyc,https://lumina.viberyte.com/partner/2002,none,Queens,NY,"[""casual"", ""family""]",,soleluna-12899
2004,"Sotto Le Stelle",sottolestellenyc,https://lumina.viberyte.com/partner/2004,none,Queens,NY,"[""casual"", ""group_friendly""]",,sotto-le-stelle-12901
756,"Sotto la Luna",sottolalunanyc,https://lumina.viberyte.com/partner/756,none,Queens,NY,,[],sotto-la-luna-3158
2012,"Spanglish NYC Astoria",spanglish_nyc,https://lumina.viberyte.com/partner/2012,none,Queens,NY,"[""casual"", ""lively""]",,spanglish-nyc-astoria-12909
190,"Spot Dessert Bar",spotdessertbar,https://lumina.viberyte.com/partner/190,none,Queens,NY,"[""cozy"",""instagram-worthy"",""lively""]","[""mixed""]",spot-dessert-bar-1552
734,"Sugardaddy's Gentlemen's Club",sugardaddys_ny,https://lumina.viberyte.com/partner/734,none,Queens,NY,,"dance,hip hop,top 40",sugardaddy-s-gentlemen-s-club-3116
1391,"Summer Club at Ravel Hotel",summerclubnyc,https://lumina.viberyte.com/partner/1391,none,Queens,,,Hip-Hop,summer-club-at-ravel-hotel-11393
1999,"Sybil's Bakery & Restaurant",sybilshillside,https://lumina.viberyte.com/partner/1999,none,Queens,NY,"[""casual"", ""cultural""]",,sybil-s-bakery-restaurant-12896
722,"Taj Mahal Lounge",tajloungenyc,https://lumina.viberyte.com/partner/722,none,Queens,NY,"[""vibrant"",""casual"",""social""]","[""hip-hop"",""afrobeats"",""r&b"",""dancehall"",""soca"",""latin"",""live-band"",""top-40""]",taj-mahal-lounge-3088
712,"Tap House",taphousequeens,https://lumina.viberyte.com/partner/712,none,Queens,NY,"[""lively"",""casual"",""social""]","[""hip-hop"",""r&b"",""dancehall"",""house""]",tap-house-3067
1984,"Terraza 7",terraza_7,https://lumina.viberyte.com/partner/1984,none,Queens,NY,"[""intimate"", ""cultural""]",,terraza-7-12881
2035,"Thai social",thaisocial_nyc,https://lumina.viberyte.com/partner/2035,none,Queens,NY,"[""upscale"", ""intimate""]",,thai-social-12932
706,"The Bonnie",thebonniebar,https://lumina.viberyte.com/partner/706,none,Queens,NY,"[""vibrant"",""lively"",""social""]","[""hip-hop"",""r&b"",""dancehall""]",the-bonnie-3060
713,"The Brewery Bar & Kitchen",thebrewerynyc,https://lumina.viberyte.com/partner/713,none,Queens,NY,"[""vibrant"",""casual"",""social""]","[""hip-hop"",""dancehall"",""live-band""]",the-brewery-bar-kitchen-3070
1992,"The Compass",thecompassnyc,https://lumina.viberyte.com/partner/1992,none,Queens,NY,"[""intimate"", ""rooftop""]",,the-compass-12889
2022,"The Cuban",thecubanny,https://lumina.viberyte.com/partner/2022,none,Queens,NY,"[""lively"", ""date_night""]",,the-cuban-12919
754,"The Door",thedoorny,https://lumina.viberyte.com/partner/754,none,Queens,NY,,"[""live-music""]",the-door-3155
1695,"The Freakin Rican",thefreakinricanrestaurant,https://lumina.viberyte.com/partner/1695,none,Queens,NY,"[""casual"", ""cultural""]",,the-freakin-rican-12592
704,"The Goat Bar",thegoatbarnyc,https://lumina.viberyte.com/partner/704,none,Queens,NY,"[""lively"",""casual"",""social""]","[""hip-hop"",""house""]",the-goat-bar-3058
762,"The Grand",s,https://lumina.viberyte.com/partner/762,none,Queens,NY,,[],the-grand-3166
1998,"The Greats of Craft - LIC Warehouse",greatsofcraft,https://lumina.viberyte.com/partner/1998,none,Queens,NY,"[""upscale"", ""romantic"", ""rooftop""]",,the-greats-of-craft-lic-wareho-12895
727,"The Infamous",theinfamouslic,https://lumina.viberyte.com/partner/727,none,Queens,NY,"[""lively"",""trendy"",""social"",""vibrant""]","[""hip-hop"",""r&b"",""afrobeats"",""top-40""]",the-infamous-3106
726,"The Last Word",thelastword_astoria,https://lumina.viberyte.com/partner/726,none,Queens,NY,"[""intimate"",""cozy"",""hidden-gem""]","[""hip-hop"",""house"",""live-jazz""]",the-last-word-3105
1982,"The Lavish Venue",thelavishvenue,https://lumina.viberyte.com/partner/1982,none,Queens,NY,"[""lively"", ""group_friendly""]",,the-lavish-venue-12879
715,"The Local Bar",the.local.bar.astoria,https://lumina.viberyte.com/partner/715,none,Queens,NY,"[""lively"",""casual"",""social""]","[""mixed""]",the-local-bar-3073
729,"The Newsroom",newsroomny,https://lumina.viberyte.com/partner/729,none,Queens,NY,"[""vibrant"",""energetic"",""social""]","[""top-40"",""latin"",""house""]",the-newsroom-3108
725,"The Penthouse",theknot,https://lumina.viberyte.com/partner/725,none,Queens,NY,,"[""house""]",the-penthouse-3104
2056,"The Pomeroy",thepomeroynyc,https://lumina.viberyte.com/partner/2056,none,Queens,NY,"[""trendy"", ""casual""]",,the-pomeroy-12953
761,"The Queensboro",thequeensboro,https://lumina.viberyte.com/partner/761,none,Queens,NY,,"[""mixed""]",the-queensboro-3165
255,"The Rooftop",lostinparadiserooftop,https://lumina.viberyte.com/partner/255,none,Queens,NY,"[""vibrant"",""energetic"",""instagram-worthy""]","[""hip-hop"",""r&b""]",the-rooftop-2282
724,"The Rooftop at The Rockaway Hotel",therockawayhotel,https://lumina.viberyte.com/partner/724,none,Queens,NY,"[""vibrant"",""trendy"",""instagram-worthy""]","[""hip-hop"",""afrobeats""]",the-rooftop-at-the-rockaway-ho-3102
739,"The Sweet Sap",thesweetsap,https://lumina.viberyte.com/partner/739,none,Queens,NY,,[],the-sweet-sap-3134
743,"The Trestle",trestleastoria,https://lumina.viberyte.com/partner/743,none,Queens,NY,,[],the-trestle-3138
2061,"Toku Modern Asian Manhasset",tokurestaurants,https://lumina.viberyte.com/partner/2061,none,Queens,NY,"[""upscale"", ""lively""]",,toku-modern-asian-manhasset-12958
2006,"Trattoria 35",trattoria35,https://lumina.viberyte.com/partner/2006,none,Queens,NY,"[""intimate"", ""date_night""]",,trattoria-35-12903
267,"Truth Restaurant Astoria",truthastoria,https://lumina.viberyte.com/partner/267,none,Queens,NY,"[""lively"",""modern""]","[""pop"",""indie"",""acoustic""]",truth-restaurant-astoria-2391
751,"Uncle Jack's Steakhouse",unclejacks,https://lumina.viberyte.com/partner/751,none,Queens,NY,,[],uncle-jack-s-steakhouse-3150
2003,"Uncle Peter's",unclepeters,https://lumina.viberyte.com/partner/2003,none,Queens,NY,"[""casual"", ""family""]",,uncle-peter-s-12900
2032,"Unidentified Flying Chickens - JH",ufchicken,https://lumina.viberyte.com/partner/2032,none,Queens,NY,"[""casual"", ""lively""]",,unidentified-flying-chickens-j-12929
703,"Upstairs Cocktail Bar",upstairscocktailbar,https://lumina.viberyte.com/partner/703,none,Queens,NY,"[""lively"",""trendy"",""social"",""vibrant""]","[""hip-hop"",""afrobeats"",""reggaeton""]",upstairs-cocktail-bar-3057
755,"VITE vinosteria",vitevinosteria,https://lumina.viberyte.com/partner/755,none,Queens,NY,,[],vite-vinosteria-3156
2005,"Valdari Ristorante",valdarinyc,https://lumina.viberyte.com/partner/2005,none,Queens,NY,"[""upscale"", ""romantic""]",,valdari-ristorante-12902
111,"Vert Frais",squarespace,https://lumina.viberyte.com/partner/111,none,Queens,NY,"[""cozy"",""instagram-worthy"",""trendy""]",[],vert-frais-869
2039,"Watawa Sushi",watawasushi,https://lumina.viberyte.com/partner/2039,none,Queens,NY,"[""upscale"", ""date_night""]",,watawa-sushi-12936
740,"When in Bangkok",wib.nyc,https://lumina.viberyte.com/partner/740,none,Queens,NY,,[],when-in-bangkok-3135
744,"White Radish American Kitchen",whiteradishnyc,https://lumina.viberyte.com/partner/744,none,Queens,NY,,[],white-radish-american-kitchen-3140
173,"Zen Astoria",zen_astoria,https://lumina.viberyte.com/partner/173,none,Queens,NY,"[""upscale"",""trendy"",""vibrant""]",[],zen-astoria-1423
2053,"Zikrayat Restaurant & Lounge",zikrayatrestaurant,https://lumina.viberyte.com/partner/2053,none,Queens,NY,"[""upscale"", ""lively""]",,zikrayat-restaurant-lounge-12950
91,vida.nyc,vida.nyc,https://lumina.viberyte.com/partner/91,none,Queens,NY,"[""upscale"",""trendy"",""lively""]",[],vida-nyc-697
1098,"JBJ Soul Kitchen",jbjsoulkitchen,https://lumina.viberyte.com/partner/1098,none,"Red Bank",NJ,,[],jbj-soul-kitchen-10853
70,"Lula NJ",lula_nj,https://lumina.viberyte.com/partner/70,none,Ridgewood,NJ,"[""cozy"",""romantic"",""trendy""]",[],lula-nj-410
967,"Club Feathers",clubfeathers,https://lumina.viberyte.com/partner/967,none,"River Edge",NJ,,"hip-hop,house,top-40",club-feathers-3591
189,"El Asadero Mexican Grill",elasaderomexicangrillrochelle,https://lumina.viberyte.com/partner/189,none,"Rochelle Park",NJ,"[""vibrant"",""family-friendly"",""authentic""]","[""live-music""]",el-asadero-mexican-grill-1549
1968,Butterfish,butterfishsushi,https://lumina.viberyte.com/partner/1968,none,Rutherford,NJ,"[""upscale"", ""intimate""]",,butterfish-12865
1016,"Matisse 167",cafematisse167,https://lumina.viberyte.com/partner/1016,none,Rutherford,NJ,,[],matisse-167-3693
1018,"Saddle River Inn",saddleriverinn,https://lumina.viberyte.com/partner/1018,none,"Saddle River",NJ,,[],saddle-river-inn-3695
1019,"Bareli's Restaurant and Bar",barelisrestaurant,https://lumina.viberyte.com/partner/1019,none,Secaucus,NJ,,[],bareli-s-restaurant-and-bar-3696
1013,"Haute Dulce",hautedulce_,https://lumina.viberyte.com/partner/1013,none,Secaucus,NJ,,[],haute-dulce-3684
75,"Chai Qahwah Lounge",chaiqahwah,https://lumina.viberyte.com/partner/75,none,Selden,NY,"[""cozy"",""welcoming"",""hidden-gem""]",[],chai-qahwah-lounge-491
200,"Eataly New Jersey",eatalynewjersey,https://lumina.viberyte.com/partner/200,none,"Short Hills",NJ,"[""lively"",""upscale"",""trendy""]",[],eataly-new-jersey-1609
172,"Brunch by DeMartino",brunchbydemartino,https://lumina.viberyte.com/partner/172,none,Somerville,NJ,"[""vibrant"",""cozy"",""hidden-gem""]",[],brunch-by-demartino-1420
1954,"BayLeaf Redefined Indian Cuisine",bayleafnj,https://lumina.viberyte.com/partner/1954,none,"South Orange",NJ,"[""casual"", ""intimate""]",,bayleaf-redefined-indian-cuisi-12851
1041,"Bistro d'Azur",bistrodazur,https://lumina.viberyte.com/partner/1041,none,"South Orange",NJ,,[],bistro-d-azur-3787
79,"Shinjuku Station Sushi Bar",shinjukusushius,https://lumina.viberyte.com/partner/79,none,"South Plainfield",NJ,"[""vibrant"",""casual"",""fun""]",[],shinjuku-station-sushi-bar-590
825,"1001 Nights Cafe’ & Dessert",1001nightscafe,https://lumina.viberyte.com/partner/825,none,"Staten Island",NY,,"[""latin""]",1001-nights-cafe-dessert-3304
839,"Above Weddings",abovestatenisland,https://lumina.viberyte.com/partner/839,none,"Staten Island",NY,"[""trendy"",""upscale"",""lively"",""instagram-worthy""]","[""hip-hop"",""house""]",above-weddings-3341
841,"Angelina's Restaurant",angelinasristoranteny,https://lumina.viberyte.com/partner/841,none,"Staten Island",NY,"[""cozy"",""inviting"",""stylish""]","[""mixed""]",angelina-s-restaurant-3343
847,"Ariellas Restaurant",ariellasrestaurant,https://lumina.viberyte.com/partner/847,none,"Staten Island",NY,,[],ariellas-restaurant-3361
831,"BOTA Supper Club",botasupperclub,https://lumina.viberyte.com/partner/831,none,"Staten Island",NY,,[],bota-supper-club-3319
845,"BarCode Entertainment Complex",barcodenj,https://lumina.viberyte.com/partner/845,none,"Staten Island",NY,,"dance,electronic,pop",barcode-entertainment-complex-3350
857,"Blue Pearl",bluepearlnyc,https://lumina.viberyte.com/partner/857,none,"Staten Island",NY,,[],blue-pearl-3374
844,"Boriken Restaurant & Bar",borikennyc,https://lumina.viberyte.com/partner/844,none,"Staten Island",NY,,"salsa,merengue,reggaeton",boriken-restaurant-bar-3347
823,"Boulevard Lounge",boulevarddinernj,https://lumina.viberyte.com/partner/823,none,"Staten Island",NY,"[""trendy"",""upscale"",""cozy"",""vibrant""]","[""mixed""]",boulevard-lounge-3301
858,"Cafe Juliet",cafejulietnyc,https://lumina.viberyte.com/partner/858,none,"Staten Island",NY,,[],cafe-juliet-3378
867,"Cole's Dock Side",colesdockside,https://lumina.viberyte.com/partner/867,none,"Staten Island",NY,,[],cole-s-dock-side-3394
852,"Corrado's Cucina",corrados.cucina,https://lumina.viberyte.com/partner/852,none,"Staten Island",NY,,[],corrado-s-cucina-3369
854,"Da Noi",danoinyc,https://lumina.viberyte.com/partner/854,none,"Staten Island",NY,,[],da-noi-3371
851,"Don Cheech",doncheechny,https://lumina.viberyte.com/partner/851,none,"Staten Island",NY,,[],don-cheech-3367
827,"Eve Ultra Lounge",eveultraloungeny,https://lumina.viberyte.com/partner/827,none,"Staten Island",NY,"[""lively"",""trendy"",""energetic"",""social""]","[""hip-hop"",""afrobeats"",""reggaeton"",""house""]",eve-ultra-lounge-3308
850,"Fava Restaurant",favastatenisland,https://lumina.viberyte.com/partner/850,none,"Staten Island",NY,,[],fava-restaurant-3366
861,"Fina's Farmhouse",finasfarmhouse,https://lumina.viberyte.com/partner/861,none,"Staten Island",NY,,[],fina-s-farmhouse-3381
860,"Harvest Cafe",harvestcafesiny,https://lumina.viberyte.com/partner/860,none,"Staten Island",NY,,[],harvest-cafe-3380
838,"Istanbul Bay Authentic Mediterranean Restaurant",istanbulbay_authentic,https://lumina.viberyte.com/partner/838,none,"Staten Island",NY,,[],istanbul-bay-authentic-mediter-3340
859,"J's On The Bay",jsonthebaysiny,https://lumina.viberyte.com/partner/859,none,"Staten Island",NY,,[],j-s-on-the-bay-3379
866,"Jody's Club Forest",jodysclubforest,https://lumina.viberyte.com/partner/866,none,"Staten Island",NY,,[],jody-s-club-forest-3392
840,"Kills Boro Brewing Company",killsboro,https://lumina.viberyte.com/partner/840,none,"Staten Island",NY,"[""cozy"",""local""]","[""mixed""]",kills-boro-brewing-company-3342
261,"Laila Restaurant And Lounge",laila_restaurantny,https://lumina.viberyte.com/partner/261,none,"Staten Island",NY,"[""trendy"",""lively"",""instagram-worthy"",""cozy""]","[""afrobeats"",""hip-hop"",""r&b""]",laila-restaurant-and-lounge-2339
836,"Marina Cafe Restaurant & Tiki Bar",marinacafesiny,https://lumina.viberyte.com/partner/836,none,"Staten Island",NY,,"[""live-band"",""top-40""]",marina-cafe-restaurant-tiki-ba-3334
855,"Max's Es-ca",maxsesca,https://lumina.viberyte.com/partner/855,none,"Staten Island",NY,,[],max-s-es-ca-3372
849,"Mello Bistro",mellobistro_,https://lumina.viberyte.com/partner/849,none,"Staten Island",NY,"[""cozy"",""intimate"",""trendy""]",[],mello-bistro-3363
846,"Osteria by Primo",osteriabyprimo,https://lumina.viberyte.com/partner/846,none,"Staten Island",NY,,[],osteria-by-primo-3359
828,"Paradise Island",paradiseislandsiny,https://lumina.viberyte.com/partner/828,none,"Staten Island",NY,,"[""house""]",paradise-island-3314
837,"Patrizia's Of Tottenville",patriziasrestaurants,https://lumina.viberyte.com/partner/837,none,"Staten Island",NY,"[""trendy"",""lively"",""social""]","[""hip-hop"",""r&b""]",patrizia-s-of-tottenville-3335
832,"Ralph's Sports Bar",ralphssportsbarsi,https://lumina.viberyte.com/partner/832,none,"Staten Island",NY,"[""lively"",""casual"",""social""]","[""hip-hop"",""dancehall""]",ralph-s-sports-bar-3327
856,"Raval Steakhouse",raval_steakhouse,https://lumina.viberyte.com/partner/856,none,"Staten Island",NY,,[],raval-steakhouse-3373
842,"Ruddy & Dean American Steakhouse",ruddyanddean,https://lumina.viberyte.com/partner/842,none,"Staten Island",NY,"[""trendy"",""lively"",""social""]","[""hip-hop"",""r&b""]",ruddy-dean-american-steakhouse-3344
862,"Sally's Southern & BBQ",sallyssouthernnyc,https://lumina.viberyte.com/partner/862,none,"Staten Island",NY,,[],sally-s-southern-bbq-3382
833,"Steiny's Pub",steinyspub,https://lumina.viberyte.com/partner/833,none,"Staten Island",NY,"[""lively"",""casual"",""friendly""]","[""mixed""]",steiny-s-pub-3328
824,"The Alchemist Cocktail Lounge",alchemistloungenyc,https://lumina.viberyte.com/partner/824,none,"Staten Island",NY,"[""trendy"",""lively"",""social""]","[""hip-hop"",""afrobeats"",""r&b""]",the-alchemist-cocktail-lounge-3302
865,"The Belvedere Club",belvedereclub,https://lumina.viberyte.com/partner/865,none,"Staten Island",NY,,[],the-belvedere-club-3390
863,"The Historic Old Bermuda Inn",oldbermudainn,https://lumina.viberyte.com/partner/863,none,"Staten Island",NY,,[],the-historic-old-bermuda-inn-3385
830,"The Hop Shoppe",mindblister,https://lumina.viberyte.com/partner/830,none,"Staten Island",NY,"[""lively"",""casual"",""social""]","[""edm""]",the-hop-shoppe-3316
848,"The Stone House at Clove Lakes",thestonehouseatclovelakes,https://lumina.viberyte.com/partner/848,none,"Staten Island",NY,,[],the-stone-house-at-clove-lakes-3362
835,"Tommys Tavern + Tap",tommystaverntap,https://lumina.viberyte.com/partner/835,none,"Staten Island",NY,"[""lively"",""social"",""welcoming""]","[""hip-hop""]",tommys-tavern-tap-3332
829,"Trackside Bar & Grill",tracksidebarandgrill,https://lumina.viberyte.com/partner/829,none,"Staten Island",NY,"[""lively"",""energetic"",""social""]","[""hip-hop"",""dancehall"",""house""]",trackside-bar-grill-3315
826,"Unique Lounge & Billiards",uniquelounge,https://lumina.viberyte.com/partner/826,none,"Staten Island",NY,"[""casual"",""friendly"",""relaxed""]","[""mixed""]",unique-lounge-billiards-3305
853,"Villa Paradiso Ristorante Italiano",villa_paradiso_ristorante,https://lumina.viberyte.com/partner/853,none,"Staten Island",NY,,[],villa-paradiso-ristorante-ital-3370
864,"Zara Forest Grill",zaragrillforest,https://lumina.viberyte.com/partner/864,none,"Staten Island",NY,,[],zara-forest-grill-3387
834,"the Rock House bar and grill",therockhousebarandgrill,https://lumina.viberyte.com/partner/834,none,"Staten Island",NY,"[""lively"",""casual"",""social""]","[""live-band""]",the-rock-house-bar-and-grill-3329
72,"Sweet T’s Southern Eatery",wix,https://lumina.viberyte.com/partner/72,none,Teaneck,NJ,"[""intimate"",""romantic"",""cozy""]",[],sweet-t-s-southern-eatery-463
1017,"The 130 Club",the130clubnj,https://lumina.viberyte.com/partner/1017,none,Tenafly,NJ,,"[""live-music""]",the-130-club-3694
220,"Calabria Pork Store",calabriaporkstorebx,https://lumina.viberyte.com/partner/220,none,"The Bronx",NY,"[""iconic"",""casual""]",[],calabria-pork-store-1869
221,"Casa della Mozzarella",casadellamozzarella,https://lumina.viberyte.com/partner/221,none,"The Bronx",NY,"[""cozy"",""hidden-gem""]",[],casa-della-mozzarella-1873
44,"Colima Taqueria",colimataqueria,https://lumina.viberyte.com/partner/44,none,"The Bronx",NY,"[""vibrant"",""energetic"",""social""]","[""latin"",""reggaeton""]",colima-taqueria-226
784,"Misto Restaurant and Bar",mistonyc,https://lumina.viberyte.com/partner/784,none,"The Bronx",NY,,[],misto-restaurant-and-bar-3214
793,"Republica Restaurant Rooftop & Lounge",republica_nyc,https://lumina.viberyte.com/partner/793,none,"The Bronx",NY,"[""vibrant"",""lively"",""trendy"",""social""]","[""latin"",""reggaeton"",""hip-hop""]",republica-restaurant-rooftop-l-3234
816,"Royal 35 Steakhouse",royal35steakhouse,https://lumina.viberyte.com/partner/816,none,"The Bronx",NY,,[],royal-35-steakhouse-3287
217,"Travesias NYC",travesiasnyc,https://lumina.viberyte.com/partner/217,none,"The Bronx",NY,"[""vibrant"",""trendy"",""casual""]","[""latin"",""hip-hop"",""afrobeats""]",travesias-nyc-1845
1059,"46 Lounge",46lounge,https://lumina.viberyte.com/partner/1059,none,Totowa,NJ,,"electronic,hip-hop,top-40",46-lounge-3828
225,"Jinya Ramen Bar",jinyaramenbar,https://lumina.viberyte.com/partner/225,none,Totowa,NJ,"[""cozy"",""friendly"",""trendy""]",[],jinya-ramen-bar-1932
1973,SOUVLAQUERIA,souvlaqueria,https://lumina.viberyte.com/partner/1973,none,Union,NJ,"[""upscale"", ""group_friendly""]",,souvlaqueria-12870
957,"Fork Hill Kitchen",forkhillkitchen,https://lumina.viberyte.com/partner/957,none,"Union City",NJ,,[],fork-hill-kitchen-3575
961,"Garden Cafe and Bistro",toasttab,https://lumina.viberyte.com/partner/961,none,"Union City",NJ,,[],garden-cafe-and-bistro-3581
950,"Maria Mentiras Bar & Grill",mariamentiras,https://lumina.viberyte.com/partner/950,none,"Union City",NJ,,"[""latin"",""reggaeton"",""mixed""]",maria-mentiras-bar-grill-3553
952,"The Cuban Restaurant and Bar",thecubanuc,https://lumina.viberyte.com/partner/952,none,"Union City",NJ,,"[""latin"",""reggaeton""]",the-cuban-restaurant-and-bar-3561
162,"Le Chalet",lavenueatsaks,https://lumina.viberyte.com/partner/162,none,"Upstate New York",NY,"[""cozy"",""upscale"",""romantic""]",[],le-chalet-1361
123,"Palazzone 1960",palazzone_1960,https://lumina.viberyte.com/partner/123,none,Wayne,NJ,"[""cozy"",""welcoming"",""authentic""]",[],palazzone-1960-1021
955,"Chickpea Grill",chickpea_grill,https://lumina.viberyte.com/partner/955,none,Weehawken,NJ,,[],chickpea-grill-3572
946,"Drift Restaurant & Bar",driftrestaurant,https://lumina.viberyte.com/partner/946,none,Weehawken,NJ,,[],drift-restaurant-bar-3546
947,"Faubourg Weehawken",faubourgnj,https://lumina.viberyte.com/partner/947,none,Weehawken,NJ,"[""vibrant"",""energetic"",""trendy""]","[""hip-hop"",""afrobeats"",""reggaeton""]",faubourg-weehawken-3548
963,"Gotan Weehawken",gotannyc,https://lumina.viberyte.com/partner/963,none,Weehawken,NJ,,[],gotan-weehawken-3584
945,"Hudson Blue Bar & View",hudsonbluebar,https://lumina.viberyte.com/partner/945,none,Weehawken,NJ,"[""vibrant"",""lively"",""trendy"",""instagram-worthy"",""energetic""]","[""hip-hop"",""r&b"",""afrobeats"",""latin""]",hudson-blue-bar-view-3545
1645,Molos,molosrestaurant,https://lumina.viberyte.com/partner/1645,none,Weehawken,NJ,"[""upscale"", ""waterfront""]",,molos-12542
949,"The Highwood",the_highwood,https://lumina.viberyte.com/partner/949,none,Weehawken,NJ,"[""upscale"",""trendy"",""vibrant"",""instagram-worthy""]","[""hip-hop"",""r&b"",""afrobeats"",""latin""]",the-highwood-3551
901,"Chart House",charthouserestaurants,https://lumina.viberyte.com/partner/901,none,"Weehawken Township",NJ,,[],chart-house-3454
966,"Urban Taqueria",urbantaquerianj,https://lumina.viberyte.com/partner/966,none,"Weehawken Township",NJ,,[],urban-taqueria-3589
126,bluonthehudson,bluonthehudson,https://lumina.viberyte.com/partner/126,none,"Weehawken Township",NJ,"[""upscale"",""trendy"",""instagram-worthy""]","[""mixed"",""top-40""]",bluonthehudson-1026
958,"Ñaños593 Restaurant & Grill",nanos593restaurantgrill,https://lumina.viberyte.com/partner/958,none,"Weehawken Township",NJ,,"[""live-music""]",a-os593-restaurant-grill-3577
1782,"Mi Rinconcito Colombiano",mirinconcitocolombiano,https://lumina.viberyte.com/partner/1782,none,"West New York",NY,"[""lively"", ""cultural""]",,mi-rinconcito-colombiano-12679
956,"Son Cubano Modern-Cuban Cuisine",soncubanonj,https://lumina.viberyte.com/partner/956,none,"West New York",NJ,,"[""live-music""]",son-cubano-modern-cuban-cuisin-3573
99,"The Shed",theshedrestaurant,https://lumina.viberyte.com/partner/99,none,Westbury,NY,"[""trendy"",""lively"",""casual""]","[""pop"",""rock""]",the-shed-753
1955,"Spice Bazaar - Modern Indian Dining",spicebazaarnj,https://lumina.viberyte.com/partner/1955,none,Westfield,NJ,"[""upscale"", ""family""]",,spice-bazaar-modern-indian-din-12852
50,"The Concourse Club",concourseclub,https://lumina.viberyte.com/partner/50,none,Wood-Ridge,NJ,"[""vibrant"",""upscale"",""trendy"",""instagram-worthy""]","[""hip-hop"",""dancehall""]",the-concourse-club-257
